Tanggal,Wilayah,Seri,Penjualan Harian (Unit),Sumber
2024-01-01,Asia,Redmi,156646,Estimasi berbasis shipment Xiaomi 2024 dan struktur wilayah IDC
2024-01-01,Europe,Redmi,64819,Estimasi berbasis shipment Xiaomi 2024 dan struktur wilayah IDC
2024-01-01,Latin America,Redmi,27008,Estimasi berbasis shipment Xiaomi 2024 dan struktur wilayah IDC
2024-01-01,Middle East & Africa,Redmi,21606,Estimasi berbasis shipment Xiaomi 2024 dan struktur wilayah IDC
2024-01-01,Asia,Xiaomi Flagship,18472,Estimasi berbasis shipment Xiaomi 2024 dan struktur wilayah IDC
2024-01-01,Europe,Xiaomi Flagship,7644,Estimasi berbasis shipment Xiaomi 2024 dan struktur wilayah IDC
2024-01-01,Latin America,Xiaomi Flagship,3185,Estimasi berbasis shipment Xiaomi 2024 dan struktur wilayah IDC
2024-01-01,Middle East & Africa,Xiaomi Flagship,2548,Estimasi berbasis shipment Xiaomi 2024 dan struktur wilayah IDC
2024-01-01,Asia,POCO,26354,Estimasi berbasis shipment Xiaomi 2024 dan struktur wilayah IDC
2024-01-01,Europe,POCO,10905,Estimasi berbasis shipment Xiaomi 2024 dan struktur wilayah IDC
2024-01-01,Latin America,POCO,4544,Estimasi berbasis shipment Xiaomi 2024 dan struktur wilayah IDC
2024-01-01,Middle East & Africa,POCO,3635,Estimasi berbasis shipment Xiaomi 2024 dan struktur wilayah IDC
2024-01-01,Asia,Black Shark,4187,Estimasi berbasis shipment Xiaomi 2024 dan struktur wilayah IDC
2024-01-01,Europe,Black Shark,1733,Estimasi berbasis shipment Xiaomi 2024 dan struktur wilayah IDC
2024-01-01,Latin America,Black Shark,722,Estimasi berbasis shipment Xiaomi 2024 dan struktur wilayah IDC
2024-01-01,Middle East & Africa,Black Shark,578,Estimasi berbasis shipment Xiaomi 2024 dan struktur wilayah IDC
2024-01-01,Asia,Other,16009,Estimasi berbasis shipment Xiaomi 2024 dan struktur wilayah IDC
2024-01-01,Europe,Other,6625,Estimasi berbasis shipment Xiaomi 2024 dan struktur wilayah IDC
2024-01-01,Latin America,Other,2760,Estimasi berbasis shipment Xiaomi 2024 dan struktur wilayah IDC
2024-01-01,Middle East & Africa,Other,2208,Estimasi berbasis shipment Xiaomi 2024 dan struktur wilayah IDC
2024-01-02,Asia,Redmi,167213,Estimasi berbasis shipment Xiaomi 2024 dan struktur wilayah IDC
2024-01-02,Europe,Redmi,69192,Estimasi berbasis shipment Xiaomi 2024 dan struktur wilayah IDC
2024-01-02,Latin America,Redmi,28830,Estimasi berbasis shipment Xiaomi 2024 dan struktur wilayah IDC
2024-01-02,Middle East & Africa,Redmi,23064,Estimasi berbasis shipment Xiaomi 2024 dan struktur wilayah IDC
2024-01-02,Asia,Xiaomi Flagship,19719,Estimasi berbasis shipment Xiaomi 2024 dan struktur wilayah IDC
2024-01-02,Europe,Xiaomi Flagship,8159,Estimasi berbasis shipment Xiaomi 2024 dan struktur wilayah IDC
2024-01-02,Latin America,Xiaomi Flagship,3400,Estimasi berbasis shipment Xiaomi 2024 dan struktur wilayah IDC
2024-01-02,Middle East & Africa,Xiaomi Flagship,2720,Estimasi berbasis shipment Xiaomi 2024 dan struktur wilayah IDC
2024-01-02,Asia,POCO,28132,Estimasi berbasis shipment Xiaomi 2024 dan struktur wilayah IDC
2024-01-02,Europe,POCO,11641,Estimasi berbasis shipment Xiaomi 2024 dan struktur wilayah IDC
2024-01-02,Latin America,POCO,4850,Estimasi berbasis shipment Xiaomi 2024 dan struktur wilayah IDC
2024-01-02,Middle East & Africa,POCO,3880,Estimasi berbasis shipment Xiaomi 2024 dan struktur wilayah IDC
2024-01-02,Asia,Black Shark,4470,Estimasi berbasis shipment Xiaomi 2024 dan struktur wilayah IDC
2024-01-02,Europe,Black Shark,1849,Estimasi berbasis shipment Xiaomi 2024 dan struktur wilayah IDC
2024-01-02,Latin America,Black Shark,771,Estimasi berbasis shipment Xiaomi 2024 dan struktur wilayah IDC
2024-01-02,Middle East & Africa,Black Shark,616,Estimasi berbasis shipment Xiaomi 2024 dan struktur wilayah IDC
2024-01-02,Asia,Other,17089,Estimasi berbasis shipment Xiaomi 2024 dan struktur wilayah IDC
2024-01-02,Europe,Other,7071,Estimasi berbasis shipment Xiaomi 2024 dan struktur wilayah IDC
2024-01-02,Latin America,Other,2946,Estimasi berbasis shipment Xiaomi 2024 dan struktur wilayah IDC
2024-01-02,Middle East & Africa,Other,2357,Estimasi berbasis shipment Xiaomi 2024 dan struktur wilayah IDC
2024-01-03,Asia,Redmi,162355,Estimasi berbasis shipment Xiaomi 2024 dan struktur wilayah IDC
2024-01-03,Europe,Redmi,67181,Estimasi berbasis shipment Xiaomi 2024 dan struktur wilayah IDC
2024-01-03,Latin America,Redmi,27992,Estimasi berbasis shipment Xiaomi 2024 dan struktur wilayah IDC
2024-01-03,Middle East & Africa,Redmi,22394,Estimasi berbasis shipment Xiaomi 2024 dan struktur wilayah IDC
2024-01-03,Asia,Xiaomi Flagship,19146,Estimasi berbasis shipment Xiaomi 2024 dan struktur wilayah IDC
2024-01-03,Europe,Xiaomi Flagship,7922,Estimasi berbasis shipment Xiaomi 2024 dan struktur wilayah IDC
2024-01-03,Latin America,Xiaomi Flagship,3301,Estimasi berbasis shipment Xiaomi 2024 dan struktur wilayah IDC
2024-01-03,Middle East & Africa,Xiaomi Flagship,2641,Estimasi berbasis shipment Xiaomi 2024 dan struktur wilayah IDC
2024-01-03,Asia,POCO,27314,Estimasi berbasis shipment Xiaomi 2024 dan struktur wilayah IDC
2024-01-03,Europe,POCO,11303,Estimasi berbasis shipment Xiaomi 2024 dan struktur wilayah IDC
2024-01-03,Latin America,POCO,4709,Estimasi berbasis shipment Xiaomi 2024 dan struktur wilayah IDC
2024-01-03,Middle East & Africa,POCO,3768,Estimasi berbasis shipment Xiaomi 2024 dan struktur wilayah IDC
2024-01-03,Asia,Black Shark,4340,Estimasi berbasis shipment Xiaomi 2024 dan struktur wilayah IDC
2024-01-03,Europe,Black Shark,1796,Estimasi berbasis shipment Xiaomi 2024 dan struktur wilayah IDC
2024-01-03,Latin America,Black Shark,748,Estimasi berbasis shipment Xiaomi 2024 dan struktur wilayah IDC
2024-01-03,Middle East & Africa,Black Shark,599,Estimasi berbasis shipment Xiaomi 2024 dan struktur wilayah IDC
2024-01-03,Asia,Other,16593,Estimasi berbasis shipment Xiaomi 2024 dan struktur wilayah IDC
2024-01-03,Europe,Other,6866,Estimasi berbasis shipment Xiaomi 2024 dan struktur wilayah IDC
2024-01-03,Latin America,Other,2861,Estimasi berbasis shipment Xiaomi 2024 dan struktur wilayah IDC
2024-01-03,Middle East & Africa,Other,2289,Estimasi berbasis shipment Xiaomi 2024 dan struktur wilayah IDC
2024-01-04,Asia,Redmi,159022,Estimasi berbasis shipment Xiaomi 2024 dan struktur wilayah IDC
2024-01-04,Europe,Redmi,65802,Estimasi berbasis shipment Xiaomi 2024 dan struktur wilayah IDC
2024-01-04,Latin America,Redmi,27418,Estimasi berbasis shipment Xiaomi 2024 dan struktur wilayah IDC
2024-01-04,Middle East & Africa,Redmi,21934,Estimasi berbasis shipment Xiaomi 2024 dan struktur wilayah IDC
2024-01-04,Asia,Xiaomi Flagship,18753,Estimasi berbasis shipment Xiaomi 2024 dan struktur wilayah IDC
2024-01-04,Europe,Xiaomi Flagship,7760,Estimasi berbasis shipment Xiaomi 2024 dan struktur wilayah IDC
2024-01-04,Latin America,Xiaomi Flagship,3233,Estimasi berbasis shipment Xiaomi 2024 dan struktur wilayah IDC
2024-01-04,Middle East & Africa,Xiaomi Flagship,2587,Estimasi berbasis shipment Xiaomi 2024 dan struktur wilayah IDC
2024-01-04,Asia,POCO,26754,Estimasi berbasis shipment Xiaomi 2024 dan struktur wilayah IDC
2024-01-04,Europe,POCO,11071,Estimasi berbasis shipment Xiaomi 2024 dan struktur wilayah IDC
2024-01-04,Latin America,POCO,4613,Estimasi berbasis shipment Xiaomi 2024 dan struktur wilayah IDC
2024-01-04,Middle East & Africa,POCO,3690,Estimasi berbasis shipment Xiaomi 2024 dan struktur wilayah IDC
2024-01-04,Asia,Black Shark,4251,Estimasi berbasis shipment Xiaomi 2024 dan struktur wilayah IDC
2024-01-04,Europe,Black Shark,1759,Estimasi berbasis shipment Xiaomi 2024 dan struktur wilayah IDC
2024-01-04,Latin America,Black Shark,733,Estimasi berbasis shipment Xiaomi 2024 dan struktur wilayah IDC
2024-01-04,Middle East & Africa,Black Shark,586,Estimasi berbasis shipment Xiaomi 2024 dan struktur wilayah IDC
2024-01-04,Asia,Other,16252,Estimasi berbasis shipment Xiaomi 2024 dan struktur wilayah IDC
2024-01-04,Europe,Other,6725,Estimasi berbasis shipment Xiaomi 2024 dan struktur wilayah IDC
2024-01-04,Latin America,Other,2802,Estimasi berbasis shipment Xiaomi 2024 dan struktur wilayah IDC
2024-01-04,Middle East & Africa,Other,2242,Estimasi berbasis shipment Xiaomi 2024 dan struktur wilayah IDC
2024-01-05,Asia,Redmi,143810,Estimasi berbasis shipment Xiaomi 2024 dan struktur wilayah IDC
2024-01-05,Europe,Redmi,59508,Estimasi berbasis shipment Xiaomi 2024 dan struktur wilayah IDC
2024-01-05,Latin America,Redmi,24795,Estimasi berbasis shipment Xiaomi 2024 dan struktur wilayah IDC
2024-01-05,Middle East & Africa,Redmi,19836,Estimasi berbasis shipment Xiaomi 2024 dan struktur wilayah IDC
2024-01-05,Asia,Xiaomi Flagship,16959,Estimasi berbasis shipment Xiaomi 2024 dan struktur wilayah IDC
2024-01-05,Europe,Xiaomi Flagship,7017,Estimasi berbasis shipment Xiaomi 2024 dan struktur wilayah IDC
2024-01-05,Latin America,Xiaomi Flagship,2924,Estimasi berbasis shipment Xiaomi 2024 dan struktur wilayah IDC
2024-01-05,Middle East & Africa,Xiaomi Flagship,2339,Estimasi berbasis shipment Xiaomi 2024 dan struktur wilayah IDC
2024-01-05,Asia,POCO,24194,Estimasi berbasis shipment Xiaomi 2024 dan struktur wilayah IDC
2024-01-05,Europe,POCO,10012,Estimasi berbasis shipment Xiaomi 2024 dan struktur wilayah IDC
2024-01-05,Latin America,POCO,4171,Estimasi berbasis shipment Xiaomi 2024 dan struktur wilayah IDC
2024-01-05,Middle East & Africa,POCO,3337,Estimasi berbasis shipment Xiaomi 2024 dan struktur wilayah IDC
2024-01-05,Asia,Black Shark,3844,Estimasi berbasis shipment Xiaomi 2024 dan struktur wilayah IDC
2024-01-05,Europe,Black Shark,1591,Estimasi berbasis shipment Xiaomi 2024 dan struktur wilayah IDC
2024-01-05,Latin America,Black Shark,663,Estimasi berbasis shipment Xiaomi 2024 dan struktur wilayah IDC
2024-01-05,Middle East & Africa,Black Shark,530,Estimasi berbasis shipment Xiaomi 2024 dan struktur wilayah IDC
2024-01-05,Asia,Other,14698,Estimasi berbasis shipment Xiaomi 2024 dan struktur wilayah IDC
2024-01-05,Europe,Other,6082,Estimasi berbasis shipment Xiaomi 2024 dan struktur wilayah IDC
2024-01-05,Latin America,Other,2534,Estimasi berbasis shipment Xiaomi 2024 dan struktur wilayah IDC
2024-01-05,Middle East & Africa,Other,2027,Estimasi berbasis shipment Xiaomi 2024 dan struktur wilayah IDC
2024-01-06,Asia,Redmi,158879,Estimasi berbasis shipment Xiaomi 2024 dan struktur wilayah IDC
2024-01-06,Europe,Redmi,65743,Estimasi berbasis shipment Xiaomi 2024 dan struktur wilayah IDC
2024-01-06,Latin America,Redmi,27393,Estimasi berbasis shipment Xiaomi 2024 dan struktur wilayah IDC
2024-01-06,Middle East & Africa,Redmi,21914,Estimasi berbasis shipment Xiaomi 2024 dan struktur wilayah IDC
2024-01-06,Asia,Xiaomi Flagship,18736,Estimasi berbasis shipment Xiaomi 2024 dan struktur wilayah IDC
2024-01-06,Europe,Xiaomi Flagship,7753,Estimasi berbasis shipment Xiaomi 2024 dan struktur wilayah IDC
2024-01-06,Latin America,Xiaomi Flagship,3230,Estimasi berbasis shipment Xiaomi 2024 dan struktur wilayah IDC
2024-01-06,Middle East & Africa,Xiaomi Flagship,2584,Estimasi berbasis shipment Xiaomi 2024 dan struktur wilayah IDC
2024-01-06,Asia,POCO,26730,Estimasi berbasis shipment Xiaomi 2024 dan struktur wilayah IDC
2024-01-06,Europe,POCO,11061,Estimasi berbasis shipment Xiaomi 2024 dan struktur wilayah IDC
2024-01-06,Latin America,POCO,4609,Estimasi berbasis shipment Xiaomi 2024 dan struktur wilayah IDC
2024-01-06,Middle East & Africa,POCO,3687,Estimasi berbasis shipment Xiaomi 2024 dan struktur wilayah IDC
2024-01-06,Asia,Black Shark,4247,Estimasi berbasis shipment Xiaomi 2024 dan struktur wilayah IDC
2024-01-06,Europe,Black Shark,1757,Estimasi berbasis shipment Xiaomi 2024 dan struktur wilayah IDC
2024-01-06,Latin America,Black Shark,732,Estimasi berbasis shipment Xiaomi 2024 dan struktur wilayah IDC
2024-01-06,Middle East & Africa,Black Shark,586,Estimasi berbasis shipment Xiaomi 2024 dan struktur wilayah IDC
2024-01-06,Asia,Other,16238,Estimasi berbasis shipment Xiaomi 2024 dan struktur wilayah IDC
2024-01-06,Europe,Other,6719,Estimasi berbasis shipment Xiaomi 2024 dan struktur wilayah IDC
2024-01-06,Latin America,Other,2800,Estimasi berbasis shipment Xiaomi 2024 dan struktur wilayah IDC
2024-01-06,Middle East & Africa,Other,2240,Estimasi berbasis shipment Xiaomi 2024 dan struktur wilayah IDC
2024-01-07,Asia,Redmi,148515,Estimasi berbasis shipment Xiaomi 2024 dan struktur wilayah IDC
2024-01-07,Europe,Redmi,61454,Estimasi berbasis shipment Xiaomi 2024 dan struktur wilayah IDC
2024-01-07,Latin America,Redmi,25606,Estimasi berbasis shipment Xiaomi 2024 dan struktur wilayah IDC
2024-01-07,Middle East & Africa,Redmi,20485,Estimasi berbasis shipment Xiaomi 2024 dan struktur wilayah IDC
2024-01-07,Asia,Xiaomi Flagship,17514,Estimasi berbasis shipment Xiaomi 2024 dan struktur wilayah IDC
2024-01-07,Europe,Xiaomi Flagship,7247,Estimasi berbasis shipment Xiaomi 2024 dan struktur wilayah IDC
2024-01-07,Latin America,Xiaomi Flagship,3020,Estimasi berbasis shipment Xiaomi 2024 dan struktur wilayah IDC
2024-01-07,Middle East & Africa,Xiaomi Flagship,2416,Estimasi berbasis shipment Xiaomi 2024 dan struktur wilayah IDC
2024-01-07,Asia,POCO,24986,Estimasi berbasis shipment Xiaomi 2024 dan struktur wilayah IDC
2024-01-07,Europe,POCO,10339,Estimasi berbasis shipment Xiaomi 2024 dan struktur wilayah IDC
2024-01-07,Latin America,POCO,4308,Estimasi berbasis shipment Xiaomi 2024 dan struktur wilayah IDC
2024-01-07,Middle East & Africa,POCO,3446,Estimasi berbasis shipment Xiaomi 2024 dan struktur wilayah IDC
2024-01-07,Asia,Black Shark,3970,Estimasi berbasis shipment Xiaomi 2024 dan struktur wilayah IDC
2024-01-07,Europe,Black Shark,1643,Estimasi berbasis shipment Xiaomi 2024 dan struktur wilayah IDC
2024-01-07,Latin America,Black Shark,684,Estimasi berbasis shipment Xiaomi 2024 dan struktur wilayah IDC
2024-01-07,Middle East & Africa,Black Shark,548,Estimasi berbasis shipment Xiaomi 2024 dan struktur wilayah IDC
2024-01-07,Asia,Other,15178,Estimasi berbasis shipment Xiaomi 2024 dan struktur wilayah IDC
2024-01-07,Europe,Other,6281,Estimasi berbasis shipment Xiaomi 2024 dan struktur wilayah IDC
2024-01-07,Latin America,Other,2617,Estimasi berbasis shipment Xiaomi 2024 dan struktur wilayah IDC
2024-01-07,Middle East & Africa,Other,2094,Estimasi berbasis shipment Xiaomi 2024 dan struktur wilayah IDC
2024-01-08,Asia,Redmi,154219,Estimasi berbasis shipment Xiaomi 2024 dan struktur wilayah IDC
2024-01-08,Europe,Redmi,63815,Estimasi berbasis shipment Xiaomi 2024 dan struktur wilayah IDC
2024-01-08,Latin America,Redmi,26590,Estimasi berbasis shipment Xiaomi 2024 dan struktur wilayah IDC
2024-01-08,Middle East & Africa,Redmi,21272,Estimasi berbasis shipment Xiaomi 2024 dan struktur wilayah IDC
2024-01-08,Asia,Xiaomi Flagship,18186,Estimasi berbasis shipment Xiaomi 2024 dan struktur wilayah IDC
2024-01-08,Europe,Xiaomi Flagship,7525,Estimasi berbasis shipment Xiaomi 2024 dan struktur wilayah IDC
2024-01-08,Latin America,Xiaomi Flagship,3136,Estimasi berbasis shipment Xiaomi 2024 dan struktur wilayah IDC
2024-01-08,Middle East & Africa,Xiaomi Flagship,2508,Estimasi berbasis shipment Xiaomi 2024 dan struktur wilayah IDC
2024-01-08,Asia,POCO,25946,Estimasi berbasis shipment Xiaomi 2024 dan struktur wilayah IDC
2024-01-08,Europe,POCO,10736,Estimasi berbasis shipment Xiaomi 2024 dan struktur wilayah IDC
2024-01-08,Latin America,POCO,4473,Estimasi berbasis shipment Xiaomi 2024 dan struktur wilayah IDC
2024-01-08,Middle East & Africa,POCO,3579,Estimasi berbasis shipment Xiaomi 2024 dan struktur wilayah IDC
2024-01-08,Asia,Black Shark,4122,Estimasi berbasis shipment Xiaomi 2024 dan struktur wilayah IDC
2024-01-08,Europe,Black Shark,1706,Estimasi berbasis shipment Xiaomi 2024 dan struktur wilayah IDC
2024-01-08,Latin America,Black Shark,711,Estimasi berbasis shipment Xiaomi 2024 dan struktur wilayah IDC
2024-01-08,Middle East & Africa,Black Shark,569,Estimasi berbasis shipment Xiaomi 2024 dan struktur wilayah IDC
2024-01-08,Asia,Other,15761,Estimasi berbasis shipment Xiaomi 2024 dan struktur wilayah IDC
2024-01-08,Europe,Other,6522,Estimasi berbasis shipment Xiaomi 2024 dan struktur wilayah IDC
2024-01-08,Latin America,Other,2717,Estimasi berbasis shipment Xiaomi 2024 dan struktur wilayah IDC
2024-01-08,Middle East & Africa,Other,2174,Estimasi berbasis shipment Xiaomi 2024 dan struktur wilayah IDC
2024-01-09,Asia,Redmi,147055,Estimasi berbasis shipment Xiaomi 2024 dan struktur wilayah IDC
2024-01-09,Europe,Redmi,60850,Estimasi berbasis shipment Xiaomi 2024 dan struktur wilayah IDC
2024-01-09,Latin America,Redmi,25354,Estimasi berbasis shipment Xiaomi 2024 dan struktur wilayah IDC
2024-01-09,Middle East & Africa,Redmi,20283,Estimasi berbasis shipment Xiaomi 2024 dan struktur wilayah IDC
2024-01-09,Asia,Xiaomi Flagship,17341,Estimasi berbasis shipment Xiaomi 2024 dan struktur wilayah IDC
2024-01-09,Europe,Xiaomi Flagship,7176,Estimasi berbasis shipment Xiaomi 2024 dan struktur wilayah IDC
2024-01-09,Latin America,Xiaomi Flagship,2990,Estimasi berbasis shipment Xiaomi 2024 dan struktur wilayah IDC
2024-01-09,Middle East & Africa,Xiaomi Flagship,2392,Estimasi berbasis shipment Xiaomi 2024 dan struktur wilayah IDC
2024-01-09,Asia,POCO,24740,Estimasi berbasis shipment Xiaomi 2024 dan struktur wilayah IDC
2024-01-09,Europe,POCO,10237,Estimasi berbasis shipment Xiaomi 2024 dan struktur wilayah IDC
2024-01-09,Latin America,POCO,4266,Estimasi berbasis shipment Xiaomi 2024 dan struktur wilayah IDC
2024-01-09,Middle East & Africa,POCO,3412,Estimasi berbasis shipment Xiaomi 2024 dan struktur wilayah IDC
2024-01-09,Asia,Black Shark,3931,Estimasi berbasis shipment Xiaomi 2024 dan struktur wilayah IDC
2024-01-09,Europe,Black Shark,1627,Estimasi berbasis shipment Xiaomi 2024 dan struktur wilayah IDC
2024-01-09,Latin America,Black Shark,678,Estimasi berbasis shipment Xiaomi 2024 dan struktur wilayah IDC
2024-01-09,Middle East & Africa,Black Shark,542,Estimasi berbasis shipment Xiaomi 2024 dan struktur wilayah IDC
2024-01-09,Asia,Other,15029,Estimasi berbasis shipment Xiaomi 2024 dan struktur wilayah IDC
2024-01-09,Europe,Other,6219,Estimasi berbasis shipment Xiaomi 2024 dan struktur wilayah IDC
2024-01-09,Latin America,Other,2591,Estimasi berbasis shipment Xiaomi 2024 dan struktur wilayah IDC
2024-01-09,Middle East & Africa,Other,2073,Estimasi berbasis shipment Xiaomi 2024 dan struktur wilayah IDC
2024-01-10,Asia,Redmi,158896,Estimasi berbasis shipment Xiaomi 2024 dan struktur wilayah IDC
2024-01-10,Europe,Redmi,65750,Estimasi berbasis shipment Xiaomi 2024 dan struktur wilayah IDC
2024-01-10,Latin America,Redmi,27396,Estimasi berbasis shipment Xiaomi 2024 dan struktur wilayah IDC
2024-01-10,Middle East & Africa,Redmi,21917,Estimasi berbasis shipment Xiaomi 2024 dan struktur wilayah IDC
2024-01-10,Asia,Xiaomi Flagship,18738,Estimasi berbasis shipment Xiaomi 2024 dan struktur wilayah IDC
2024-01-10,Europe,Xiaomi Flagship,7754,Estimasi berbasis shipment Xiaomi 2024 dan struktur wilayah IDC
2024-01-10,Latin America,Xiaomi Flagship,3231,Estimasi berbasis shipment Xiaomi 2024 dan struktur wilayah IDC
2024-01-10,Middle East & Africa,Xiaomi Flagship,2585,Estimasi berbasis shipment Xiaomi 2024 dan struktur wilayah IDC
2024-01-10,Asia,POCO,26732,Estimasi berbasis shipment Xiaomi 2024 dan struktur wilayah IDC
2024-01-10,Europe,POCO,11062,Estimasi berbasis shipment Xiaomi 2024 dan struktur wilayah IDC
2024-01-10,Latin America,POCO,4609,Estimasi berbasis shipment Xiaomi 2024 dan struktur wilayah IDC
2024-01-10,Middle East & Africa,POCO,3687,Estimasi berbasis shipment Xiaomi 2024 dan struktur wilayah IDC
2024-01-10,Asia,Black Shark,4247,Estimasi berbasis shipment Xiaomi 2024 dan struktur wilayah IDC
2024-01-10,Europe,Black Shark,1757,Estimasi berbasis shipment Xiaomi 2024 dan struktur wilayah IDC
2024-01-10,Latin America,Black Shark,732,Estimasi berbasis shipment Xiaomi 2024 dan struktur wilayah IDC
2024-01-10,Middle East & Africa,Black Shark,586,Estimasi berbasis shipment Xiaomi 2024 dan struktur wilayah IDC
2024-01-10,Asia,Other,16239,Estimasi berbasis shipment Xiaomi 2024 dan struktur wilayah IDC
2024-01-10,Europe,Other,6720,Estimasi berbasis shipment Xiaomi 2024 dan struktur wilayah IDC
2024-01-10,Latin America,Other,2800,Estimasi berbasis shipment Xiaomi 2024 dan struktur wilayah IDC
2024-01-10,Middle East & Africa,Other,2240,Estimasi berbasis shipment Xiaomi 2024 dan struktur wilayah IDC
2024-01-11,Asia,Redmi,148426,Estimasi berbasis shipment Xiaomi 2024 dan struktur wilayah IDC
2024-01-11,Europe,Redmi,61418,Estimasi berbasis shipment Xiaomi 2024 dan struktur wilayah IDC
2024-01-11,Latin America,Redmi,25591,Estimasi berbasis shipment Xiaomi 2024 dan struktur wilayah IDC
2024-01-11,Middle East & Africa,Redmi,20473,Estimasi berbasis shipment Xiaomi 2024 dan struktur wilayah IDC
2024-01-11,Asia,Xiaomi Flagship,17503,Estimasi berbasis shipment Xiaomi 2024 dan struktur wilayah IDC
2024-01-11,Europe,Xiaomi Flagship,7243,Estimasi berbasis shipment Xiaomi 2024 dan struktur wilayah IDC
2024-01-11,Latin America,Xiaomi Flagship,3018,Estimasi berbasis shipment Xiaomi 2024 dan struktur wilayah IDC
2024-01-11,Middle East & Africa,Xiaomi Flagship,2414,Estimasi berbasis shipment Xiaomi 2024 dan struktur wilayah IDC
2024-01-11,Asia,POCO,24971,Estimasi berbasis shipment Xiaomi 2024 dan struktur wilayah IDC
2024-01-11,Europe,POCO,10333,Estimasi berbasis shipment Xiaomi 2024 dan struktur wilayah IDC
2024-01-11,Latin America,POCO,4305,Estimasi berbasis shipment Xiaomi 2024 dan struktur wilayah IDC
2024-01-11,Middle East & Africa,POCO,3444,Estimasi berbasis shipment Xiaomi 2024 dan struktur wilayah IDC
2024-01-11,Asia,Black Shark,3967,Estimasi berbasis shipment Xiaomi 2024 dan struktur wilayah IDC
2024-01-11,Europe,Black Shark,1642,Estimasi berbasis shipment Xiaomi 2024 dan struktur wilayah IDC
2024-01-11,Latin America,Black Shark,684,Estimasi berbasis shipment Xiaomi 2024 dan struktur wilayah IDC
2024-01-11,Middle East & Africa,Black Shark,547,Estimasi berbasis shipment Xiaomi 2024 dan struktur wilayah IDC
2024-01-11,Asia,Other,15169,Estimasi berbasis shipment Xiaomi 2024 dan struktur wilayah IDC
2024-01-11,Europe,Other,6277,Estimasi berbasis shipment Xiaomi 2024 dan struktur wilayah IDC
2024-01-11,Latin America,Other,2615,Estimasi berbasis shipment Xiaomi 2024 dan struktur wilayah IDC
2024-01-11,Middle East & Africa,Other,2092,Estimasi berbasis shipment Xiaomi 2024 dan struktur wilayah IDC
2024-01-12,Asia,Redmi,154688,Estimasi berbasis shipment Xiaomi 2024 dan struktur wilayah IDC
2024-01-12,Europe,Redmi,64009,Estimasi berbasis shipment Xiaomi 2024 dan struktur wilayah IDC
2024-01-12,Latin America,Redmi,26670,Estimasi berbasis shipment Xiaomi 2024 dan struktur wilayah IDC
2024-01-12,Middle East & Africa,Redmi,21336,Estimasi berbasis shipment Xiaomi 2024 dan struktur wilayah IDC
2024-01-12,Asia,Xiaomi Flagship,18242,Estimasi berbasis shipment Xiaomi 2024 dan struktur wilayah IDC
2024-01-12,Europe,Xiaomi Flagship,7548,Estimasi berbasis shipment Xiaomi 2024 dan struktur wilayah IDC
2024-01-12,Latin America,Xiaomi Flagship,3145,Estimasi berbasis shipment Xiaomi 2024 dan struktur wilayah IDC
2024-01-12,Middle East & Africa,Xiaomi Flagship,2516,Estimasi berbasis shipment Xiaomi 2024 dan struktur wilayah IDC
2024-01-12,Asia,POCO,26025,Estimasi berbasis shipment Xiaomi 2024 dan struktur wilayah IDC
2024-01-12,Europe,POCO,10769,Estimasi berbasis shipment Xiaomi 2024 dan struktur wilayah IDC
2024-01-12,Latin America,POCO,4487,Estimasi berbasis shipment Xiaomi 2024 dan struktur wilayah IDC
2024-01-12,Middle East & Africa,POCO,3590,Estimasi berbasis shipment Xiaomi 2024 dan struktur wilayah IDC
2024-01-12,Asia,Black Shark,4135,Estimasi berbasis shipment Xiaomi 2024 dan struktur wilayah IDC
2024-01-12,Europe,Black Shark,1711,Estimasi berbasis shipment Xiaomi 2024 dan struktur wilayah IDC
2024-01-12,Latin America,Black Shark,713,Estimasi berbasis shipment Xiaomi 2024 dan struktur wilayah IDC
2024-01-12,Middle East & Africa,Black Shark,570,Estimasi berbasis shipment Xiaomi 2024 dan struktur wilayah IDC
2024-01-12,Asia,Other,15809,Estimasi berbasis shipment Xiaomi 2024 dan struktur wilayah IDC
2024-01-12,Europe,Other,6542,Estimasi berbasis shipment Xiaomi 2024 dan struktur wilayah IDC
2024-01-12,Latin America,Other,2726,Estimasi berbasis shipment Xiaomi 2024 dan struktur wilayah IDC
2024-01-12,Middle East & Africa,Other,2181,Estimasi berbasis shipment Xiaomi 2024 dan struktur wilayah IDC
2024-01-13,Asia,Redmi,162312,Estimasi berbasis shipment Xiaomi 2024 dan struktur wilayah IDC
2024-01-13,Europe,Redmi,67164,Estimasi berbasis shipment Xiaomi 2024 dan struktur wilayah IDC
2024-01-13,Latin America,Redmi,27985,Estimasi berbasis shipment Xiaomi 2024 dan struktur wilayah IDC
2024-01-13,Middle East & Africa,Redmi,22388,Estimasi berbasis shipment Xiaomi 2024 dan struktur wilayah IDC
2024-01-13,Asia,Xiaomi Flagship,19141,Estimasi berbasis shipment Xiaomi 2024 dan struktur wilayah IDC
2024-01-13,Europe,Xiaomi Flagship,7920,Estimasi berbasis shipment Xiaomi 2024 dan struktur wilayah IDC
2024-01-13,Latin America,Xiaomi Flagship,3300,Estimasi berbasis shipment Xiaomi 2024 dan struktur wilayah IDC
2024-01-13,Middle East & Africa,Xiaomi Flagship,2640,Estimasi berbasis shipment Xiaomi 2024 dan struktur wilayah IDC
2024-01-13,Asia,POCO,27307,Estimasi berbasis shipment Xiaomi 2024 dan struktur wilayah IDC
2024-01-13,Europe,POCO,11300,Estimasi berbasis shipment Xiaomi 2024 dan struktur wilayah IDC
2024-01-13,Latin America,POCO,4708,Estimasi berbasis shipment Xiaomi 2024 dan struktur wilayah IDC
2024-01-13,Middle East & Africa,POCO,3767,Estimasi berbasis shipment Xiaomi 2024 dan struktur wilayah IDC
2024-01-13,Asia,Black Shark,4339,Estimasi berbasis shipment Xiaomi 2024 dan struktur wilayah IDC
2024-01-13,Europe,Black Shark,1795,Estimasi berbasis shipment Xiaomi 2024 dan struktur wilayah IDC
2024-01-13,Latin America,Black Shark,748,Estimasi berbasis shipment Xiaomi 2024 dan struktur wilayah IDC
2024-01-13,Middle East & Africa,Black Shark,598,Estimasi berbasis shipment Xiaomi 2024 dan struktur wilayah IDC
2024-01-13,Asia,Other,16589,Estimasi berbasis shipment Xiaomi 2024 dan struktur wilayah IDC
2024-01-13,Europe,Other,6864,Estimasi berbasis shipment Xiaomi 2024 dan struktur wilayah IDC
2024-01-13,Latin America,Other,2860,Estimasi berbasis shipment Xiaomi 2024 dan struktur wilayah IDC
2024-01-13,Middle East & Africa,Other,2288,Estimasi berbasis shipment Xiaomi 2024 dan struktur wilayah IDC
2024-01-14,Asia,Redmi,165743,Estimasi berbasis shipment Xiaomi 2024 dan struktur wilayah IDC
2024-01-14,Europe,Redmi,68583,Estimasi berbasis shipment Xiaomi 2024 dan struktur wilayah IDC
2024-01-14,Latin America,Redmi,28576,Estimasi berbasis shipment Xiaomi 2024 dan struktur wilayah IDC
2024-01-14,Middle East & Africa,Redmi,22861,Estimasi berbasis shipment Xiaomi 2024 dan struktur wilayah IDC
2024-01-14,Asia,Xiaomi Flagship,19545,Estimasi berbasis shipment Xiaomi 2024 dan struktur wilayah IDC
2024-01-14,Europe,Xiaomi Flagship,8088,Estimasi berbasis shipment Xiaomi 2024 dan struktur wilayah IDC
2024-01-14,Latin America,Xiaomi Flagship,3370,Estimasi berbasis shipment Xiaomi 2024 dan struktur wilayah IDC
2024-01-14,Middle East & Africa,Xiaomi Flagship,2696,Estimasi berbasis shipment Xiaomi 2024 dan struktur wilayah IDC
2024-01-14,Asia,POCO,27884,Estimasi berbasis shipment Xiaomi 2024 dan struktur wilayah IDC
2024-01-14,Europe,POCO,11538,Estimasi berbasis shipment Xiaomi 2024 dan struktur wilayah IDC
2024-01-14,Latin America,POCO,4808,Estimasi berbasis shipment Xiaomi 2024 dan struktur wilayah IDC
2024-01-14,Middle East & Africa,POCO,3846,Estimasi berbasis shipment Xiaomi 2024 dan struktur wilayah IDC
2024-01-14,Asia,Black Shark,4430,Estimasi berbasis shipment Xiaomi 2024 dan struktur wilayah IDC
2024-01-14,Europe,Black Shark,1833,Estimasi berbasis shipment Xiaomi 2024 dan struktur wilayah IDC
2024-01-14,Latin America,Black Shark,764,Estimasi berbasis shipment Xiaomi 2024 dan struktur wilayah IDC
2024-01-14,Middle East & Africa,Black Shark,611,Estimasi berbasis shipment Xiaomi 2024 dan struktur wilayah IDC
2024-01-14,Asia,Other,16939,Estimasi berbasis shipment Xiaomi 2024 dan struktur wilayah IDC
2024-01-14,Europe,Other,7009,Estimasi berbasis shipment Xiaomi 2024 dan struktur wilayah IDC
2024-01-14,Latin America,Other,2921,Estimasi berbasis shipment Xiaomi 2024 dan struktur wilayah IDC
2024-01-14,Middle East & Africa,Other,2336,Estimasi berbasis shipment Xiaomi 2024 dan struktur wilayah IDC
2024-01-15,Asia,Redmi,159439,Estimasi berbasis shipment Xiaomi 2024 dan struktur wilayah IDC
2024-01-15,Europe,Redmi,65975,Estimasi berbasis shipment Xiaomi 2024 dan struktur wilayah IDC
2024-01-15,Latin America,Redmi,27489,Estimasi berbasis shipment Xiaomi 2024 dan struktur wilayah IDC
2024-01-15,Middle East & Africa,Redmi,21992,Estimasi berbasis shipment Xiaomi 2024 dan struktur wilayah IDC
2024-01-15,Asia,Xiaomi Flagship,18802,Estimasi berbasis shipment Xiaomi 2024 dan struktur wilayah IDC
2024-01-15,Europe,Xiaomi Flagship,7780,Estimasi berbasis shipment Xiaomi 2024 dan struktur wilayah IDC
2024-01-15,Latin America,Xiaomi Flagship,3242,Estimasi berbasis shipment Xiaomi 2024 dan struktur wilayah IDC
2024-01-15,Middle East & Africa,Xiaomi Flagship,2593,Estimasi berbasis shipment Xiaomi 2024 dan struktur wilayah IDC
2024-01-15,Asia,POCO,26824,Estimasi berbasis shipment Xiaomi 2024 dan struktur wilayah IDC
2024-01-15,Europe,POCO,11099,Estimasi berbasis shipment Xiaomi 2024 dan struktur wilayah IDC
2024-01-15,Latin America,POCO,4625,Estimasi berbasis shipment Xiaomi 2024 dan struktur wilayah IDC
2024-01-15,Middle East & Africa,POCO,3700,Estimasi berbasis shipment Xiaomi 2024 dan struktur wilayah IDC
2024-01-15,Asia,Black Shark,4262,Estimasi berbasis shipment Xiaomi 2024 dan struktur wilayah IDC
2024-01-15,Europe,Black Shark,1763,Estimasi berbasis shipment Xiaomi 2024 dan struktur wilayah IDC
2024-01-15,Latin America,Black Shark,735,Estimasi berbasis shipment Xiaomi 2024 dan struktur wilayah IDC
2024-01-15,Middle East & Africa,Black Shark,588,Estimasi berbasis shipment Xiaomi 2024 dan struktur wilayah IDC
2024-01-15,Asia,Other,16295,Estimasi berbasis shipment Xiaomi 2024 dan struktur wilayah IDC
2024-01-15,Europe,Other,6743,Estimasi berbasis shipment Xiaomi 2024 dan struktur wilayah IDC
2024-01-15,Latin America,Other,2809,Estimasi berbasis shipment Xiaomi 2024 dan struktur wilayah IDC
2024-01-15,Middle East & Africa,Other,2248,Estimasi berbasis shipment Xiaomi 2024 dan struktur wilayah IDC
2024-01-16,Asia,Redmi,156223,Estimasi berbasis shipment Xiaomi 2024 dan struktur wilayah IDC
2024-01-16,Europe,Redmi,64644,Estimasi berbasis shipment Xiaomi 2024 dan struktur wilayah IDC
2024-01-16,Latin America,Redmi,26935,Estimasi berbasis shipment Xiaomi 2024 dan struktur wilayah IDC
2024-01-16,Middle East & Africa,Redmi,21548,Estimasi berbasis shipment Xiaomi 2024 dan struktur wilayah IDC
2024-01-16,Asia,Xiaomi Flagship,18422,Estimasi berbasis shipment Xiaomi 2024 dan struktur wilayah IDC
2024-01-16,Europe,Xiaomi Flagship,7623,Estimasi berbasis shipment Xiaomi 2024 dan struktur wilayah IDC
2024-01-16,Latin America,Xiaomi Flagship,3176,Estimasi berbasis shipment Xiaomi 2024 dan struktur wilayah IDC
2024-01-16,Middle East & Africa,Xiaomi Flagship,2541,Estimasi berbasis shipment Xiaomi 2024 dan struktur wilayah IDC
2024-01-16,Asia,POCO,26283,Estimasi berbasis shipment Xiaomi 2024 dan struktur wilayah IDC
2024-01-16,Europe,POCO,10876,Estimasi berbasis shipment Xiaomi 2024 dan struktur wilayah IDC
2024-01-16,Latin America,POCO,4532,Estimasi berbasis shipment Xiaomi 2024 dan struktur wilayah IDC
2024-01-16,Middle East & Africa,POCO,3625,Estimasi berbasis shipment Xiaomi 2024 dan struktur wilayah IDC
2024-01-16,Asia,Black Shark,4176,Estimasi berbasis shipment Xiaomi 2024 dan struktur wilayah IDC
2024-01-16,Europe,Black Shark,1728,Estimasi berbasis shipment Xiaomi 2024 dan struktur wilayah IDC
2024-01-16,Latin America,Black Shark,720,Estimasi berbasis shipment Xiaomi 2024 dan struktur wilayah IDC
2024-01-16,Middle East & Africa,Black Shark,576,Estimasi berbasis shipment Xiaomi 2024 dan struktur wilayah IDC
2024-01-16,Asia,Other,15966,Estimasi berbasis shipment Xiaomi 2024 dan struktur wilayah IDC
2024-01-16,Europe,Other,6607,Estimasi berbasis shipment Xiaomi 2024 dan struktur wilayah IDC
2024-01-16,Latin America,Other,2753,Estimasi berbasis shipment Xiaomi 2024 dan struktur wilayah IDC
2024-01-16,Middle East & Africa,Other,2202,Estimasi berbasis shipment Xiaomi 2024 dan struktur wilayah IDC
2024-01-17,Asia,Redmi,167602,Estimasi berbasis shipment Xiaomi 2024 dan struktur wilayah IDC
2024-01-17,Europe,Redmi,69353,Estimasi berbasis shipment Xiaomi 2024 dan struktur wilayah IDC
2024-01-17,Latin America,Redmi,28897,Estimasi berbasis shipment Xiaomi 2024 dan struktur wilayah IDC
2024-01-17,Middle East & Africa,Redmi,23118,Estimasi berbasis shipment Xiaomi 2024 dan struktur wilayah IDC
2024-01-17,Asia,Xiaomi Flagship,19764,Estimasi berbasis shipment Xiaomi 2024 dan struktur wilayah IDC
2024-01-17,Europe,Xiaomi Flagship,8178,Estimasi berbasis shipment Xiaomi 2024 dan struktur wilayah IDC
2024-01-17,Latin America,Xiaomi Flagship,3408,Estimasi berbasis shipment Xiaomi 2024 dan struktur wilayah IDC
2024-01-17,Middle East & Africa,Xiaomi Flagship,2726,Estimasi berbasis shipment Xiaomi 2024 dan struktur wilayah IDC
2024-01-17,Asia,POCO,28197,Estimasi berbasis shipment Xiaomi 2024 dan struktur wilayah IDC
2024-01-17,Europe,POCO,11668,Estimasi berbasis shipment Xiaomi 2024 dan struktur wilayah IDC
2024-01-17,Latin America,POCO,4862,Estimasi berbasis shipment Xiaomi 2024 dan struktur wilayah IDC
2024-01-17,Middle East & Africa,POCO,3889,Estimasi berbasis shipment Xiaomi 2024 dan struktur wilayah IDC
2024-01-17,Asia,Black Shark,4480,Estimasi berbasis shipment Xiaomi 2024 dan struktur wilayah IDC
2024-01-17,Europe,Black Shark,1854,Estimasi berbasis shipment Xiaomi 2024 dan struktur wilayah IDC
2024-01-17,Latin America,Black Shark,772,Estimasi berbasis shipment Xiaomi 2024 dan struktur wilayah IDC
2024-01-17,Middle East & Africa,Black Shark,618,Estimasi berbasis shipment Xiaomi 2024 dan struktur wilayah IDC
2024-01-17,Asia,Other,17129,Estimasi berbasis shipment Xiaomi 2024 dan struktur wilayah IDC
2024-01-17,Europe,Other,7088,Estimasi berbasis shipment Xiaomi 2024 dan struktur wilayah IDC
2024-01-17,Latin America,Other,2953,Estimasi berbasis shipment Xiaomi 2024 dan struktur wilayah IDC
2024-01-17,Middle East & Africa,Other,2363,Estimasi berbasis shipment Xiaomi 2024 dan struktur wilayah IDC
2024-01-18,Asia,Redmi,138916,Estimasi berbasis shipment Xiaomi 2024 dan struktur wilayah IDC
2024-01-18,Europe,Redmi,57483,Estimasi berbasis shipment Xiaomi 2024 dan struktur wilayah IDC
2024-01-18,Latin America,Redmi,23951,Estimasi berbasis shipment Xiaomi 2024 dan struktur wilayah IDC
2024-01-18,Middle East & Africa,Redmi,19161,Estimasi berbasis shipment Xiaomi 2024 dan struktur wilayah IDC
2024-01-18,Asia,Xiaomi Flagship,16382,Estimasi berbasis shipment Xiaomi 2024 dan struktur wilayah IDC
2024-01-18,Europe,Xiaomi Flagship,6779,Estimasi berbasis shipment Xiaomi 2024 dan struktur wilayah IDC
2024-01-18,Latin America,Xiaomi Flagship,2824,Estimasi berbasis shipment Xiaomi 2024 dan struktur wilayah IDC
2024-01-18,Middle East & Africa,Xiaomi Flagship,2260,Estimasi berbasis shipment Xiaomi 2024 dan struktur wilayah IDC
2024-01-18,Asia,POCO,23371,Estimasi berbasis shipment Xiaomi 2024 dan struktur wilayah IDC
2024-01-18,Europe,POCO,9671,Estimasi berbasis shipment Xiaomi 2024 dan struktur wilayah IDC
2024-01-18,Latin America,POCO,4030,Estimasi berbasis shipment Xiaomi 2024 dan struktur wilayah IDC
2024-01-18,Middle East & Africa,POCO,3224,Estimasi berbasis shipment Xiaomi 2024 dan struktur wilayah IDC
2024-01-18,Asia,Black Shark,3713,Estimasi berbasis shipment Xiaomi 2024 dan struktur wilayah IDC
2024-01-18,Europe,Black Shark,1536,Estimasi berbasis shipment Xiaomi 2024 dan struktur wilayah IDC
2024-01-18,Latin America,Black Shark,640,Estimasi berbasis shipment Xiaomi 2024 dan struktur wilayah IDC
2024-01-18,Middle East & Africa,Black Shark,512,Estimasi berbasis shipment Xiaomi 2024 dan struktur wilayah IDC
2024-01-18,Asia,Other,14197,Estimasi berbasis shipment Xiaomi 2024 dan struktur wilayah IDC
2024-01-18,Europe,Other,5875,Estimasi berbasis shipment Xiaomi 2024 dan struktur wilayah IDC
2024-01-18,Latin America,Other,2448,Estimasi berbasis shipment Xiaomi 2024 dan struktur wilayah IDC
2024-01-18,Middle East & Africa,Other,1958,Estimasi berbasis shipment Xiaomi 2024 dan struktur wilayah IDC
2024-01-19,Asia,Redmi,143904,Estimasi berbasis shipment Xiaomi 2024 dan struktur wilayah IDC
2024-01-19,Europe,Redmi,59546,Estimasi berbasis shipment Xiaomi 2024 dan struktur wilayah IDC
2024-01-19,Latin America,Redmi,24811,Estimasi berbasis shipment Xiaomi 2024 dan struktur wilayah IDC
2024-01-19,Middle East & Africa,Redmi,19849,Estimasi berbasis shipment Xiaomi 2024 dan struktur wilayah IDC
2024-01-19,Asia,Xiaomi Flagship,16970,Estimasi berbasis shipment Xiaomi 2024 dan struktur wilayah IDC
2024-01-19,Europe,Xiaomi Flagship,7022,Estimasi berbasis shipment Xiaomi 2024 dan struktur wilayah IDC
2024-01-19,Latin America,Xiaomi Flagship,2926,Estimasi berbasis shipment Xiaomi 2024 dan struktur wilayah IDC
2024-01-19,Middle East & Africa,Xiaomi Flagship,2341,Estimasi berbasis shipment Xiaomi 2024 dan struktur wilayah IDC
2024-01-19,Asia,POCO,24210,Estimasi berbasis shipment Xiaomi 2024 dan struktur wilayah IDC
2024-01-19,Europe,POCO,10018,Estimasi berbasis shipment Xiaomi 2024 dan struktur wilayah IDC
2024-01-19,Latin America,POCO,4174,Estimasi berbasis shipment Xiaomi 2024 dan struktur wilayah IDC
2024-01-19,Middle East & Africa,POCO,3339,Estimasi berbasis shipment Xiaomi 2024 dan struktur wilayah IDC
2024-01-19,Asia,Black Shark,3846,Estimasi berbasis shipment Xiaomi 2024 dan struktur wilayah IDC
2024-01-19,Europe,Black Shark,1592,Estimasi berbasis shipment Xiaomi 2024 dan struktur wilayah IDC
2024-01-19,Latin America,Black Shark,663,Estimasi berbasis shipment Xiaomi 2024 dan struktur wilayah IDC
2024-01-19,Middle East & Africa,Black Shark,531,Estimasi berbasis shipment Xiaomi 2024 dan struktur wilayah IDC
2024-01-19,Asia,Other,14707,Estimasi berbasis shipment Xiaomi 2024 dan struktur wilayah IDC
2024-01-19,Europe,Other,6086,Estimasi berbasis shipment Xiaomi 2024 dan struktur wilayah IDC
2024-01-19,Latin America,Other,2536,Estimasi berbasis shipment Xiaomi 2024 dan struktur wilayah IDC
2024-01-19,Middle East & Africa,Other,2029,Estimasi berbasis shipment Xiaomi 2024 dan struktur wilayah IDC
2024-01-20,Asia,Redmi,145437,Estimasi berbasis shipment Xiaomi 2024 dan struktur wilayah IDC
2024-01-20,Europe,Redmi,60181,Estimasi berbasis shipment Xiaomi 2024 dan struktur wilayah IDC
2024-01-20,Latin America,Redmi,25075,Estimasi berbasis shipment Xiaomi 2024 dan struktur wilayah IDC
2024-01-20,Middle East & Africa,Redmi,20060,Estimasi berbasis shipment Xiaomi 2024 dan struktur wilayah IDC
2024-01-20,Asia,Xiaomi Flagship,17151,Estimasi berbasis shipment Xiaomi 2024 dan struktur wilayah IDC
2024-01-20,Europe,Xiaomi Flagship,7097,Estimasi berbasis shipment Xiaomi 2024 dan struktur wilayah IDC
2024-01-20,Latin America,Xiaomi Flagship,2957,Estimasi berbasis shipment Xiaomi 2024 dan struktur wilayah IDC
2024-01-20,Middle East & Africa,Xiaomi Flagship,2366,Estimasi berbasis shipment Xiaomi 2024 dan struktur wilayah IDC
2024-01-20,Asia,POCO,24468,Estimasi berbasis shipment Xiaomi 2024 dan struktur wilayah IDC
2024-01-20,Europe,POCO,10125,Estimasi berbasis shipment Xiaomi 2024 dan struktur wilayah IDC
2024-01-20,Latin America,POCO,4219,Estimasi berbasis shipment Xiaomi 2024 dan struktur wilayah IDC
2024-01-20,Middle East & Africa,POCO,3375,Estimasi berbasis shipment Xiaomi 2024 dan struktur wilayah IDC
2024-01-20,Asia,Black Shark,3887,Estimasi berbasis shipment Xiaomi 2024 dan struktur wilayah IDC
2024-01-20,Europe,Black Shark,1609,Estimasi berbasis shipment Xiaomi 2024 dan struktur wilayah IDC
2024-01-20,Latin America,Black Shark,670,Estimasi berbasis shipment Xiaomi 2024 dan struktur wilayah IDC
2024-01-20,Middle East & Africa,Black Shark,536,Estimasi berbasis shipment Xiaomi 2024 dan struktur wilayah IDC
2024-01-20,Asia,Other,14864,Estimasi berbasis shipment Xiaomi 2024 dan struktur wilayah IDC
2024-01-20,Europe,Other,6151,Estimasi berbasis shipment Xiaomi 2024 dan struktur wilayah IDC
2024-01-20,Latin America,Other,2563,Estimasi berbasis shipment Xiaomi 2024 dan struktur wilayah IDC
2024-01-20,Middle East & Africa,Other,2050,Estimasi berbasis shipment Xiaomi 2024 dan struktur wilayah IDC
2024-01-21,Asia,Redmi,159615,Estimasi berbasis shipment Xiaomi 2024 dan struktur wilayah IDC
2024-01-21,Europe,Redmi,66047,Estimasi berbasis shipment Xiaomi 2024 dan struktur wilayah IDC
2024-01-21,Latin America,Redmi,27520,Estimasi berbasis shipment Xiaomi 2024 dan struktur wilayah IDC
2024-01-21,Middle East & Africa,Redmi,22016,Estimasi berbasis shipment Xiaomi 2024 dan struktur wilayah IDC
2024-01-21,Asia,Xiaomi Flagship,18822,Estimasi berbasis shipment Xiaomi 2024 dan struktur wilayah IDC
2024-01-21,Europe,Xiaomi Flagship,7789,Estimasi berbasis shipment Xiaomi 2024 dan struktur wilayah IDC
2024-01-21,Latin America,Xiaomi Flagship,3245,Estimasi berbasis shipment Xiaomi 2024 dan struktur wilayah IDC
2024-01-21,Middle East & Africa,Xiaomi Flagship,2596,Estimasi berbasis shipment Xiaomi 2024 dan struktur wilayah IDC
2024-01-21,Asia,POCO,26853,Estimasi berbasis shipment Xiaomi 2024 dan struktur wilayah IDC
2024-01-21,Europe,POCO,11112,Estimasi berbasis shipment Xiaomi 2024 dan struktur wilayah IDC
2024-01-21,Latin America,POCO,4630,Estimasi berbasis shipment Xiaomi 2024 dan struktur wilayah IDC
2024-01-21,Middle East & Africa,POCO,3704,Estimasi berbasis shipment Xiaomi 2024 dan struktur wilayah IDC
2024-01-21,Asia,Black Shark,4266,Estimasi berbasis shipment Xiaomi 2024 dan struktur wilayah IDC
2024-01-21,Europe,Black Shark,1765,Estimasi berbasis shipment Xiaomi 2024 dan struktur wilayah IDC
2024-01-21,Latin America,Black Shark,736,Estimasi berbasis shipment Xiaomi 2024 dan struktur wilayah IDC
2024-01-21,Middle East & Africa,Black Shark,588,Estimasi berbasis shipment Xiaomi 2024 dan struktur wilayah IDC
2024-01-21,Asia,Other,16313,Estimasi berbasis shipment Xiaomi 2024 dan struktur wilayah IDC
2024-01-21,Europe,Other,6750,Estimasi berbasis shipment Xiaomi 2024 dan struktur wilayah IDC
2024-01-21,Latin America,Other,2813,Estimasi berbasis shipment Xiaomi 2024 dan struktur wilayah IDC
2024-01-21,Middle East & Africa,Other,2250,Estimasi berbasis shipment Xiaomi 2024 dan struktur wilayah IDC
2024-01-22,Asia,Redmi,156626,Estimasi berbasis shipment Xiaomi 2024 dan struktur wilayah IDC
2024-01-22,Europe,Redmi,64811,Estimasi berbasis shipment Xiaomi 2024 dan struktur wilayah IDC
2024-01-22,Latin America,Redmi,27005,Estimasi berbasis shipment Xiaomi 2024 dan struktur wilayah IDC
2024-01-22,Middle East & Africa,Redmi,21604,Estimasi berbasis shipment Xiaomi 2024 dan struktur wilayah IDC
2024-01-22,Asia,Xiaomi Flagship,18470,Estimasi berbasis shipment Xiaomi 2024 dan struktur wilayah IDC
2024-01-22,Europe,Xiaomi Flagship,7643,Estimasi berbasis shipment Xiaomi 2024 dan struktur wilayah IDC
2024-01-22,Latin America,Xiaomi Flagship,3184,Estimasi berbasis shipment Xiaomi 2024 dan struktur wilayah IDC
2024-01-22,Middle East & Africa,Xiaomi Flagship,2548,Estimasi berbasis shipment Xiaomi 2024 dan struktur wilayah IDC
2024-01-22,Asia,POCO,26351,Estimasi berbasis shipment Xiaomi 2024 dan struktur wilayah IDC
2024-01-22,Europe,POCO,10904,Estimasi berbasis shipment Xiaomi 2024 dan struktur wilayah IDC
2024-01-22,Latin America,POCO,4543,Estimasi berbasis shipment Xiaomi 2024 dan struktur wilayah IDC
2024-01-22,Middle East & Africa,POCO,3635,Estimasi berbasis shipment Xiaomi 2024 dan struktur wilayah IDC
2024-01-22,Asia,Black Shark,4187,Estimasi berbasis shipment Xiaomi 2024 dan struktur wilayah IDC
2024-01-22,Europe,Black Shark,1732,Estimasi berbasis shipment Xiaomi 2024 dan struktur wilayah IDC
2024-01-22,Latin America,Black Shark,722,Estimasi berbasis shipment Xiaomi 2024 dan struktur wilayah IDC
2024-01-22,Middle East & Africa,Black Shark,577,Estimasi berbasis shipment Xiaomi 2024 dan struktur wilayah IDC
2024-01-22,Asia,Other,16007,Estimasi berbasis shipment Xiaomi 2024 dan struktur wilayah IDC
2024-01-22,Europe,Other,6624,Estimasi berbasis shipment Xiaomi 2024 dan struktur wilayah IDC
2024-01-22,Latin America,Other,2760,Estimasi berbasis shipment Xiaomi 2024 dan struktur wilayah IDC
2024-01-22,Middle East & Africa,Other,2208,Estimasi berbasis shipment Xiaomi 2024 dan struktur wilayah IDC
2024-01-23,Asia,Redmi,151319,Estimasi berbasis shipment Xiaomi 2024 dan struktur wilayah IDC
2024-01-23,Europe,Redmi,62615,Estimasi berbasis shipment Xiaomi 2024 dan struktur wilayah IDC
2024-01-23,Latin America,Redmi,26089,Estimasi berbasis shipment Xiaomi 2024 dan struktur wilayah IDC
2024-01-23,Middle East & Africa,Redmi,20872,Estimasi berbasis shipment Xiaomi 2024 dan struktur wilayah IDC
2024-01-23,Asia,Xiaomi Flagship,17844,Estimasi berbasis shipment Xiaomi 2024 dan struktur wilayah IDC
2024-01-23,Europe,Xiaomi Flagship,7384,Estimasi berbasis shipment Xiaomi 2024 dan struktur wilayah IDC
2024-01-23,Latin America,Xiaomi Flagship,3077,Estimasi berbasis shipment Xiaomi 2024 dan struktur wilayah IDC
2024-01-23,Middle East & Africa,Xiaomi Flagship,2461,Estimasi berbasis shipment Xiaomi 2024 dan struktur wilayah IDC
2024-01-23,Asia,POCO,25458,Estimasi berbasis shipment Xiaomi 2024 dan struktur wilayah IDC
2024-01-23,Europe,POCO,10534,Estimasi berbasis shipment Xiaomi 2024 dan struktur wilayah IDC
2024-01-23,Latin America,POCO,4389,Estimasi berbasis shipment Xiaomi 2024 dan struktur wilayah IDC
2024-01-23,Middle East & Africa,POCO,3511,Estimasi berbasis shipment Xiaomi 2024 dan struktur wilayah IDC
2024-01-23,Asia,Black Shark,4045,Estimasi berbasis shipment Xiaomi 2024 dan struktur wilayah IDC
2024-01-23,Europe,Black Shark,1674,Estimasi berbasis shipment Xiaomi 2024 dan struktur wilayah IDC
2024-01-23,Latin America,Black Shark,697,Estimasi berbasis shipment Xiaomi 2024 dan struktur wilayah IDC
2024-01-23,Middle East & Africa,Black Shark,558,Estimasi berbasis shipment Xiaomi 2024 dan struktur wilayah IDC
2024-01-23,Asia,Other,15465,Estimasi berbasis shipment Xiaomi 2024 dan struktur wilayah IDC
2024-01-23,Europe,Other,6399,Estimasi berbasis shipment Xiaomi 2024 dan struktur wilayah IDC
2024-01-23,Latin America,Other,2666,Estimasi berbasis shipment Xiaomi 2024 dan struktur wilayah IDC
2024-01-23,Middle East & Africa,Other,2133,Estimasi berbasis shipment Xiaomi 2024 dan struktur wilayah IDC
2024-01-24,Asia,Redmi,166557,Estimasi berbasis shipment Xiaomi 2024 dan struktur wilayah IDC
2024-01-24,Europe,Redmi,68920,Estimasi berbasis shipment Xiaomi 2024 dan struktur wilayah IDC
2024-01-24,Latin America,Redmi,28717,Estimasi berbasis shipment Xiaomi 2024 dan struktur wilayah IDC
2024-01-24,Middle East & Africa,Redmi,22973,Estimasi berbasis shipment Xiaomi 2024 dan struktur wilayah IDC
2024-01-24,Asia,Xiaomi Flagship,19641,Estimasi berbasis shipment Xiaomi 2024 dan struktur wilayah IDC
2024-01-24,Europe,Xiaomi Flagship,8127,Estimasi berbasis shipment Xiaomi 2024 dan struktur wilayah IDC
2024-01-24,Latin America,Xiaomi Flagship,3386,Estimasi berbasis shipment Xiaomi 2024 dan struktur wilayah IDC
2024-01-24,Middle East & Africa,Xiaomi Flagship,2709,Estimasi berbasis shipment Xiaomi 2024 dan struktur wilayah IDC
2024-01-24,Asia,POCO,28021,Estimasi berbasis shipment Xiaomi 2024 dan struktur wilayah IDC
2024-01-24,Europe,POCO,11595,Estimasi berbasis shipment Xiaomi 2024 dan struktur wilayah IDC
2024-01-24,Latin America,POCO,4831,Estimasi berbasis shipment Xiaomi 2024 dan struktur wilayah IDC
2024-01-24,Middle East & Africa,POCO,3865,Estimasi berbasis shipment Xiaomi 2024 dan struktur wilayah IDC
2024-01-24,Asia,Black Shark,4452,Estimasi berbasis shipment Xiaomi 2024 dan struktur wilayah IDC
2024-01-24,Europe,Black Shark,1842,Estimasi berbasis shipment Xiaomi 2024 dan struktur wilayah IDC
2024-01-24,Latin America,Black Shark,768,Estimasi berbasis shipment Xiaomi 2024 dan struktur wilayah IDC
2024-01-24,Middle East & Africa,Black Shark,614,Estimasi berbasis shipment Xiaomi 2024 dan struktur wilayah IDC
2024-01-24,Asia,Other,17022,Estimasi berbasis shipment Xiaomi 2024 dan struktur wilayah IDC
2024-01-24,Europe,Other,7044,Estimasi berbasis shipment Xiaomi 2024 dan struktur wilayah IDC
2024-01-24,Latin America,Other,2935,Estimasi berbasis shipment Xiaomi 2024 dan struktur wilayah IDC
2024-01-24,Middle East & Africa,Other,2348,Estimasi berbasis shipment Xiaomi 2024 dan struktur wilayah IDC
2024-01-25,Asia,Redmi,140524,Estimasi berbasis shipment Xiaomi 2024 dan struktur wilayah IDC
2024-01-25,Europe,Redmi,58148,Estimasi berbasis shipment Xiaomi 2024 dan struktur wilayah IDC
2024-01-25,Latin America,Redmi,24228,Estimasi berbasis shipment Xiaomi 2024 dan struktur wilayah IDC
2024-01-25,Middle East & Africa,Redmi,19383,Estimasi berbasis shipment Xiaomi 2024 dan struktur wilayah IDC
2024-01-25,Asia,Xiaomi Flagship,16571,Estimasi berbasis shipment Xiaomi 2024 dan struktur wilayah IDC
2024-01-25,Europe,Xiaomi Flagship,6857,Estimasi berbasis shipment Xiaomi 2024 dan struktur wilayah IDC
2024-01-25,Latin America,Xiaomi Flagship,2857,Estimasi berbasis shipment Xiaomi 2024 dan struktur wilayah IDC
2024-01-25,Middle East & Africa,Xiaomi Flagship,2286,Estimasi berbasis shipment Xiaomi 2024 dan struktur wilayah IDC
2024-01-25,Asia,POCO,23642,Estimasi berbasis shipment Xiaomi 2024 dan struktur wilayah IDC
2024-01-25,Europe,POCO,9783,Estimasi berbasis shipment Xiaomi 2024 dan struktur wilayah IDC
2024-01-25,Latin America,POCO,4076,Estimasi berbasis shipment Xiaomi 2024 dan struktur wilayah IDC
2024-01-25,Middle East & Africa,POCO,3261,Estimasi berbasis shipment Xiaomi 2024 dan struktur wilayah IDC
2024-01-25,Asia,Black Shark,3756,Estimasi berbasis shipment Xiaomi 2024 dan struktur wilayah IDC
2024-01-25,Europe,Black Shark,1554,Estimasi berbasis shipment Xiaomi 2024 dan struktur wilayah IDC
2024-01-25,Latin America,Black Shark,648,Estimasi berbasis shipment Xiaomi 2024 dan struktur wilayah IDC
2024-01-25,Middle East & Africa,Black Shark,518,Estimasi berbasis shipment Xiaomi 2024 dan struktur wilayah IDC
2024-01-25,Asia,Other,14362,Estimasi berbasis shipment Xiaomi 2024 dan struktur wilayah IDC
2024-01-25,Europe,Other,5943,Estimasi berbasis shipment Xiaomi 2024 dan struktur wilayah IDC
2024-01-25,Latin America,Other,2476,Estimasi berbasis shipment Xiaomi 2024 dan struktur wilayah IDC
2024-01-25,Middle East & Africa,Other,1981,Estimasi berbasis shipment Xiaomi 2024 dan struktur wilayah IDC
2024-01-26,Asia,Redmi,151334,Estimasi berbasis shipment Xiaomi 2024 dan struktur wilayah IDC
2024-01-26,Europe,Redmi,62621,Estimasi berbasis shipment Xiaomi 2024 dan struktur wilayah IDC
2024-01-26,Latin America,Redmi,26092,Estimasi berbasis shipment Xiaomi 2024 dan struktur wilayah IDC
2024-01-26,Middle East & Africa,Redmi,20874,Estimasi berbasis shipment Xiaomi 2024 dan struktur wilayah IDC
2024-01-26,Asia,Xiaomi Flagship,17846,Estimasi berbasis shipment Xiaomi 2024 dan struktur wilayah IDC
2024-01-26,Europe,Xiaomi Flagship,7385,Estimasi berbasis shipment Xiaomi 2024 dan struktur wilayah IDC
2024-01-26,Latin America,Xiaomi Flagship,3077,Estimasi berbasis shipment Xiaomi 2024 dan struktur wilayah IDC
2024-01-26,Middle East & Africa,Xiaomi Flagship,2462,Estimasi berbasis shipment Xiaomi 2024 dan struktur wilayah IDC
2024-01-26,Asia,POCO,25460,Estimasi berbasis shipment Xiaomi 2024 dan struktur wilayah IDC
2024-01-26,Europe,POCO,10535,Estimasi berbasis shipment Xiaomi 2024 dan struktur wilayah IDC
2024-01-26,Latin America,POCO,4390,Estimasi berbasis shipment Xiaomi 2024 dan struktur wilayah IDC
2024-01-26,Middle East & Africa,POCO,3512,Estimasi berbasis shipment Xiaomi 2024 dan struktur wilayah IDC
2024-01-26,Asia,Black Shark,4045,Estimasi berbasis shipment Xiaomi 2024 dan struktur wilayah IDC
2024-01-26,Europe,Black Shark,1674,Estimasi berbasis shipment Xiaomi 2024 dan struktur wilayah IDC
2024-01-26,Latin America,Black Shark,697,Estimasi berbasis shipment Xiaomi 2024 dan struktur wilayah IDC
2024-01-26,Middle East & Africa,Black Shark,558,Estimasi berbasis shipment Xiaomi 2024 dan struktur wilayah IDC
2024-01-26,Asia,Other,15467,Estimasi berbasis shipment Xiaomi 2024 dan struktur wilayah IDC
2024-01-26,Europe,Other,6400,Estimasi berbasis shipment Xiaomi 2024 dan struktur wilayah IDC
2024-01-26,Latin America,Other,2667,Estimasi berbasis shipment Xiaomi 2024 dan struktur wilayah IDC
2024-01-26,Middle East & Africa,Other,2133,Estimasi berbasis shipment Xiaomi 2024 dan struktur wilayah IDC
2024-01-27,Asia,Redmi,165866,Estimasi berbasis shipment Xiaomi 2024 dan struktur wilayah IDC
2024-01-27,Europe,Redmi,68634,Estimasi berbasis shipment Xiaomi 2024 dan struktur wilayah IDC
2024-01-27,Latin America,Redmi,28598,Estimasi berbasis shipment Xiaomi 2024 dan struktur wilayah IDC
2024-01-27,Middle East & Africa,Redmi,22878,Estimasi berbasis shipment Xiaomi 2024 dan struktur wilayah IDC
2024-01-27,Asia,Xiaomi Flagship,19560,Estimasi berbasis shipment Xiaomi 2024 dan struktur wilayah IDC
2024-01-27,Europe,Xiaomi Flagship,8094,Estimasi berbasis shipment Xiaomi 2024 dan struktur wilayah IDC
2024-01-27,Latin America,Xiaomi Flagship,3372,Estimasi berbasis shipment Xiaomi 2024 dan struktur wilayah IDC
2024-01-27,Middle East & Africa,Xiaomi Flagship,2698,Estimasi berbasis shipment Xiaomi 2024 dan struktur wilayah IDC
2024-01-27,Asia,POCO,27905,Estimasi berbasis shipment Xiaomi 2024 dan struktur wilayah IDC
2024-01-27,Europe,POCO,11547,Estimasi berbasis shipment Xiaomi 2024 dan struktur wilayah IDC
2024-01-27,Latin America,POCO,4811,Estimasi berbasis shipment Xiaomi 2024 dan struktur wilayah IDC
2024-01-27,Middle East & Africa,POCO,3849,Estimasi berbasis shipment Xiaomi 2024 dan struktur wilayah IDC
2024-01-27,Asia,Black Shark,4434,Estimasi berbasis shipment Xiaomi 2024 dan struktur wilayah IDC
2024-01-27,Europe,Black Shark,1835,Estimasi berbasis shipment Xiaomi 2024 dan struktur wilayah IDC
2024-01-27,Latin America,Black Shark,764,Estimasi berbasis shipment Xiaomi 2024 dan struktur wilayah IDC
2024-01-27,Middle East & Africa,Black Shark,612,Estimasi berbasis shipment Xiaomi 2024 dan struktur wilayah IDC
2024-01-27,Asia,Other,16952,Estimasi berbasis shipment Xiaomi 2024 dan struktur wilayah IDC
2024-01-27,Europe,Other,7014,Estimasi berbasis shipment Xiaomi 2024 dan struktur wilayah IDC
2024-01-27,Latin America,Other,2923,Estimasi berbasis shipment Xiaomi 2024 dan struktur wilayah IDC
2024-01-27,Middle East & Africa,Other,2338,Estimasi berbasis shipment Xiaomi 2024 dan struktur wilayah IDC
2024-01-28,Asia,Redmi,153464,Estimasi berbasis shipment Xiaomi 2024 dan struktur wilayah IDC
2024-01-28,Europe,Redmi,63502,Estimasi berbasis shipment Xiaomi 2024 dan struktur wilayah IDC
2024-01-28,Latin America,Redmi,26459,Estimasi berbasis shipment Xiaomi 2024 dan struktur wilayah IDC
2024-01-28,Middle East & Africa,Redmi,21167,Estimasi berbasis shipment Xiaomi 2024 dan struktur wilayah IDC
2024-01-28,Asia,Xiaomi Flagship,18097,Estimasi berbasis shipment Xiaomi 2024 dan struktur wilayah IDC
2024-01-28,Europe,Xiaomi Flagship,7488,Estimasi berbasis shipment Xiaomi 2024 dan struktur wilayah IDC
2024-01-28,Latin America,Xiaomi Flagship,3120,Estimasi berbasis shipment Xiaomi 2024 dan struktur wilayah IDC
2024-01-28,Middle East & Africa,Xiaomi Flagship,2496,Estimasi berbasis shipment Xiaomi 2024 dan struktur wilayah IDC
2024-01-28,Asia,POCO,25819,Estimasi berbasis shipment Xiaomi 2024 dan struktur wilayah IDC
2024-01-28,Europe,POCO,10684,Estimasi berbasis shipment Xiaomi 2024 dan struktur wilayah IDC
2024-01-28,Latin America,POCO,4451,Estimasi berbasis shipment Xiaomi 2024 dan struktur wilayah IDC
2024-01-28,Middle East & Africa,POCO,3561,Estimasi berbasis shipment Xiaomi 2024 dan struktur wilayah IDC
2024-01-28,Asia,Black Shark,4102,Estimasi berbasis shipment Xiaomi 2024 dan struktur wilayah IDC
2024-01-28,Europe,Black Shark,1697,Estimasi berbasis shipment Xiaomi 2024 dan struktur wilayah IDC
2024-01-28,Latin America,Black Shark,707,Estimasi berbasis shipment Xiaomi 2024 dan struktur wilayah IDC
2024-01-28,Middle East & Africa,Black Shark,566,Estimasi berbasis shipment Xiaomi 2024 dan struktur wilayah IDC
2024-01-28,Asia,Other,15684,Estimasi berbasis shipment Xiaomi 2024 dan struktur wilayah IDC
2024-01-28,Europe,Other,6490,Estimasi berbasis shipment Xiaomi 2024 dan struktur wilayah IDC
2024-01-28,Latin America,Other,2704,Estimasi berbasis shipment Xiaomi 2024 dan struktur wilayah IDC
2024-01-28,Middle East & Africa,Other,2163,Estimasi berbasis shipment Xiaomi 2024 dan struktur wilayah IDC
2024-01-29,Asia,Redmi,157916,Estimasi berbasis shipment Xiaomi 2024 dan struktur wilayah IDC
2024-01-29,Europe,Redmi,65345,Estimasi berbasis shipment Xiaomi 2024 dan struktur wilayah IDC
2024-01-29,Latin America,Redmi,27227,Estimasi berbasis shipment Xiaomi 2024 dan struktur wilayah IDC
2024-01-29,Middle East & Africa,Redmi,21782,Estimasi berbasis shipment Xiaomi 2024 dan struktur wilayah IDC
2024-01-29,Asia,Xiaomi Flagship,18622,Estimasi berbasis shipment Xiaomi 2024 dan struktur wilayah IDC
2024-01-29,Europe,Xiaomi Flagship,7706,Estimasi berbasis shipment Xiaomi 2024 dan struktur wilayah IDC
2024-01-29,Latin America,Xiaomi Flagship,3211,Estimasi berbasis shipment Xiaomi 2024 dan struktur wilayah IDC
2024-01-29,Middle East & Africa,Xiaomi Flagship,2569,Estimasi berbasis shipment Xiaomi 2024 dan struktur wilayah IDC
2024-01-29,Asia,POCO,26568,Estimasi berbasis shipment Xiaomi 2024 dan struktur wilayah IDC
2024-01-29,Europe,POCO,10994,Estimasi berbasis shipment Xiaomi 2024 dan struktur wilayah IDC
2024-01-29,Latin America,POCO,4581,Estimasi berbasis shipment Xiaomi 2024 dan struktur wilayah IDC
2024-01-29,Middle East & Africa,POCO,3665,Estimasi berbasis shipment Xiaomi 2024 dan struktur wilayah IDC
2024-01-29,Asia,Black Shark,4221,Estimasi berbasis shipment Xiaomi 2024 dan struktur wilayah IDC
2024-01-29,Europe,Black Shark,1747,Estimasi berbasis shipment Xiaomi 2024 dan struktur wilayah IDC
2024-01-29,Latin America,Black Shark,728,Estimasi berbasis shipment Xiaomi 2024 dan struktur wilayah IDC
2024-01-29,Middle East & Africa,Black Shark,582,Estimasi berbasis shipment Xiaomi 2024 dan struktur wilayah IDC
2024-01-29,Asia,Other,16139,Estimasi berbasis shipment Xiaomi 2024 dan struktur wilayah IDC
2024-01-29,Europe,Other,6678,Estimasi berbasis shipment Xiaomi 2024 dan struktur wilayah IDC
2024-01-29,Latin America,Other,2783,Estimasi berbasis shipment Xiaomi 2024 dan struktur wilayah IDC
2024-01-29,Middle East & Africa,Other,2226,Estimasi berbasis shipment Xiaomi 2024 dan struktur wilayah IDC
2024-01-30,Asia,Redmi,138539,Estimasi berbasis shipment Xiaomi 2024 dan struktur wilayah IDC
2024-01-30,Europe,Redmi,57326,Estimasi berbasis shipment Xiaomi 2024 dan struktur wilayah IDC
2024-01-30,Latin America,Redmi,23886,Estimasi berbasis shipment Xiaomi 2024 dan struktur wilayah IDC
2024-01-30,Middle East & Africa,Redmi,19109,Estimasi berbasis shipment Xiaomi 2024 dan struktur wilayah IDC
2024-01-30,Asia,Xiaomi Flagship,16337,Estimasi berbasis shipment Xiaomi 2024 dan struktur wilayah IDC
2024-01-30,Europe,Xiaomi Flagship,6760,Estimasi berbasis shipment Xiaomi 2024 dan struktur wilayah IDC
2024-01-30,Latin America,Xiaomi Flagship,2817,Estimasi berbasis shipment Xiaomi 2024 dan struktur wilayah IDC
2024-01-30,Middle East & Africa,Xiaomi Flagship,2253,Estimasi berbasis shipment Xiaomi 2024 dan struktur wilayah IDC
2024-01-30,Asia,POCO,23308,Estimasi berbasis shipment Xiaomi 2024 dan struktur wilayah IDC
2024-01-30,Europe,POCO,9645,Estimasi berbasis shipment Xiaomi 2024 dan struktur wilayah IDC
2024-01-30,Latin America,POCO,4019,Estimasi berbasis shipment Xiaomi 2024 dan struktur wilayah IDC
2024-01-30,Middle East & Africa,POCO,3215,Estimasi berbasis shipment Xiaomi 2024 dan struktur wilayah IDC
2024-01-30,Asia,Black Shark,3703,Estimasi berbasis shipment Xiaomi 2024 dan struktur wilayah IDC
2024-01-30,Europe,Black Shark,1532,Estimasi berbasis shipment Xiaomi 2024 dan struktur wilayah IDC
2024-01-30,Latin America,Black Shark,638,Estimasi berbasis shipment Xiaomi 2024 dan struktur wilayah IDC
2024-01-30,Middle East & Africa,Black Shark,511,Estimasi berbasis shipment Xiaomi 2024 dan struktur wilayah IDC
2024-01-30,Asia,Other,14159,Estimasi berbasis shipment Xiaomi 2024 dan struktur wilayah IDC
2024-01-30,Europe,Other,5859,Estimasi berbasis shipment Xiaomi 2024 dan struktur wilayah IDC
2024-01-30,Latin America,Other,2441,Estimasi berbasis shipment Xiaomi 2024 dan struktur wilayah IDC
2024-01-30,Middle East & Africa,Other,1953,Estimasi berbasis shipment Xiaomi 2024 dan struktur wilayah IDC
2024-01-31,Asia,Redmi,165081,Estimasi berbasis shipment Xiaomi 2024 dan struktur wilayah IDC
2024-01-31,Europe,Redmi,68309,Estimasi berbasis shipment Xiaomi 2024 dan struktur wilayah IDC
2024-01-31,Latin America,Redmi,28462,Estimasi berbasis shipment Xiaomi 2024 dan struktur wilayah IDC
2024-01-31,Middle East & Africa,Redmi,22770,Estimasi berbasis shipment Xiaomi 2024 dan struktur wilayah IDC
2024-01-31,Asia,Xiaomi Flagship,19467,Estimasi berbasis shipment Xiaomi 2024 dan struktur wilayah IDC
2024-01-31,Europe,Xiaomi Flagship,8055,Estimasi berbasis shipment Xiaomi 2024 dan struktur wilayah IDC
2024-01-31,Latin America,Xiaomi Flagship,3356,Estimasi berbasis shipment Xiaomi 2024 dan struktur wilayah IDC
2024-01-31,Middle East & Africa,Xiaomi Flagship,2685,Estimasi berbasis shipment Xiaomi 2024 dan struktur wilayah IDC
2024-01-31,Asia,POCO,27773,Estimasi berbasis shipment Xiaomi 2024 dan struktur wilayah IDC
2024-01-31,Europe,POCO,11492,Estimasi berbasis shipment Xiaomi 2024 dan struktur wilayah IDC
2024-01-31,Latin America,POCO,4788,Estimasi berbasis shipment Xiaomi 2024 dan struktur wilayah IDC
2024-01-31,Middle East & Africa,POCO,3831,Estimasi berbasis shipment Xiaomi 2024 dan struktur wilayah IDC
2024-01-31,Asia,Black Shark,4413,Estimasi berbasis shipment Xiaomi 2024 dan struktur wilayah IDC
2024-01-31,Europe,Black Shark,1826,Estimasi berbasis shipment Xiaomi 2024 dan struktur wilayah IDC
2024-01-31,Latin America,Black Shark,761,Estimasi berbasis shipment Xiaomi 2024 dan struktur wilayah IDC
2024-01-31,Middle East & Africa,Black Shark,609,Estimasi berbasis shipment Xiaomi 2024 dan struktur wilayah IDC
2024-01-31,Asia,Other,16871,Estimasi berbasis shipment Xiaomi 2024 dan struktur wilayah IDC
2024-01-31,Europe,Other,6981,Estimasi berbasis shipment Xiaomi 2024 dan struktur wilayah IDC
2024-01-31,Latin America,Other,2909,Estimasi berbasis shipment Xiaomi 2024 dan struktur wilayah IDC
2024-01-31,Middle East & Africa,Other,2327,Estimasi berbasis shipment Xiaomi 2024 dan struktur wilayah IDC
2024-02-01,Asia,Redmi,161111,Estimasi berbasis shipment Xiaomi 2024 dan struktur wilayah IDC
2024-02-01,Europe,Redmi,66667,Estimasi berbasis shipment Xiaomi 2024 dan struktur wilayah IDC
2024-02-01,Latin America,Redmi,27778,Estimasi berbasis shipment Xiaomi 2024 dan struktur wilayah IDC
2024-02-01,Middle East & Africa,Redmi,22222,Estimasi berbasis shipment Xiaomi 2024 dan struktur wilayah IDC
2024-02-01,Asia,Xiaomi Flagship,18999,Estimasi berbasis shipment Xiaomi 2024 dan struktur wilayah IDC
2024-02-01,Europe,Xiaomi Flagship,7862,Estimasi berbasis shipment Xiaomi 2024 dan struktur wilayah IDC
2024-02-01,Latin America,Xiaomi Flagship,3276,Estimasi berbasis shipment Xiaomi 2024 dan struktur wilayah IDC
2024-02-01,Middle East & Africa,Xiaomi Flagship,2621,Estimasi berbasis shipment Xiaomi 2024 dan struktur wilayah IDC
2024-02-01,Asia,POCO,27105,Estimasi berbasis shipment Xiaomi 2024 dan struktur wilayah IDC
2024-02-01,Europe,POCO,11216,Estimasi berbasis shipment Xiaomi 2024 dan struktur wilayah IDC
2024-02-01,Latin America,POCO,4673,Estimasi berbasis shipment Xiaomi 2024 dan struktur wilayah IDC
2024-02-01,Middle East & Africa,POCO,3739,Estimasi berbasis shipment Xiaomi 2024 dan struktur wilayah IDC
2024-02-01,Asia,Black Shark,4306,Estimasi berbasis shipment Xiaomi 2024 dan struktur wilayah IDC
2024-02-01,Europe,Black Shark,1782,Estimasi berbasis shipment Xiaomi 2024 dan struktur wilayah IDC
2024-02-01,Latin America,Black Shark,742,Estimasi berbasis shipment Xiaomi 2024 dan struktur wilayah IDC
2024-02-01,Middle East & Africa,Black Shark,594,Estimasi berbasis shipment Xiaomi 2024 dan struktur wilayah IDC
2024-02-01,Asia,Other,16466,Estimasi berbasis shipment Xiaomi 2024 dan struktur wilayah IDC
2024-02-01,Europe,Other,6813,Estimasi berbasis shipment Xiaomi 2024 dan struktur wilayah IDC
2024-02-01,Latin America,Other,2839,Estimasi berbasis shipment Xiaomi 2024 dan struktur wilayah IDC
2024-02-01,Middle East & Africa,Other,2271,Estimasi berbasis shipment Xiaomi 2024 dan struktur wilayah IDC
2024-02-02,Asia,Redmi,148429,Estimasi berbasis shipment Xiaomi 2024 dan struktur wilayah IDC
2024-02-02,Europe,Redmi,61419,Estimasi berbasis shipment Xiaomi 2024 dan struktur wilayah IDC
2024-02-02,Latin America,Redmi,25591,Estimasi berbasis shipment Xiaomi 2024 dan struktur wilayah IDC
2024-02-02,Middle East & Africa,Redmi,20473,Estimasi berbasis shipment Xiaomi 2024 dan struktur wilayah IDC
2024-02-02,Asia,Xiaomi Flagship,17503,Estimasi berbasis shipment Xiaomi 2024 dan struktur wilayah IDC
2024-02-02,Europe,Xiaomi Flagship,7243,Estimasi berbasis shipment Xiaomi 2024 dan struktur wilayah IDC
2024-02-02,Latin America,Xiaomi Flagship,3018,Estimasi berbasis shipment Xiaomi 2024 dan struktur wilayah IDC
2024-02-02,Middle East & Africa,Xiaomi Flagship,2414,Estimasi berbasis shipment Xiaomi 2024 dan struktur wilayah IDC
2024-02-02,Asia,POCO,24971,Estimasi berbasis shipment Xiaomi 2024 dan struktur wilayah IDC
2024-02-02,Europe,POCO,10333,Estimasi berbasis shipment Xiaomi 2024 dan struktur wilayah IDC
2024-02-02,Latin America,POCO,4305,Estimasi berbasis shipment Xiaomi 2024 dan struktur wilayah IDC
2024-02-02,Middle East & Africa,POCO,3444,Estimasi berbasis shipment Xiaomi 2024 dan struktur wilayah IDC
2024-02-02,Asia,Black Shark,3967,Estimasi berbasis shipment Xiaomi 2024 dan struktur wilayah IDC
2024-02-02,Europe,Black Shark,1642,Estimasi berbasis shipment Xiaomi 2024 dan struktur wilayah IDC
2024-02-02,Latin America,Black Shark,684,Estimasi berbasis shipment Xiaomi 2024 dan struktur wilayah IDC
2024-02-02,Middle East & Africa,Black Shark,547,Estimasi berbasis shipment Xiaomi 2024 dan struktur wilayah IDC
2024-02-02,Asia,Other,15170,Estimasi berbasis shipment Xiaomi 2024 dan struktur wilayah IDC
2024-02-02,Europe,Other,6277,Estimasi berbasis shipment Xiaomi 2024 dan struktur wilayah IDC
2024-02-02,Latin America,Other,2615,Estimasi berbasis shipment Xiaomi 2024 dan struktur wilayah IDC
2024-02-02,Middle East & Africa,Other,2092,Estimasi berbasis shipment Xiaomi 2024 dan struktur wilayah IDC
2024-02-03,Asia,Redmi,145186,Estimasi berbasis shipment Xiaomi 2024 dan struktur wilayah IDC
2024-02-03,Europe,Redmi,60077,Estimasi berbasis shipment Xiaomi 2024 dan struktur wilayah IDC
2024-02-03,Latin America,Redmi,25032,Estimasi berbasis shipment Xiaomi 2024 dan struktur wilayah IDC
2024-02-03,Middle East & Africa,Redmi,20026,Estimasi berbasis shipment Xiaomi 2024 dan struktur wilayah IDC
2024-02-03,Asia,Xiaomi Flagship,17121,Estimasi berbasis shipment Xiaomi 2024 dan struktur wilayah IDC
2024-02-03,Europe,Xiaomi Flagship,7085,Estimasi berbasis shipment Xiaomi 2024 dan struktur wilayah IDC
2024-02-03,Latin America,Xiaomi Flagship,2952,Estimasi berbasis shipment Xiaomi 2024 dan struktur wilayah IDC
2024-02-03,Middle East & Africa,Xiaomi Flagship,2362,Estimasi berbasis shipment Xiaomi 2024 dan struktur wilayah IDC
2024-02-03,Asia,POCO,24426,Estimasi berbasis shipment Xiaomi 2024 dan struktur wilayah IDC
2024-02-03,Europe,POCO,10107,Estimasi berbasis shipment Xiaomi 2024 dan struktur wilayah IDC
2024-02-03,Latin America,POCO,4211,Estimasi berbasis shipment Xiaomi 2024 dan struktur wilayah IDC
2024-02-03,Middle East & Africa,POCO,3369,Estimasi berbasis shipment Xiaomi 2024 dan struktur wilayah IDC
2024-02-03,Asia,Black Shark,3881,Estimasi berbasis shipment Xiaomi 2024 dan struktur wilayah IDC
2024-02-03,Europe,Black Shark,1606,Estimasi berbasis shipment Xiaomi 2024 dan struktur wilayah IDC
2024-02-03,Latin America,Black Shark,669,Estimasi berbasis shipment Xiaomi 2024 dan struktur wilayah IDC
2024-02-03,Middle East & Africa,Black Shark,535,Estimasi berbasis shipment Xiaomi 2024 dan struktur wilayah IDC
2024-02-03,Asia,Other,14838,Estimasi berbasis shipment Xiaomi 2024 dan struktur wilayah IDC
2024-02-03,Europe,Other,6140,Estimasi berbasis shipment Xiaomi 2024 dan struktur wilayah IDC
2024-02-03,Latin America,Other,2558,Estimasi berbasis shipment Xiaomi 2024 dan struktur wilayah IDC
2024-02-03,Middle East & Africa,Other,2047,Estimasi berbasis shipment Xiaomi 2024 dan struktur wilayah IDC
2024-02-04,Asia,Redmi,143195,Estimasi berbasis shipment Xiaomi 2024 dan struktur wilayah IDC
2024-02-04,Europe,Redmi,59253,Estimasi berbasis shipment Xiaomi 2024 dan struktur wilayah IDC
2024-02-04,Latin America,Redmi,24689,Estimasi berbasis shipment Xiaomi 2024 dan struktur wilayah IDC
2024-02-04,Middle East & Africa,Redmi,19751,Estimasi berbasis shipment Xiaomi 2024 dan struktur wilayah IDC
2024-02-04,Asia,Xiaomi Flagship,16886,Estimasi berbasis shipment Xiaomi 2024 dan struktur wilayah IDC
2024-02-04,Europe,Xiaomi Flagship,6987,Estimasi berbasis shipment Xiaomi 2024 dan struktur wilayah IDC
2024-02-04,Latin America,Xiaomi Flagship,2911,Estimasi berbasis shipment Xiaomi 2024 dan struktur wilayah IDC
2024-02-04,Middle East & Africa,Xiaomi Flagship,2329,Estimasi berbasis shipment Xiaomi 2024 dan struktur wilayah IDC
2024-02-04,Asia,POCO,24091,Estimasi berbasis shipment Xiaomi 2024 dan struktur wilayah IDC
2024-02-04,Europe,POCO,9969,Estimasi berbasis shipment Xiaomi 2024 dan struktur wilayah IDC
2024-02-04,Latin America,POCO,4154,Estimasi berbasis shipment Xiaomi 2024 dan struktur wilayah IDC
2024-02-04,Middle East & Africa,POCO,3323,Estimasi berbasis shipment Xiaomi 2024 dan struktur wilayah IDC
2024-02-04,Asia,Black Shark,3828,Estimasi berbasis shipment Xiaomi 2024 dan struktur wilayah IDC
2024-02-04,Europe,Black Shark,1584,Estimasi berbasis shipment Xiaomi 2024 dan struktur wilayah IDC
2024-02-04,Latin America,Black Shark,660,Estimasi berbasis shipment Xiaomi 2024 dan struktur wilayah IDC
2024-02-04,Middle East & Africa,Black Shark,528,Estimasi berbasis shipment Xiaomi 2024 dan struktur wilayah IDC
2024-02-04,Asia,Other,14635,Estimasi berbasis shipment Xiaomi 2024 dan struktur wilayah IDC
2024-02-04,Europe,Other,6056,Estimasi berbasis shipment Xiaomi 2024 dan struktur wilayah IDC
2024-02-04,Latin America,Other,2523,Estimasi berbasis shipment Xiaomi 2024 dan struktur wilayah IDC
2024-02-04,Middle East & Africa,Other,2019,Estimasi berbasis shipment Xiaomi 2024 dan struktur wilayah IDC
2024-02-05,Asia,Redmi,169028,Estimasi berbasis shipment Xiaomi 2024 dan struktur wilayah IDC
2024-02-05,Europe,Redmi,69943,Estimasi berbasis shipment Xiaomi 2024 dan struktur wilayah IDC
2024-02-05,Latin America,Redmi,29143,Estimasi berbasis shipment Xiaomi 2024 dan struktur wilayah IDC
2024-02-05,Middle East & Africa,Redmi,23314,Estimasi berbasis shipment Xiaomi 2024 dan struktur wilayah IDC
2024-02-05,Asia,Xiaomi Flagship,19933,Estimasi berbasis shipment Xiaomi 2024 dan struktur wilayah IDC
2024-02-05,Europe,Xiaomi Flagship,8248,Estimasi berbasis shipment Xiaomi 2024 dan struktur wilayah IDC
2024-02-05,Latin America,Xiaomi Flagship,3437,Estimasi berbasis shipment Xiaomi 2024 dan struktur wilayah IDC
2024-02-05,Middle East & Africa,Xiaomi Flagship,2749,Estimasi berbasis shipment Xiaomi 2024 dan struktur wilayah IDC
2024-02-05,Asia,POCO,28437,Estimasi berbasis shipment Xiaomi 2024 dan struktur wilayah IDC
2024-02-05,Europe,POCO,11767,Estimasi berbasis shipment Xiaomi 2024 dan struktur wilayah IDC
2024-02-05,Latin America,POCO,4903,Estimasi berbasis shipment Xiaomi 2024 dan struktur wilayah IDC
2024-02-05,Middle East & Africa,POCO,3922,Estimasi berbasis shipment Xiaomi 2024 dan struktur wilayah IDC
2024-02-05,Asia,Black Shark,4518,Estimasi berbasis shipment Xiaomi 2024 dan struktur wilayah IDC
2024-02-05,Europe,Black Shark,1870,Estimasi berbasis shipment Xiaomi 2024 dan struktur wilayah IDC
2024-02-05,Latin America,Black Shark,779,Estimasi berbasis shipment Xiaomi 2024 dan struktur wilayah IDC
2024-02-05,Middle East & Africa,Black Shark,623,Estimasi berbasis shipment Xiaomi 2024 dan struktur wilayah IDC
2024-02-05,Asia,Other,17275,Estimasi berbasis shipment Xiaomi 2024 dan struktur wilayah IDC
2024-02-05,Europe,Other,7148,Estimasi berbasis shipment Xiaomi 2024 dan struktur wilayah IDC
2024-02-05,Latin America,Other,2978,Estimasi berbasis shipment Xiaomi 2024 dan struktur wilayah IDC
2024-02-05,Middle East & Africa,Other,2383,Estimasi berbasis shipment Xiaomi 2024 dan struktur wilayah IDC
2024-02-06,Asia,Redmi,167784,Estimasi berbasis shipment Xiaomi 2024 dan struktur wilayah IDC
2024-02-06,Europe,Redmi,69428,Estimasi berbasis shipment Xiaomi 2024 dan struktur wilayah IDC
2024-02-06,Latin America,Redmi,28928,Estimasi berbasis shipment Xiaomi 2024 dan struktur wilayah IDC
2024-02-06,Middle East & Africa,Redmi,23143,Estimasi berbasis shipment Xiaomi 2024 dan struktur wilayah IDC
2024-02-06,Asia,Xiaomi Flagship,19786,Estimasi berbasis shipment Xiaomi 2024 dan struktur wilayah IDC
2024-02-06,Europe,Xiaomi Flagship,8187,Estimasi berbasis shipment Xiaomi 2024 dan struktur wilayah IDC
2024-02-06,Latin America,Xiaomi Flagship,3411,Estimasi berbasis shipment Xiaomi 2024 dan struktur wilayah IDC
2024-02-06,Middle East & Africa,Xiaomi Flagship,2729,Estimasi berbasis shipment Xiaomi 2024 dan struktur wilayah IDC
2024-02-06,Asia,POCO,28228,Estimasi berbasis shipment Xiaomi 2024 dan struktur wilayah IDC
2024-02-06,Europe,POCO,11680,Estimasi berbasis shipment Xiaomi 2024 dan struktur wilayah IDC
2024-02-06,Latin America,POCO,4867,Estimasi berbasis shipment Xiaomi 2024 dan struktur wilayah IDC
2024-02-06,Middle East & Africa,POCO,3893,Estimasi berbasis shipment Xiaomi 2024 dan struktur wilayah IDC
2024-02-06,Asia,Black Shark,4485,Estimasi berbasis shipment Xiaomi 2024 dan struktur wilayah IDC
2024-02-06,Europe,Black Shark,1856,Estimasi berbasis shipment Xiaomi 2024 dan struktur wilayah IDC
2024-02-06,Latin America,Black Shark,773,Estimasi berbasis shipment Xiaomi 2024 dan struktur wilayah IDC
2024-02-06,Middle East & Africa,Black Shark,619,Estimasi berbasis shipment Xiaomi 2024 dan struktur wilayah IDC
2024-02-06,Asia,Other,17148,Estimasi berbasis shipment Xiaomi 2024 dan struktur wilayah IDC
2024-02-06,Europe,Other,7096,Estimasi berbasis shipment Xiaomi 2024 dan struktur wilayah IDC
2024-02-06,Latin America,Other,2957,Estimasi berbasis shipment Xiaomi 2024 dan struktur wilayah IDC
2024-02-06,Middle East & Africa,Other,2365,Estimasi berbasis shipment Xiaomi 2024 dan struktur wilayah IDC
2024-02-07,Asia,Redmi,151398,Estimasi berbasis shipment Xiaomi 2024 dan struktur wilayah IDC
2024-02-07,Europe,Redmi,62647,Estimasi berbasis shipment Xiaomi 2024 dan struktur wilayah IDC
2024-02-07,Latin America,Redmi,26103,Estimasi berbasis shipment Xiaomi 2024 dan struktur wilayah IDC
2024-02-07,Middle East & Africa,Redmi,20882,Estimasi berbasis shipment Xiaomi 2024 dan struktur wilayah IDC
2024-02-07,Asia,Xiaomi Flagship,17854,Estimasi berbasis shipment Xiaomi 2024 dan struktur wilayah IDC
2024-02-07,Europe,Xiaomi Flagship,7388,Estimasi berbasis shipment Xiaomi 2024 dan struktur wilayah IDC
2024-02-07,Latin America,Xiaomi Flagship,3078,Estimasi berbasis shipment Xiaomi 2024 dan struktur wilayah IDC
2024-02-07,Middle East & Africa,Xiaomi Flagship,2463,Estimasi berbasis shipment Xiaomi 2024 dan struktur wilayah IDC
2024-02-07,Asia,POCO,25471,Estimasi berbasis shipment Xiaomi 2024 dan struktur wilayah IDC
2024-02-07,Europe,POCO,10540,Estimasi berbasis shipment Xiaomi 2024 dan struktur wilayah IDC
2024-02-07,Latin America,POCO,4392,Estimasi berbasis shipment Xiaomi 2024 dan struktur wilayah IDC
2024-02-07,Middle East & Africa,POCO,3513,Estimasi berbasis shipment Xiaomi 2024 dan struktur wilayah IDC
2024-02-07,Asia,Black Shark,4047,Estimasi berbasis shipment Xiaomi 2024 dan struktur wilayah IDC
2024-02-07,Europe,Black Shark,1675,Estimasi berbasis shipment Xiaomi 2024 dan struktur wilayah IDC
2024-02-07,Latin America,Black Shark,698,Estimasi berbasis shipment Xiaomi 2024 dan struktur wilayah IDC
2024-02-07,Middle East & Africa,Black Shark,558,Estimasi berbasis shipment Xiaomi 2024 dan struktur wilayah IDC
2024-02-07,Asia,Other,15473,Estimasi berbasis shipment Xiaomi 2024 dan struktur wilayah IDC
2024-02-07,Europe,Other,6403,Estimasi berbasis shipment Xiaomi 2024 dan struktur wilayah IDC
2024-02-07,Latin America,Other,2668,Estimasi berbasis shipment Xiaomi 2024 dan struktur wilayah IDC
2024-02-07,Middle East & Africa,Other,2134,Estimasi berbasis shipment Xiaomi 2024 dan struktur wilayah IDC
2024-02-08,Asia,Redmi,147867,Estimasi berbasis shipment Xiaomi 2024 dan struktur wilayah IDC
2024-02-08,Europe,Redmi,61187,Estimasi berbasis shipment Xiaomi 2024 dan struktur wilayah IDC
2024-02-08,Latin America,Redmi,25494,Estimasi berbasis shipment Xiaomi 2024 dan struktur wilayah IDC
2024-02-08,Middle East & Africa,Redmi,20396,Estimasi berbasis shipment Xiaomi 2024 dan struktur wilayah IDC
2024-02-08,Asia,Xiaomi Flagship,17437,Estimasi berbasis shipment Xiaomi 2024 dan struktur wilayah IDC
2024-02-08,Europe,Xiaomi Flagship,7215,Estimasi berbasis shipment Xiaomi 2024 dan struktur wilayah IDC
2024-02-08,Latin America,Xiaomi Flagship,3006,Estimasi berbasis shipment Xiaomi 2024 dan struktur wilayah IDC
2024-02-08,Middle East & Africa,Xiaomi Flagship,2405,Estimasi berbasis shipment Xiaomi 2024 dan struktur wilayah IDC
2024-02-08,Asia,POCO,24877,Estimasi berbasis shipment Xiaomi 2024 dan struktur wilayah IDC
2024-02-08,Europe,POCO,10294,Estimasi berbasis shipment Xiaomi 2024 dan struktur wilayah IDC
2024-02-08,Latin America,POCO,4289,Estimasi berbasis shipment Xiaomi 2024 dan struktur wilayah IDC
2024-02-08,Middle East & Africa,POCO,3431,Estimasi berbasis shipment Xiaomi 2024 dan struktur wilayah IDC
2024-02-08,Asia,Black Shark,3952,Estimasi berbasis shipment Xiaomi 2024 dan struktur wilayah IDC
2024-02-08,Europe,Black Shark,1635,Estimasi berbasis shipment Xiaomi 2024 dan struktur wilayah IDC
2024-02-08,Latin America,Black Shark,681,Estimasi berbasis shipment Xiaomi 2024 dan struktur wilayah IDC
2024-02-08,Middle East & Africa,Black Shark,545,Estimasi berbasis shipment Xiaomi 2024 dan struktur wilayah IDC
2024-02-08,Asia,Other,15112,Estimasi berbasis shipment Xiaomi 2024 dan struktur wilayah IDC
2024-02-08,Europe,Other,6253,Estimasi berbasis shipment Xiaomi 2024 dan struktur wilayah IDC
2024-02-08,Latin America,Other,2606,Estimasi berbasis shipment Xiaomi 2024 dan struktur wilayah IDC
2024-02-08,Middle East & Africa,Other,2084,Estimasi berbasis shipment Xiaomi 2024 dan struktur wilayah IDC
2024-02-09,Asia,Redmi,141311,Estimasi berbasis shipment Xiaomi 2024 dan struktur wilayah IDC
2024-02-09,Europe,Redmi,58474,Estimasi berbasis shipment Xiaomi 2024 dan struktur wilayah IDC
2024-02-09,Latin America,Redmi,24364,Estimasi berbasis shipment Xiaomi 2024 dan struktur wilayah IDC
2024-02-09,Middle East & Africa,Redmi,19491,Estimasi berbasis shipment Xiaomi 2024 dan struktur wilayah IDC
2024-02-09,Asia,Xiaomi Flagship,16664,Estimasi berbasis shipment Xiaomi 2024 dan struktur wilayah IDC
2024-02-09,Europe,Xiaomi Flagship,6895,Estimasi berbasis shipment Xiaomi 2024 dan struktur wilayah IDC
2024-02-09,Latin America,Xiaomi Flagship,2873,Estimasi berbasis shipment Xiaomi 2024 dan struktur wilayah IDC
2024-02-09,Middle East & Africa,Xiaomi Flagship,2298,Estimasi berbasis shipment Xiaomi 2024 dan struktur wilayah IDC
2024-02-09,Asia,POCO,23774,Estimasi berbasis shipment Xiaomi 2024 dan struktur wilayah IDC
2024-02-09,Europe,POCO,9838,Estimasi berbasis shipment Xiaomi 2024 dan struktur wilayah IDC
2024-02-09,Latin America,POCO,4099,Estimasi berbasis shipment Xiaomi 2024 dan struktur wilayah IDC
2024-02-09,Middle East & Africa,POCO,3279,Estimasi berbasis shipment Xiaomi 2024 dan struktur wilayah IDC
2024-02-09,Asia,Black Shark,3777,Estimasi berbasis shipment Xiaomi 2024 dan struktur wilayah IDC
2024-02-09,Europe,Black Shark,1563,Estimasi berbasis shipment Xiaomi 2024 dan struktur wilayah IDC
2024-02-09,Latin America,Black Shark,651,Estimasi berbasis shipment Xiaomi 2024 dan struktur wilayah IDC
2024-02-09,Middle East & Africa,Black Shark,521,Estimasi berbasis shipment Xiaomi 2024 dan struktur wilayah IDC
2024-02-09,Asia,Other,14442,Estimasi berbasis shipment Xiaomi 2024 dan struktur wilayah IDC
2024-02-09,Europe,Other,5976,Estimasi berbasis shipment Xiaomi 2024 dan struktur wilayah IDC
2024-02-09,Latin America,Other,2490,Estimasi berbasis shipment Xiaomi 2024 dan struktur wilayah IDC
2024-02-09,Middle East & Africa,Other,1992,Estimasi berbasis shipment Xiaomi 2024 dan struktur wilayah IDC
2024-02-10,Asia,Redmi,160657,Estimasi berbasis shipment Xiaomi 2024 dan struktur wilayah IDC
2024-02-10,Europe,Redmi,66479,Estimasi berbasis shipment Xiaomi 2024 dan struktur wilayah IDC
2024-02-10,Latin America,Redmi,27700,Estimasi berbasis shipment Xiaomi 2024 dan struktur wilayah IDC
2024-02-10,Middle East & Africa,Redmi,22160,Estimasi berbasis shipment Xiaomi 2024 dan struktur wilayah IDC
2024-02-10,Asia,Xiaomi Flagship,18945,Estimasi berbasis shipment Xiaomi 2024 dan struktur wilayah IDC
2024-02-10,Europe,Xiaomi Flagship,7840,Estimasi berbasis shipment Xiaomi 2024 dan struktur wilayah IDC
2024-02-10,Latin America,Xiaomi Flagship,3266,Estimasi berbasis shipment Xiaomi 2024 dan struktur wilayah IDC
2024-02-10,Middle East & Africa,Xiaomi Flagship,2613,Estimasi berbasis shipment Xiaomi 2024 dan struktur wilayah IDC
2024-02-10,Asia,POCO,27029,Estimasi berbasis shipment Xiaomi 2024 dan struktur wilayah IDC
2024-02-10,Europe,POCO,11184,Estimasi berbasis shipment Xiaomi 2024 dan struktur wilayah IDC
2024-02-10,Latin America,POCO,4660,Estimasi berbasis shipment Xiaomi 2024 dan struktur wilayah IDC
2024-02-10,Middle East & Africa,POCO,3728,Estimasi berbasis shipment Xiaomi 2024 dan struktur wilayah IDC
2024-02-10,Asia,Black Shark,4294,Estimasi berbasis shipment Xiaomi 2024 dan struktur wilayah IDC
2024-02-10,Europe,Black Shark,1777,Estimasi berbasis shipment Xiaomi 2024 dan struktur wilayah IDC
2024-02-10,Latin America,Black Shark,740,Estimasi berbasis shipment Xiaomi 2024 dan struktur wilayah IDC
2024-02-10,Middle East & Africa,Black Shark,592,Estimasi berbasis shipment Xiaomi 2024 dan struktur wilayah IDC
2024-02-10,Asia,Other,16419,Estimasi berbasis shipment Xiaomi 2024 dan struktur wilayah IDC
2024-02-10,Europe,Other,6794,Estimasi berbasis shipment Xiaomi 2024 dan struktur wilayah IDC
2024-02-10,Latin America,Other,2831,Estimasi berbasis shipment Xiaomi 2024 dan struktur wilayah IDC
2024-02-10,Middle East & Africa,Other,2265,Estimasi berbasis shipment Xiaomi 2024 dan struktur wilayah IDC
2024-02-11,Asia,Redmi,148008,Estimasi berbasis shipment Xiaomi 2024 dan struktur wilayah IDC
2024-02-11,Europe,Redmi,61245,Estimasi berbasis shipment Xiaomi 2024 dan struktur wilayah IDC
2024-02-11,Latin America,Redmi,25519,Estimasi berbasis shipment Xiaomi 2024 dan struktur wilayah IDC
2024-02-11,Middle East & Africa,Redmi,20415,Estimasi berbasis shipment Xiaomi 2024 dan struktur wilayah IDC
2024-02-11,Asia,Xiaomi Flagship,17454,Estimasi berbasis shipment Xiaomi 2024 dan struktur wilayah IDC
2024-02-11,Europe,Xiaomi Flagship,7222,Estimasi berbasis shipment Xiaomi 2024 dan struktur wilayah IDC
2024-02-11,Latin America,Xiaomi Flagship,3009,Estimasi berbasis shipment Xiaomi 2024 dan struktur wilayah IDC
2024-02-11,Middle East & Africa,Xiaomi Flagship,2407,Estimasi berbasis shipment Xiaomi 2024 dan struktur wilayah IDC
2024-02-11,Asia,POCO,24901,Estimasi berbasis shipment Xiaomi 2024 dan struktur wilayah IDC
2024-02-11,Europe,POCO,10304,Estimasi berbasis shipment Xiaomi 2024 dan struktur wilayah IDC
2024-02-11,Latin America,POCO,4293,Estimasi berbasis shipment Xiaomi 2024 dan struktur wilayah IDC
2024-02-11,Middle East & Africa,POCO,3435,Estimasi berbasis shipment Xiaomi 2024 dan struktur wilayah IDC
2024-02-11,Asia,Black Shark,3956,Estimasi berbasis shipment Xiaomi 2024 dan struktur wilayah IDC
2024-02-11,Europe,Black Shark,1637,Estimasi berbasis shipment Xiaomi 2024 dan struktur wilayah IDC
2024-02-11,Latin America,Black Shark,682,Estimasi berbasis shipment Xiaomi 2024 dan struktur wilayah IDC
2024-02-11,Middle East & Africa,Black Shark,546,Estimasi berbasis shipment Xiaomi 2024 dan struktur wilayah IDC
2024-02-11,Asia,Other,15127,Estimasi berbasis shipment Xiaomi 2024 dan struktur wilayah IDC
2024-02-11,Europe,Other,6259,Estimasi berbasis shipment Xiaomi 2024 dan struktur wilayah IDC
2024-02-11,Latin America,Other,2608,Estimasi berbasis shipment Xiaomi 2024 dan struktur wilayah IDC
2024-02-11,Middle East & Africa,Other,2086,Estimasi berbasis shipment Xiaomi 2024 dan struktur wilayah IDC
2024-02-12,Asia,Redmi,164589,Estimasi berbasis shipment Xiaomi 2024 dan struktur wilayah IDC
2024-02-12,Europe,Redmi,68106,Estimasi berbasis shipment Xiaomi 2024 dan struktur wilayah IDC
2024-02-12,Latin America,Redmi,28377,Estimasi berbasis shipment Xiaomi 2024 dan struktur wilayah IDC
2024-02-12,Middle East & Africa,Redmi,22702,Estimasi berbasis shipment Xiaomi 2024 dan struktur wilayah IDC
2024-02-12,Asia,Xiaomi Flagship,19409,Estimasi berbasis shipment Xiaomi 2024 dan struktur wilayah IDC
2024-02-12,Europe,Xiaomi Flagship,8031,Estimasi berbasis shipment Xiaomi 2024 dan struktur wilayah IDC
2024-02-12,Latin America,Xiaomi Flagship,3346,Estimasi berbasis shipment Xiaomi 2024 dan struktur wilayah IDC
2024-02-12,Middle East & Africa,Xiaomi Flagship,2677,Estimasi berbasis shipment Xiaomi 2024 dan struktur wilayah IDC
2024-02-12,Asia,POCO,27690,Estimasi berbasis shipment Xiaomi 2024 dan struktur wilayah IDC
2024-02-12,Europe,POCO,11458,Estimasi berbasis shipment Xiaomi 2024 dan struktur wilayah IDC
2024-02-12,Latin America,POCO,4774,Estimasi berbasis shipment Xiaomi 2024 dan struktur wilayah IDC
2024-02-12,Middle East & Africa,POCO,3819,Estimasi berbasis shipment Xiaomi 2024 dan struktur wilayah IDC
2024-02-12,Asia,Black Shark,4399,Estimasi berbasis shipment Xiaomi 2024 dan struktur wilayah IDC
2024-02-12,Europe,Black Shark,1820,Estimasi berbasis shipment Xiaomi 2024 dan struktur wilayah IDC
2024-02-12,Latin America,Black Shark,759,Estimasi berbasis shipment Xiaomi 2024 dan struktur wilayah IDC
2024-02-12,Middle East & Africa,Black Shark,607,Estimasi berbasis shipment Xiaomi 2024 dan struktur wilayah IDC
2024-02-12,Asia,Other,16821,Estimasi berbasis shipment Xiaomi 2024 dan struktur wilayah IDC
2024-02-12,Europe,Other,6961,Estimasi berbasis shipment Xiaomi 2024 dan struktur wilayah IDC
2024-02-12,Latin America,Other,2900,Estimasi berbasis shipment Xiaomi 2024 dan struktur wilayah IDC
2024-02-12,Middle East & Africa,Other,2320,Estimasi berbasis shipment Xiaomi 2024 dan struktur wilayah IDC
2024-02-13,Asia,Redmi,169097,Estimasi berbasis shipment Xiaomi 2024 dan struktur wilayah IDC
2024-02-13,Europe,Redmi,69971,Estimasi berbasis shipment Xiaomi 2024 dan struktur wilayah IDC
2024-02-13,Latin America,Redmi,29155,Estimasi berbasis shipment Xiaomi 2024 dan struktur wilayah IDC
2024-02-13,Middle East & Africa,Redmi,23324,Estimasi berbasis shipment Xiaomi 2024 dan struktur wilayah IDC
2024-02-13,Asia,Xiaomi Flagship,19941,Estimasi berbasis shipment Xiaomi 2024 dan struktur wilayah IDC
2024-02-13,Europe,Xiaomi Flagship,8251,Estimasi berbasis shipment Xiaomi 2024 dan struktur wilayah IDC
2024-02-13,Latin America,Xiaomi Flagship,3438,Estimasi berbasis shipment Xiaomi 2024 dan struktur wilayah IDC
2024-02-13,Middle East & Africa,Xiaomi Flagship,2750,Estimasi berbasis shipment Xiaomi 2024 dan struktur wilayah IDC
2024-02-13,Asia,POCO,28449,Estimasi berbasis shipment Xiaomi 2024 dan struktur wilayah IDC
2024-02-13,Europe,POCO,11772,Estimasi berbasis shipment Xiaomi 2024 dan struktur wilayah IDC
2024-02-13,Latin America,POCO,4905,Estimasi berbasis shipment Xiaomi 2024 dan struktur wilayah IDC
2024-02-13,Middle East & Africa,POCO,3924,Estimasi berbasis shipment Xiaomi 2024 dan struktur wilayah IDC
2024-02-13,Asia,Black Shark,4520,Estimasi berbasis shipment Xiaomi 2024 dan struktur wilayah IDC
2024-02-13,Europe,Black Shark,1870,Estimasi berbasis shipment Xiaomi 2024 dan struktur wilayah IDC
2024-02-13,Latin America,Black Shark,779,Estimasi berbasis shipment Xiaomi 2024 dan struktur wilayah IDC
2024-02-13,Middle East & Africa,Black Shark,623,Estimasi berbasis shipment Xiaomi 2024 dan struktur wilayah IDC
2024-02-13,Asia,Other,17282,Estimasi berbasis shipment Xiaomi 2024 dan struktur wilayah IDC
2024-02-13,Europe,Other,7151,Estimasi berbasis shipment Xiaomi 2024 dan struktur wilayah IDC
2024-02-13,Latin America,Other,2980,Estimasi berbasis shipment Xiaomi 2024 dan struktur wilayah IDC
2024-02-13,Middle East & Africa,Other,2384,Estimasi berbasis shipment Xiaomi 2024 dan struktur wilayah IDC
2024-02-14,Asia,Redmi,158966,Estimasi berbasis shipment Xiaomi 2024 dan struktur wilayah IDC
2024-02-14,Europe,Redmi,65779,Estimasi berbasis shipment Xiaomi 2024 dan struktur wilayah IDC
2024-02-14,Latin America,Redmi,27408,Estimasi berbasis shipment Xiaomi 2024 dan struktur wilayah IDC
2024-02-14,Middle East & Africa,Redmi,21926,Estimasi berbasis shipment Xiaomi 2024 dan struktur wilayah IDC
2024-02-14,Asia,Xiaomi Flagship,18746,Estimasi berbasis shipment Xiaomi 2024 dan struktur wilayah IDC
2024-02-14,Europe,Xiaomi Flagship,7757,Estimasi berbasis shipment Xiaomi 2024 dan struktur wilayah IDC
2024-02-14,Latin America,Xiaomi Flagship,3232,Estimasi berbasis shipment Xiaomi 2024 dan struktur wilayah IDC
2024-02-14,Middle East & Africa,Xiaomi Flagship,2586,Estimasi berbasis shipment Xiaomi 2024 dan struktur wilayah IDC
2024-02-14,Asia,POCO,26744,Estimasi berbasis shipment Xiaomi 2024 dan struktur wilayah IDC
2024-02-14,Europe,POCO,11067,Estimasi berbasis shipment Xiaomi 2024 dan struktur wilayah IDC
2024-02-14,Latin America,POCO,4611,Estimasi berbasis shipment Xiaomi 2024 dan struktur wilayah IDC
2024-02-14,Middle East & Africa,POCO,3689,Estimasi berbasis shipment Xiaomi 2024 dan struktur wilayah IDC
2024-02-14,Asia,Black Shark,4249,Estimasi berbasis shipment Xiaomi 2024 dan struktur wilayah IDC
2024-02-14,Europe,Black Shark,1758,Estimasi berbasis shipment Xiaomi 2024 dan struktur wilayah IDC
2024-02-14,Latin America,Black Shark,733,Estimasi berbasis shipment Xiaomi 2024 dan struktur wilayah IDC
2024-02-14,Middle East & Africa,Black Shark,586,Estimasi berbasis shipment Xiaomi 2024 dan struktur wilayah IDC
2024-02-14,Asia,Other,16247,Estimasi berbasis shipment Xiaomi 2024 dan struktur wilayah IDC
2024-02-14,Europe,Other,6723,Estimasi berbasis shipment Xiaomi 2024 dan struktur wilayah IDC
2024-02-14,Latin America,Other,2801,Estimasi berbasis shipment Xiaomi 2024 dan struktur wilayah IDC
2024-02-14,Middle East & Africa,Other,2241,Estimasi berbasis shipment Xiaomi 2024 dan struktur wilayah IDC
2024-02-15,Asia,Redmi,155929,Estimasi berbasis shipment Xiaomi 2024 dan struktur wilayah IDC
2024-02-15,Europe,Redmi,64522,Estimasi berbasis shipment Xiaomi 2024 dan struktur wilayah IDC
2024-02-15,Latin America,Redmi,26884,Estimasi berbasis shipment Xiaomi 2024 dan struktur wilayah IDC
2024-02-15,Middle East & Africa,Redmi,21507,Estimasi berbasis shipment Xiaomi 2024 dan struktur wilayah IDC
2024-02-15,Asia,Xiaomi Flagship,18388,Estimasi berbasis shipment Xiaomi 2024 dan struktur wilayah IDC
2024-02-15,Europe,Xiaomi Flagship,7609,Estimasi berbasis shipment Xiaomi 2024 dan struktur wilayah IDC
2024-02-15,Latin America,Xiaomi Flagship,3170,Estimasi berbasis shipment Xiaomi 2024 dan struktur wilayah IDC
2024-02-15,Middle East & Africa,Xiaomi Flagship,2536,Estimasi berbasis shipment Xiaomi 2024 dan struktur wilayah IDC
2024-02-15,Asia,POCO,26233,Estimasi berbasis shipment Xiaomi 2024 dan struktur wilayah IDC
2024-02-15,Europe,POCO,10855,Estimasi berbasis shipment Xiaomi 2024 dan struktur wilayah IDC
2024-02-15,Latin America,POCO,4523,Estimasi berbasis shipment Xiaomi 2024 dan struktur wilayah IDC
2024-02-15,Middle East & Africa,POCO,3618,Estimasi berbasis shipment Xiaomi 2024 dan struktur wilayah IDC
2024-02-15,Asia,Black Shark,4168,Estimasi berbasis shipment Xiaomi 2024 dan struktur wilayah IDC
2024-02-15,Europe,Black Shark,1725,Estimasi berbasis shipment Xiaomi 2024 dan struktur wilayah IDC
2024-02-15,Latin America,Black Shark,719,Estimasi berbasis shipment Xiaomi 2024 dan struktur wilayah IDC
2024-02-15,Middle East & Africa,Black Shark,575,Estimasi berbasis shipment Xiaomi 2024 dan struktur wilayah IDC
2024-02-15,Asia,Other,15936,Estimasi berbasis shipment Xiaomi 2024 dan struktur wilayah IDC
2024-02-15,Europe,Other,6594,Estimasi berbasis shipment Xiaomi 2024 dan struktur wilayah IDC
2024-02-15,Latin America,Other,2748,Estimasi berbasis shipment Xiaomi 2024 dan struktur wilayah IDC
2024-02-15,Middle East & Africa,Other,2198,Estimasi berbasis shipment Xiaomi 2024 dan struktur wilayah IDC
2024-02-16,Asia,Redmi,145738,Estimasi berbasis shipment Xiaomi 2024 dan struktur wilayah IDC
2024-02-16,Europe,Redmi,60305,Estimasi berbasis shipment Xiaomi 2024 dan struktur wilayah IDC
2024-02-16,Latin America,Redmi,25127,Estimasi berbasis shipment Xiaomi 2024 dan struktur wilayah IDC
2024-02-16,Middle East & Africa,Redmi,20102,Estimasi berbasis shipment Xiaomi 2024 dan struktur wilayah IDC
2024-02-16,Asia,Xiaomi Flagship,17186,Estimasi berbasis shipment Xiaomi 2024 dan struktur wilayah IDC
2024-02-16,Europe,Xiaomi Flagship,7111,Estimasi berbasis shipment Xiaomi 2024 dan struktur wilayah IDC
2024-02-16,Latin America,Xiaomi Flagship,2963,Estimasi berbasis shipment Xiaomi 2024 dan struktur wilayah IDC
2024-02-16,Middle East & Africa,Xiaomi Flagship,2370,Estimasi berbasis shipment Xiaomi 2024 dan struktur wilayah IDC
2024-02-16,Asia,POCO,24519,Estimasi berbasis shipment Xiaomi 2024 dan struktur wilayah IDC
2024-02-16,Europe,POCO,10146,Estimasi berbasis shipment Xiaomi 2024 dan struktur wilayah IDC
2024-02-16,Latin America,POCO,4227,Estimasi berbasis shipment Xiaomi 2024 dan struktur wilayah IDC
2024-02-16,Middle East & Africa,POCO,3382,Estimasi berbasis shipment Xiaomi 2024 dan struktur wilayah IDC
2024-02-16,Asia,Black Shark,3896,Estimasi berbasis shipment Xiaomi 2024 dan struktur wilayah IDC
2024-02-16,Europe,Black Shark,1612,Estimasi berbasis shipment Xiaomi 2024 dan struktur wilayah IDC
2024-02-16,Latin America,Black Shark,672,Estimasi berbasis shipment Xiaomi 2024 dan struktur wilayah IDC
2024-02-16,Middle East & Africa,Black Shark,537,Estimasi berbasis shipment Xiaomi 2024 dan struktur wilayah IDC
2024-02-16,Asia,Other,14895,Estimasi berbasis shipment Xiaomi 2024 dan struktur wilayah IDC
2024-02-16,Europe,Other,6163,Estimasi berbasis shipment Xiaomi 2024 dan struktur wilayah IDC
2024-02-16,Latin America,Other,2568,Estimasi berbasis shipment Xiaomi 2024 dan struktur wilayah IDC
2024-02-16,Middle East & Africa,Other,2054,Estimasi berbasis shipment Xiaomi 2024 dan struktur wilayah IDC
2024-02-17,Asia,Redmi,150505,Estimasi berbasis shipment Xiaomi 2024 dan struktur wilayah IDC
2024-02-17,Europe,Redmi,62278,Estimasi berbasis shipment Xiaomi 2024 dan struktur wilayah IDC
2024-02-17,Latin America,Redmi,25949,Estimasi berbasis shipment Xiaomi 2024 dan struktur wilayah IDC
2024-02-17,Middle East & Africa,Redmi,20759,Estimasi berbasis shipment Xiaomi 2024 dan struktur wilayah IDC
2024-02-17,Asia,Xiaomi Flagship,17748,Estimasi berbasis shipment Xiaomi 2024 dan struktur wilayah IDC
2024-02-17,Europe,Xiaomi Flagship,7344,Estimasi berbasis shipment Xiaomi 2024 dan struktur wilayah IDC
2024-02-17,Latin America,Xiaomi Flagship,3060,Estimasi berbasis shipment Xiaomi 2024 dan struktur wilayah IDC
2024-02-17,Middle East & Africa,Xiaomi Flagship,2448,Estimasi berbasis shipment Xiaomi 2024 dan struktur wilayah IDC
2024-02-17,Asia,POCO,25321,Estimasi berbasis shipment Xiaomi 2024 dan struktur wilayah IDC
2024-02-17,Europe,POCO,10478,Estimasi berbasis shipment Xiaomi 2024 dan struktur wilayah IDC
2024-02-17,Latin America,POCO,4366,Estimasi berbasis shipment Xiaomi 2024 dan struktur wilayah IDC
2024-02-17,Middle East & Africa,POCO,3493,Estimasi berbasis shipment Xiaomi 2024 dan struktur wilayah IDC
2024-02-17,Asia,Black Shark,4023,Estimasi berbasis shipment Xiaomi 2024 dan struktur wilayah IDC
2024-02-17,Europe,Black Shark,1665,Estimasi berbasis shipment Xiaomi 2024 dan struktur wilayah IDC
2024-02-17,Latin America,Black Shark,694,Estimasi berbasis shipment Xiaomi 2024 dan struktur wilayah IDC
2024-02-17,Middle East & Africa,Black Shark,555,Estimasi berbasis shipment Xiaomi 2024 dan struktur wilayah IDC
2024-02-17,Asia,Other,15382,Estimasi berbasis shipment Xiaomi 2024 dan struktur wilayah IDC
2024-02-17,Europe,Other,6365,Estimasi berbasis shipment Xiaomi 2024 dan struktur wilayah IDC
2024-02-17,Latin America,Other,2652,Estimasi berbasis shipment Xiaomi 2024 dan struktur wilayah IDC
2024-02-17,Middle East & Africa,Other,2122,Estimasi berbasis shipment Xiaomi 2024 dan struktur wilayah IDC
2024-02-18,Asia,Redmi,145999,Estimasi berbasis shipment Xiaomi 2024 dan struktur wilayah IDC
2024-02-18,Europe,Redmi,60413,Estimasi berbasis shipment Xiaomi 2024 dan struktur wilayah IDC
2024-02-18,Latin America,Redmi,25172,Estimasi berbasis shipment Xiaomi 2024 dan struktur wilayah IDC
2024-02-18,Middle East & Africa,Redmi,20138,Estimasi berbasis shipment Xiaomi 2024 dan struktur wilayah IDC
2024-02-18,Asia,Xiaomi Flagship,17217,Estimasi berbasis shipment Xiaomi 2024 dan struktur wilayah IDC
2024-02-18,Europe,Xiaomi Flagship,7124,Estimasi berbasis shipment Xiaomi 2024 dan struktur wilayah IDC
2024-02-18,Latin America,Xiaomi Flagship,2968,Estimasi berbasis shipment Xiaomi 2024 dan struktur wilayah IDC
2024-02-18,Middle East & Africa,Xiaomi Flagship,2375,Estimasi berbasis shipment Xiaomi 2024 dan struktur wilayah IDC
2024-02-18,Asia,POCO,24563,Estimasi berbasis shipment Xiaomi 2024 dan struktur wilayah IDC
2024-02-18,Europe,POCO,10164,Estimasi berbasis shipment Xiaomi 2024 dan struktur wilayah IDC
2024-02-18,Latin America,POCO,4235,Estimasi berbasis shipment Xiaomi 2024 dan struktur wilayah IDC
2024-02-18,Middle East & Africa,POCO,3388,Estimasi berbasis shipment Xiaomi 2024 dan struktur wilayah IDC
2024-02-18,Asia,Black Shark,3902,Estimasi berbasis shipment Xiaomi 2024 dan struktur wilayah IDC
2024-02-18,Europe,Black Shark,1615,Estimasi berbasis shipment Xiaomi 2024 dan struktur wilayah IDC
2024-02-18,Latin America,Black Shark,673,Estimasi berbasis shipment Xiaomi 2024 dan struktur wilayah IDC
2024-02-18,Middle East & Africa,Black Shark,538,Estimasi berbasis shipment Xiaomi 2024 dan struktur wilayah IDC
2024-02-18,Asia,Other,14921,Estimasi berbasis shipment Xiaomi 2024 dan struktur wilayah IDC
2024-02-18,Europe,Other,6174,Estimasi berbasis shipment Xiaomi 2024 dan struktur wilayah IDC
2024-02-18,Latin America,Other,2573,Estimasi berbasis shipment Xiaomi 2024 dan struktur wilayah IDC
2024-02-18,Middle East & Africa,Other,2058,Estimasi berbasis shipment Xiaomi 2024 dan struktur wilayah IDC
2024-02-19,Asia,Redmi,169710,Estimasi berbasis shipment Xiaomi 2024 dan struktur wilayah IDC
2024-02-19,Europe,Redmi,70225,Estimasi berbasis shipment Xiaomi 2024 dan struktur wilayah IDC
2024-02-19,Latin America,Redmi,29260,Estimasi berbasis shipment Xiaomi 2024 dan struktur wilayah IDC
2024-02-19,Middle East & Africa,Redmi,23408,Estimasi berbasis shipment Xiaomi 2024 dan struktur wilayah IDC
2024-02-19,Asia,Xiaomi Flagship,20013,Estimasi berbasis shipment Xiaomi 2024 dan struktur wilayah IDC
2024-02-19,Europe,Xiaomi Flagship,8281,Estimasi berbasis shipment Xiaomi 2024 dan struktur wilayah IDC
2024-02-19,Latin America,Xiaomi Flagship,3451,Estimasi berbasis shipment Xiaomi 2024 dan struktur wilayah IDC
2024-02-19,Middle East & Africa,Xiaomi Flagship,2760,Estimasi berbasis shipment Xiaomi 2024 dan struktur wilayah IDC
2024-02-19,Asia,POCO,28552,Estimasi berbasis shipment Xiaomi 2024 dan struktur wilayah IDC
2024-02-19,Europe,POCO,11815,Estimasi berbasis shipment Xiaomi 2024 dan struktur wilayah IDC
2024-02-19,Latin America,POCO,4923,Estimasi berbasis shipment Xiaomi 2024 dan struktur wilayah IDC
2024-02-19,Middle East & Africa,POCO,3938,Estimasi berbasis shipment Xiaomi 2024 dan struktur wilayah IDC
2024-02-19,Asia,Black Shark,4536,Estimasi berbasis shipment Xiaomi 2024 dan struktur wilayah IDC
2024-02-19,Europe,Black Shark,1877,Estimasi berbasis shipment Xiaomi 2024 dan struktur wilayah IDC
2024-02-19,Latin America,Black Shark,782,Estimasi berbasis shipment Xiaomi 2024 dan struktur wilayah IDC
2024-02-19,Middle East & Africa,Black Shark,626,Estimasi berbasis shipment Xiaomi 2024 dan struktur wilayah IDC
2024-02-19,Asia,Other,17345,Estimasi berbasis shipment Xiaomi 2024 dan struktur wilayah IDC
2024-02-19,Europe,Other,7177,Estimasi berbasis shipment Xiaomi 2024 dan struktur wilayah IDC
2024-02-19,Latin America,Other,2990,Estimasi berbasis shipment Xiaomi 2024 dan struktur wilayah IDC
2024-02-19,Middle East & Africa,Other,2392,Estimasi berbasis shipment Xiaomi 2024 dan struktur wilayah IDC
2024-02-20,Asia,Redmi,151275,Estimasi berbasis shipment Xiaomi 2024 dan struktur wilayah IDC
2024-02-20,Europe,Redmi,62596,Estimasi berbasis shipment Xiaomi 2024 dan struktur wilayah IDC
2024-02-20,Latin America,Redmi,26082,Estimasi berbasis shipment Xiaomi 2024 dan struktur wilayah IDC
2024-02-20,Middle East & Africa,Redmi,20865,Estimasi berbasis shipment Xiaomi 2024 dan struktur wilayah IDC
2024-02-20,Asia,Xiaomi Flagship,17839,Estimasi berbasis shipment Xiaomi 2024 dan struktur wilayah IDC
2024-02-20,Europe,Xiaomi Flagship,7382,Estimasi berbasis shipment Xiaomi 2024 dan struktur wilayah IDC
2024-02-20,Latin America,Xiaomi Flagship,3076,Estimasi berbasis shipment Xiaomi 2024 dan struktur wilayah IDC
2024-02-20,Middle East & Africa,Xiaomi Flagship,2461,Estimasi berbasis shipment Xiaomi 2024 dan struktur wilayah IDC
2024-02-20,Asia,POCO,25450,Estimasi berbasis shipment Xiaomi 2024 dan struktur wilayah IDC
2024-02-20,Europe,POCO,10531,Estimasi berbasis shipment Xiaomi 2024 dan struktur wilayah IDC
2024-02-20,Latin America,POCO,4388,Estimasi berbasis shipment Xiaomi 2024 dan struktur wilayah IDC
2024-02-20,Middle East & Africa,POCO,3510,Estimasi berbasis shipment Xiaomi 2024 dan struktur wilayah IDC
2024-02-20,Asia,Black Shark,4044,Estimasi berbasis shipment Xiaomi 2024 dan struktur wilayah IDC
2024-02-20,Europe,Black Shark,1673,Estimasi berbasis shipment Xiaomi 2024 dan struktur wilayah IDC
2024-02-20,Latin America,Black Shark,697,Estimasi berbasis shipment Xiaomi 2024 dan struktur wilayah IDC
2024-02-20,Middle East & Africa,Black Shark,558,Estimasi berbasis shipment Xiaomi 2024 dan struktur wilayah IDC
2024-02-20,Asia,Other,15460,Estimasi berbasis shipment Xiaomi 2024 dan struktur wilayah IDC
2024-02-20,Europe,Other,6397,Estimasi berbasis shipment Xiaomi 2024 dan struktur wilayah IDC
2024-02-20,Latin America,Other,2666,Estimasi berbasis shipment Xiaomi 2024 dan struktur wilayah IDC
2024-02-20,Middle East & Africa,Other,2132,Estimasi berbasis shipment Xiaomi 2024 dan struktur wilayah IDC
2024-02-21,Asia,Redmi,161516,Estimasi berbasis shipment Xiaomi 2024 dan struktur wilayah IDC
2024-02-21,Europe,Redmi,66834,Estimasi berbasis shipment Xiaomi 2024 dan struktur wilayah IDC
2024-02-21,Latin America,Redmi,27848,Estimasi berbasis shipment Xiaomi 2024 dan struktur wilayah IDC
2024-02-21,Middle East & Africa,Redmi,22278,Estimasi berbasis shipment Xiaomi 2024 dan struktur wilayah IDC
2024-02-21,Asia,Xiaomi Flagship,19047,Estimasi berbasis shipment Xiaomi 2024 dan struktur wilayah IDC
2024-02-21,Europe,Xiaomi Flagship,7881,Estimasi berbasis shipment Xiaomi 2024 dan struktur wilayah IDC
2024-02-21,Latin America,Xiaomi Flagship,3284,Estimasi berbasis shipment Xiaomi 2024 dan struktur wilayah IDC
2024-02-21,Middle East & Africa,Xiaomi Flagship,2627,Estimasi berbasis shipment Xiaomi 2024 dan struktur wilayah IDC
2024-02-21,Asia,POCO,27173,Estimasi berbasis shipment Xiaomi 2024 dan struktur wilayah IDC
2024-02-21,Europe,POCO,11244,Estimasi berbasis shipment Xiaomi 2024 dan struktur wilayah IDC
2024-02-21,Latin America,POCO,4685,Estimasi berbasis shipment Xiaomi 2024 dan struktur wilayah IDC
2024-02-21,Middle East & Africa,POCO,3748,Estimasi berbasis shipment Xiaomi 2024 dan struktur wilayah IDC
2024-02-21,Asia,Black Shark,4317,Estimasi berbasis shipment Xiaomi 2024 dan struktur wilayah IDC
2024-02-21,Europe,Black Shark,1786,Estimasi berbasis shipment Xiaomi 2024 dan struktur wilayah IDC
2024-02-21,Latin America,Black Shark,744,Estimasi berbasis shipment Xiaomi 2024 dan struktur wilayah IDC
2024-02-21,Middle East & Africa,Black Shark,595,Estimasi berbasis shipment Xiaomi 2024 dan struktur wilayah IDC
2024-02-21,Asia,Other,16507,Estimasi berbasis shipment Xiaomi 2024 dan struktur wilayah IDC
2024-02-21,Europe,Other,6831,Estimasi berbasis shipment Xiaomi 2024 dan struktur wilayah IDC
2024-02-21,Latin America,Other,2846,Estimasi berbasis shipment Xiaomi 2024 dan struktur wilayah IDC
2024-02-21,Middle East & Africa,Other,2277,Estimasi berbasis shipment Xiaomi 2024 dan struktur wilayah IDC
2024-02-22,Asia,Redmi,156405,Estimasi berbasis shipment Xiaomi 2024 dan struktur wilayah IDC
2024-02-22,Europe,Redmi,64719,Estimasi berbasis shipment Xiaomi 2024 dan struktur wilayah IDC
2024-02-22,Latin America,Redmi,26966,Estimasi berbasis shipment Xiaomi 2024 dan struktur wilayah IDC
2024-02-22,Middle East & Africa,Redmi,21573,Estimasi berbasis shipment Xiaomi 2024 dan struktur wilayah IDC
2024-02-22,Asia,Xiaomi Flagship,18444,Estimasi berbasis shipment Xiaomi 2024 dan struktur wilayah IDC
2024-02-22,Europe,Xiaomi Flagship,7632,Estimasi berbasis shipment Xiaomi 2024 dan struktur wilayah IDC
2024-02-22,Latin America,Xiaomi Flagship,3180,Estimasi berbasis shipment Xiaomi 2024 dan struktur wilayah IDC
2024-02-22,Middle East & Africa,Xiaomi Flagship,2544,Estimasi berbasis shipment Xiaomi 2024 dan struktur wilayah IDC
2024-02-22,Asia,POCO,26313,Estimasi berbasis shipment Xiaomi 2024 dan struktur wilayah IDC
2024-02-22,Europe,POCO,10888,Estimasi berbasis shipment Xiaomi 2024 dan struktur wilayah IDC
2024-02-22,Latin America,POCO,4537,Estimasi berbasis shipment Xiaomi 2024 dan struktur wilayah IDC
2024-02-22,Middle East & Africa,POCO,3629,Estimasi berbasis shipment Xiaomi 2024 dan struktur wilayah IDC
2024-02-22,Asia,Black Shark,4181,Estimasi berbasis shipment Xiaomi 2024 dan struktur wilayah IDC
2024-02-22,Europe,Black Shark,1730,Estimasi berbasis shipment Xiaomi 2024 dan struktur wilayah IDC
2024-02-22,Latin America,Black Shark,721,Estimasi berbasis shipment Xiaomi 2024 dan struktur wilayah IDC
2024-02-22,Middle East & Africa,Black Shark,577,Estimasi berbasis shipment Xiaomi 2024 dan struktur wilayah IDC
2024-02-22,Asia,Other,15985,Estimasi berbasis shipment Xiaomi 2024 dan struktur wilayah IDC
2024-02-22,Europe,Other,6614,Estimasi berbasis shipment Xiaomi 2024 dan struktur wilayah IDC
2024-02-22,Latin America,Other,2756,Estimasi berbasis shipment Xiaomi 2024 dan struktur wilayah IDC
2024-02-22,Middle East & Africa,Other,2205,Estimasi berbasis shipment Xiaomi 2024 dan struktur wilayah IDC
2024-02-23,Asia,Redmi,146401,Estimasi berbasis shipment Xiaomi 2024 dan struktur wilayah IDC
2024-02-23,Europe,Redmi,60580,Estimasi berbasis shipment Xiaomi 2024 dan struktur wilayah IDC
2024-02-23,Latin America,Redmi,25242,Estimasi berbasis shipment Xiaomi 2024 dan struktur wilayah IDC
2024-02-23,Middle East & Africa,Redmi,20193,Estimasi berbasis shipment Xiaomi 2024 dan struktur wilayah IDC
2024-02-23,Asia,Xiaomi Flagship,17264,Estimasi berbasis shipment Xiaomi 2024 dan struktur wilayah IDC
2024-02-23,Europe,Xiaomi Flagship,7144,Estimasi berbasis shipment Xiaomi 2024 dan struktur wilayah IDC
2024-02-23,Latin America,Xiaomi Flagship,2977,Estimasi berbasis shipment Xiaomi 2024 dan struktur wilayah IDC
2024-02-23,Middle East & Africa,Xiaomi Flagship,2381,Estimasi berbasis shipment Xiaomi 2024 dan struktur wilayah IDC
2024-02-23,Asia,POCO,24630,Estimasi berbasis shipment Xiaomi 2024 dan struktur wilayah IDC
2024-02-23,Europe,POCO,10192,Estimasi berbasis shipment Xiaomi 2024 dan struktur wilayah IDC
2024-02-23,Latin America,POCO,4247,Estimasi berbasis shipment Xiaomi 2024 dan struktur wilayah IDC
2024-02-23,Middle East & Africa,POCO,3397,Estimasi berbasis shipment Xiaomi 2024 dan struktur wilayah IDC
2024-02-23,Asia,Black Shark,3913,Estimasi berbasis shipment Xiaomi 2024 dan struktur wilayah IDC
2024-02-23,Europe,Black Shark,1619,Estimasi berbasis shipment Xiaomi 2024 dan struktur wilayah IDC
2024-02-23,Latin America,Black Shark,675,Estimasi berbasis shipment Xiaomi 2024 dan struktur wilayah IDC
2024-02-23,Middle East & Africa,Black Shark,540,Estimasi berbasis shipment Xiaomi 2024 dan struktur wilayah IDC
2024-02-23,Asia,Other,14962,Estimasi berbasis shipment Xiaomi 2024 dan struktur wilayah IDC
2024-02-23,Europe,Other,6191,Estimasi berbasis shipment Xiaomi 2024 dan struktur wilayah IDC
2024-02-23,Latin America,Other,2580,Estimasi berbasis shipment Xiaomi 2024 dan struktur wilayah IDC
2024-02-23,Middle East & Africa,Other,2064,Estimasi berbasis shipment Xiaomi 2024 dan struktur wilayah IDC
2024-02-24,Asia,Redmi,147919,Estimasi berbasis shipment Xiaomi 2024 dan struktur wilayah IDC
2024-02-24,Europe,Redmi,61208,Estimasi berbasis shipment Xiaomi 2024 dan struktur wilayah IDC
2024-02-24,Latin America,Redmi,25503,Estimasi berbasis shipment Xiaomi 2024 dan struktur wilayah IDC
2024-02-24,Middle East & Africa,Redmi,20403,Estimasi berbasis shipment Xiaomi 2024 dan struktur wilayah IDC
2024-02-24,Asia,Xiaomi Flagship,17443,Estimasi berbasis shipment Xiaomi 2024 dan struktur wilayah IDC
2024-02-24,Europe,Xiaomi Flagship,7218,Estimasi berbasis shipment Xiaomi 2024 dan struktur wilayah IDC
2024-02-24,Latin America,Xiaomi Flagship,3007,Estimasi berbasis shipment Xiaomi 2024 dan struktur wilayah IDC
2024-02-24,Middle East & Africa,Xiaomi Flagship,2406,Estimasi berbasis shipment Xiaomi 2024 dan struktur wilayah IDC
2024-02-24,Asia,POCO,24886,Estimasi berbasis shipment Xiaomi 2024 dan struktur wilayah IDC
2024-02-24,Europe,POCO,10298,Estimasi berbasis shipment Xiaomi 2024 dan struktur wilayah IDC
2024-02-24,Latin America,POCO,4291,Estimasi berbasis shipment Xiaomi 2024 dan struktur wilayah IDC
2024-02-24,Middle East & Africa,POCO,3433,Estimasi berbasis shipment Xiaomi 2024 dan struktur wilayah IDC
2024-02-24,Asia,Black Shark,3954,Estimasi berbasis shipment Xiaomi 2024 dan struktur wilayah IDC
2024-02-24,Europe,Black Shark,1636,Estimasi berbasis shipment Xiaomi 2024 dan struktur wilayah IDC
2024-02-24,Latin America,Black Shark,682,Estimasi berbasis shipment Xiaomi 2024 dan struktur wilayah IDC
2024-02-24,Middle East & Africa,Black Shark,545,Estimasi berbasis shipment Xiaomi 2024 dan struktur wilayah IDC
2024-02-24,Asia,Other,15117,Estimasi berbasis shipment Xiaomi 2024 dan struktur wilayah IDC
2024-02-24,Europe,Other,6256,Estimasi berbasis shipment Xiaomi 2024 dan struktur wilayah IDC
2024-02-24,Latin America,Other,2606,Estimasi berbasis shipment Xiaomi 2024 dan struktur wilayah IDC
2024-02-24,Middle East & Africa,Other,2085,Estimasi berbasis shipment Xiaomi 2024 dan struktur wilayah IDC
2024-02-25,Asia,Redmi,150469,Estimasi berbasis shipment Xiaomi 2024 dan struktur wilayah IDC
2024-02-25,Europe,Redmi,62263,Estimasi berbasis shipment Xiaomi 2024 dan struktur wilayah IDC
2024-02-25,Latin America,Redmi,25943,Estimasi berbasis shipment Xiaomi 2024 dan struktur wilayah IDC
2024-02-25,Middle East & Africa,Redmi,20754,Estimasi berbasis shipment Xiaomi 2024 dan struktur wilayah IDC
2024-02-25,Asia,Xiaomi Flagship,17744,Estimasi berbasis shipment Xiaomi 2024 dan struktur wilayah IDC
2024-02-25,Europe,Xiaomi Flagship,7342,Estimasi berbasis shipment Xiaomi 2024 dan struktur wilayah IDC
2024-02-25,Latin America,Xiaomi Flagship,3059,Estimasi berbasis shipment Xiaomi 2024 dan struktur wilayah IDC
2024-02-25,Middle East & Africa,Xiaomi Flagship,2447,Estimasi berbasis shipment Xiaomi 2024 dan struktur wilayah IDC
2024-02-25,Asia,POCO,25315,Estimasi berbasis shipment Xiaomi 2024 dan struktur wilayah IDC
2024-02-25,Europe,POCO,10475,Estimasi berbasis shipment Xiaomi 2024 dan struktur wilayah IDC
2024-02-25,Latin America,POCO,4365,Estimasi berbasis shipment Xiaomi 2024 dan struktur wilayah IDC
2024-02-25,Middle East & Africa,POCO,3492,Estimasi berbasis shipment Xiaomi 2024 dan struktur wilayah IDC
2024-02-25,Asia,Black Shark,4022,Estimasi berbasis shipment Xiaomi 2024 dan struktur wilayah IDC
2024-02-25,Europe,Black Shark,1664,Estimasi berbasis shipment Xiaomi 2024 dan struktur wilayah IDC
2024-02-25,Latin America,Black Shark,693,Estimasi berbasis shipment Xiaomi 2024 dan struktur wilayah IDC
2024-02-25,Middle East & Africa,Black Shark,555,Estimasi berbasis shipment Xiaomi 2024 dan struktur wilayah IDC
2024-02-25,Asia,Other,15378,Estimasi berbasis shipment Xiaomi 2024 dan struktur wilayah IDC
2024-02-25,Europe,Other,6363,Estimasi berbasis shipment Xiaomi 2024 dan struktur wilayah IDC
2024-02-25,Latin America,Other,2651,Estimasi berbasis shipment Xiaomi 2024 dan struktur wilayah IDC
2024-02-25,Middle East & Africa,Other,2121,Estimasi berbasis shipment Xiaomi 2024 dan struktur wilayah IDC
2024-02-26,Asia,Redmi,152765,Estimasi berbasis shipment Xiaomi 2024 dan struktur wilayah IDC
2024-02-26,Europe,Redmi,63213,Estimasi berbasis shipment Xiaomi 2024 dan struktur wilayah IDC
2024-02-26,Latin America,Redmi,26339,Estimasi berbasis shipment Xiaomi 2024 dan struktur wilayah IDC
2024-02-26,Middle East & Africa,Redmi,21071,Estimasi berbasis shipment Xiaomi 2024 dan struktur wilayah IDC
2024-02-26,Asia,Xiaomi Flagship,18015,Estimasi berbasis shipment Xiaomi 2024 dan struktur wilayah IDC
2024-02-26,Europe,Xiaomi Flagship,7454,Estimasi berbasis shipment Xiaomi 2024 dan struktur wilayah IDC
2024-02-26,Latin America,Xiaomi Flagship,3106,Estimasi berbasis shipment Xiaomi 2024 dan struktur wilayah IDC
2024-02-26,Middle East & Africa,Xiaomi Flagship,2485,Estimasi berbasis shipment Xiaomi 2024 dan struktur wilayah IDC
2024-02-26,Asia,POCO,25701,Estimasi berbasis shipment Xiaomi 2024 dan struktur wilayah IDC
2024-02-26,Europe,POCO,10635,Estimasi berbasis shipment Xiaomi 2024 dan struktur wilayah IDC
2024-02-26,Latin America,POCO,4431,Estimasi berbasis shipment Xiaomi 2024 dan struktur wilayah IDC
2024-02-26,Middle East & Africa,POCO,3545,Estimasi berbasis shipment Xiaomi 2024 dan struktur wilayah IDC
2024-02-26,Asia,Black Shark,4083,Estimasi berbasis shipment Xiaomi 2024 dan struktur wilayah IDC
2024-02-26,Europe,Black Shark,1690,Estimasi berbasis shipment Xiaomi 2024 dan struktur wilayah IDC
2024-02-26,Latin America,Black Shark,704,Estimasi berbasis shipment Xiaomi 2024 dan struktur wilayah IDC
2024-02-26,Middle East & Africa,Black Shark,563,Estimasi berbasis shipment Xiaomi 2024 dan struktur wilayah IDC
2024-02-26,Asia,Other,15613,Estimasi berbasis shipment Xiaomi 2024 dan struktur wilayah IDC
2024-02-26,Europe,Other,6460,Estimasi berbasis shipment Xiaomi 2024 dan struktur wilayah IDC
2024-02-26,Latin America,Other,2692,Estimasi berbasis shipment Xiaomi 2024 dan struktur wilayah IDC
2024-02-26,Middle East & Africa,Other,2153,Estimasi berbasis shipment Xiaomi 2024 dan struktur wilayah IDC
2024-02-27,Asia,Redmi,149524,Estimasi berbasis shipment Xiaomi 2024 dan struktur wilayah IDC
2024-02-27,Europe,Redmi,61872,Estimasi berbasis shipment Xiaomi 2024 dan struktur wilayah IDC
2024-02-27,Latin America,Redmi,25780,Estimasi berbasis shipment Xiaomi 2024 dan struktur wilayah IDC
2024-02-27,Middle East & Africa,Redmi,20624,Estimasi berbasis shipment Xiaomi 2024 dan struktur wilayah IDC
2024-02-27,Asia,Xiaomi Flagship,17633,Estimasi berbasis shipment Xiaomi 2024 dan struktur wilayah IDC
2024-02-27,Europe,Xiaomi Flagship,7296,Estimasi berbasis shipment Xiaomi 2024 dan struktur wilayah IDC
2024-02-27,Latin America,Xiaomi Flagship,3040,Estimasi berbasis shipment Xiaomi 2024 dan struktur wilayah IDC
2024-02-27,Middle East & Africa,Xiaomi Flagship,2432,Estimasi berbasis shipment Xiaomi 2024 dan struktur wilayah IDC
2024-02-27,Asia,POCO,25156,Estimasi berbasis shipment Xiaomi 2024 dan struktur wilayah IDC
2024-02-27,Europe,POCO,10409,Estimasi berbasis shipment Xiaomi 2024 dan struktur wilayah IDC
2024-02-27,Latin America,POCO,4337,Estimasi berbasis shipment Xiaomi 2024 dan struktur wilayah IDC
2024-02-27,Middle East & Africa,POCO,3470,Estimasi berbasis shipment Xiaomi 2024 dan struktur wilayah IDC
2024-02-27,Asia,Black Shark,3997,Estimasi berbasis shipment Xiaomi 2024 dan struktur wilayah IDC
2024-02-27,Europe,Black Shark,1654,Estimasi berbasis shipment Xiaomi 2024 dan struktur wilayah IDC
2024-02-27,Latin America,Black Shark,689,Estimasi berbasis shipment Xiaomi 2024 dan struktur wilayah IDC
2024-02-27,Middle East & Africa,Black Shark,551,Estimasi berbasis shipment Xiaomi 2024 dan struktur wilayah IDC
2024-02-27,Asia,Other,15282,Estimasi berbasis shipment Xiaomi 2024 dan struktur wilayah IDC
2024-02-27,Europe,Other,6323,Estimasi berbasis shipment Xiaomi 2024 dan struktur wilayah IDC
2024-02-27,Latin America,Other,2635,Estimasi berbasis shipment Xiaomi 2024 dan struktur wilayah IDC
2024-02-27,Middle East & Africa,Other,2108,Estimasi berbasis shipment Xiaomi 2024 dan struktur wilayah IDC
2024-02-28,Asia,Redmi,158268,Estimasi berbasis shipment Xiaomi 2024 dan struktur wilayah IDC
2024-02-28,Europe,Redmi,65490,Estimasi berbasis shipment Xiaomi 2024 dan struktur wilayah IDC
2024-02-28,Latin America,Redmi,27288,Estimasi berbasis shipment Xiaomi 2024 dan struktur wilayah IDC
2024-02-28,Middle East & Africa,Redmi,21830,Estimasi berbasis shipment Xiaomi 2024 dan struktur wilayah IDC
2024-02-28,Asia,Xiaomi Flagship,18664,Estimasi berbasis shipment Xiaomi 2024 dan struktur wilayah IDC
2024-02-28,Europe,Xiaomi Flagship,7723,Estimasi berbasis shipment Xiaomi 2024 dan struktur wilayah IDC
2024-02-28,Latin America,Xiaomi Flagship,3218,Estimasi berbasis shipment Xiaomi 2024 dan struktur wilayah IDC
2024-02-28,Middle East & Africa,Xiaomi Flagship,2574,Estimasi berbasis shipment Xiaomi 2024 dan struktur wilayah IDC
2024-02-28,Asia,POCO,26627,Estimasi berbasis shipment Xiaomi 2024 dan struktur wilayah IDC
2024-02-28,Europe,POCO,11018,Estimasi berbasis shipment Xiaomi 2024 dan struktur wilayah IDC
2024-02-28,Latin America,POCO,4591,Estimasi berbasis shipment Xiaomi 2024 dan struktur wilayah IDC
2024-02-28,Middle East & Africa,POCO,3673,Estimasi berbasis shipment Xiaomi 2024 dan struktur wilayah IDC
2024-02-28,Asia,Black Shark,4230,Estimasi berbasis shipment Xiaomi 2024 dan struktur wilayah IDC
2024-02-28,Europe,Black Shark,1751,Estimasi berbasis shipment Xiaomi 2024 dan struktur wilayah IDC
2024-02-28,Latin America,Black Shark,729,Estimasi berbasis shipment Xiaomi 2024 dan struktur wilayah IDC
2024-02-28,Middle East & Africa,Black Shark,584,Estimasi berbasis shipment Xiaomi 2024 dan struktur wilayah IDC
2024-02-28,Asia,Other,16175,Estimasi berbasis shipment Xiaomi 2024 dan struktur wilayah IDC
2024-02-28,Europe,Other,6693,Estimasi berbasis shipment Xiaomi 2024 dan struktur wilayah IDC
2024-02-28,Latin America,Other,2789,Estimasi berbasis shipment Xiaomi 2024 dan struktur wilayah IDC
2024-02-28,Middle East & Africa,Other,2231,Estimasi berbasis shipment Xiaomi 2024 dan struktur wilayah IDC
2024-02-29,Asia,Redmi,142326,Estimasi berbasis shipment Xiaomi 2024 dan struktur wilayah IDC
2024-02-29,Europe,Redmi,58894,Estimasi berbasis shipment Xiaomi 2024 dan struktur wilayah IDC
2024-02-29,Latin America,Redmi,24539,Estimasi berbasis shipment Xiaomi 2024 dan struktur wilayah IDC
2024-02-29,Middle East & Africa,Redmi,19631,Estimasi berbasis shipment Xiaomi 2024 dan struktur wilayah IDC
2024-02-29,Asia,Xiaomi Flagship,16784,Estimasi berbasis shipment Xiaomi 2024 dan struktur wilayah IDC
2024-02-29,Europe,Xiaomi Flagship,6945,Estimasi berbasis shipment Xiaomi 2024 dan struktur wilayah IDC
2024-02-29,Latin America,Xiaomi Flagship,2894,Estimasi berbasis shipment Xiaomi 2024 dan struktur wilayah IDC
2024-02-29,Middle East & Africa,Xiaomi Flagship,2315,Estimasi berbasis shipment Xiaomi 2024 dan struktur wilayah IDC
2024-02-29,Asia,POCO,23945,Estimasi berbasis shipment Xiaomi 2024 dan struktur wilayah IDC
2024-02-29,Europe,POCO,9908,Estimasi berbasis shipment Xiaomi 2024 dan struktur wilayah IDC
2024-02-29,Latin America,POCO,4128,Estimasi berbasis shipment Xiaomi 2024 dan struktur wilayah IDC
2024-02-29,Middle East & Africa,POCO,3303,Estimasi berbasis shipment Xiaomi 2024 dan struktur wilayah IDC
2024-02-29,Asia,Black Shark,3804,Estimasi berbasis shipment Xiaomi 2024 dan struktur wilayah IDC
2024-02-29,Europe,Black Shark,1574,Estimasi berbasis shipment Xiaomi 2024 dan struktur wilayah IDC
2024-02-29,Latin America,Black Shark,656,Estimasi berbasis shipment Xiaomi 2024 dan struktur wilayah IDC
2024-02-29,Middle East & Africa,Black Shark,525,Estimasi berbasis shipment Xiaomi 2024 dan struktur wilayah IDC
2024-02-29,Asia,Other,14546,Estimasi berbasis shipment Xiaomi 2024 dan struktur wilayah IDC
2024-02-29,Europe,Other,6019,Estimasi berbasis shipment Xiaomi 2024 dan struktur wilayah IDC
2024-02-29,Latin America,Other,2508,Estimasi berbasis shipment Xiaomi 2024 dan struktur wilayah IDC
2024-02-29,Middle East & Africa,Other,2006,Estimasi berbasis shipment Xiaomi 2024 dan struktur wilayah IDC
2024-03-01,Asia,Redmi,166526,Estimasi berbasis shipment Xiaomi 2024 dan struktur wilayah IDC
2024-03-01,Europe,Redmi,68907,Estimasi berbasis shipment Xiaomi 2024 dan struktur wilayah IDC
2024-03-01,Latin America,Redmi,28711,Estimasi berbasis shipment Xiaomi 2024 dan struktur wilayah IDC
2024-03-01,Middle East & Africa,Redmi,22969,Estimasi berbasis shipment Xiaomi 2024 dan struktur wilayah IDC
2024-03-01,Asia,Xiaomi Flagship,19638,Estimasi berbasis shipment Xiaomi 2024 dan struktur wilayah IDC
2024-03-01,Europe,Xiaomi Flagship,8126,Estimasi berbasis shipment Xiaomi 2024 dan struktur wilayah IDC
2024-03-01,Latin America,Xiaomi Flagship,3386,Estimasi berbasis shipment Xiaomi 2024 dan struktur wilayah IDC
2024-03-01,Middle East & Africa,Xiaomi Flagship,2709,Estimasi berbasis shipment Xiaomi 2024 dan struktur wilayah IDC
2024-03-01,Asia,POCO,28016,Estimasi berbasis shipment Xiaomi 2024 dan struktur wilayah IDC
2024-03-01,Europe,POCO,11593,Estimasi berbasis shipment Xiaomi 2024 dan struktur wilayah IDC
2024-03-01,Latin America,POCO,4830,Estimasi berbasis shipment Xiaomi 2024 dan struktur wilayah IDC
2024-03-01,Middle East & Africa,POCO,3864,Estimasi berbasis shipment Xiaomi 2024 dan struktur wilayah IDC
2024-03-01,Asia,Black Shark,4451,Estimasi berbasis shipment Xiaomi 2024 dan struktur wilayah IDC
2024-03-01,Europe,Black Shark,1842,Estimasi berbasis shipment Xiaomi 2024 dan struktur wilayah IDC
2024-03-01,Latin America,Black Shark,767,Estimasi berbasis shipment Xiaomi 2024 dan struktur wilayah IDC
2024-03-01,Middle East & Africa,Black Shark,614,Estimasi berbasis shipment Xiaomi 2024 dan struktur wilayah IDC
2024-03-01,Asia,Other,17019,Estimasi berbasis shipment Xiaomi 2024 dan struktur wilayah IDC
2024-03-01,Europe,Other,7042,Estimasi berbasis shipment Xiaomi 2024 dan struktur wilayah IDC
2024-03-01,Latin America,Other,2934,Estimasi berbasis shipment Xiaomi 2024 dan struktur wilayah IDC
2024-03-01,Middle East & Africa,Other,2347,Estimasi berbasis shipment Xiaomi 2024 dan struktur wilayah IDC
2024-03-02,Asia,Redmi,161778,Estimasi berbasis shipment Xiaomi 2024 dan struktur wilayah IDC
2024-03-02,Europe,Redmi,66943,Estimasi berbasis shipment Xiaomi 2024 dan struktur wilayah IDC
2024-03-02,Latin America,Redmi,27893,Estimasi berbasis shipment Xiaomi 2024 dan struktur wilayah IDC
2024-03-02,Middle East & Africa,Redmi,22314,Estimasi berbasis shipment Xiaomi 2024 dan struktur wilayah IDC
2024-03-02,Asia,Xiaomi Flagship,19078,Estimasi berbasis shipment Xiaomi 2024 dan struktur wilayah IDC
2024-03-02,Europe,Xiaomi Flagship,7894,Estimasi berbasis shipment Xiaomi 2024 dan struktur wilayah IDC
2024-03-02,Latin America,Xiaomi Flagship,3289,Estimasi berbasis shipment Xiaomi 2024 dan struktur wilayah IDC
2024-03-02,Middle East & Africa,Xiaomi Flagship,2631,Estimasi berbasis shipment Xiaomi 2024 dan struktur wilayah IDC
2024-03-02,Asia,POCO,27217,Estimasi berbasis shipment Xiaomi 2024 dan struktur wilayah IDC
2024-03-02,Europe,POCO,11262,Estimasi berbasis shipment Xiaomi 2024 dan struktur wilayah IDC
2024-03-02,Latin America,POCO,4693,Estimasi berbasis shipment Xiaomi 2024 dan struktur wilayah IDC
2024-03-02,Middle East & Africa,POCO,3754,Estimasi berbasis shipment Xiaomi 2024 dan struktur wilayah IDC
2024-03-02,Asia,Black Shark,4324,Estimasi berbasis shipment Xiaomi 2024 dan struktur wilayah IDC
2024-03-02,Europe,Black Shark,1789,Estimasi berbasis shipment Xiaomi 2024 dan struktur wilayah IDC
2024-03-02,Latin America,Black Shark,746,Estimasi berbasis shipment Xiaomi 2024 dan struktur wilayah IDC
2024-03-02,Middle East & Africa,Black Shark,596,Estimasi berbasis shipment Xiaomi 2024 dan struktur wilayah IDC
2024-03-02,Asia,Other,16534,Estimasi berbasis shipment Xiaomi 2024 dan struktur wilayah IDC
2024-03-02,Europe,Other,6842,Estimasi berbasis shipment Xiaomi 2024 dan struktur wilayah IDC
2024-03-02,Latin America,Other,2851,Estimasi berbasis shipment Xiaomi 2024 dan struktur wilayah IDC
2024-03-02,Middle East & Africa,Other,2281,Estimasi berbasis shipment Xiaomi 2024 dan struktur wilayah IDC
2024-03-03,Asia,Redmi,180801,Estimasi berbasis shipment Xiaomi 2024 dan struktur wilayah IDC
2024-03-03,Europe,Redmi,74814,Estimasi berbasis shipment Xiaomi 2024 dan struktur wilayah IDC
2024-03-03,Latin America,Redmi,31173,Estimasi berbasis shipment Xiaomi 2024 dan struktur wilayah IDC
2024-03-03,Middle East & Africa,Redmi,24938,Estimasi berbasis shipment Xiaomi 2024 dan struktur wilayah IDC
2024-03-03,Asia,Xiaomi Flagship,21321,Estimasi berbasis shipment Xiaomi 2024 dan struktur wilayah IDC
2024-03-03,Europe,Xiaomi Flagship,8822,Estimasi berbasis shipment Xiaomi 2024 dan struktur wilayah IDC
2024-03-03,Latin America,Xiaomi Flagship,3676,Estimasi berbasis shipment Xiaomi 2024 dan struktur wilayah IDC
2024-03-03,Middle East & Africa,Xiaomi Flagship,2941,Estimasi berbasis shipment Xiaomi 2024 dan struktur wilayah IDC
2024-03-03,Asia,POCO,30418,Estimasi berbasis shipment Xiaomi 2024 dan struktur wilayah IDC
2024-03-03,Europe,POCO,12587,Estimasi berbasis shipment Xiaomi 2024 dan struktur wilayah IDC
2024-03-03,Latin America,POCO,5244,Estimasi berbasis shipment Xiaomi 2024 dan struktur wilayah IDC
2024-03-03,Middle East & Africa,POCO,4196,Estimasi berbasis shipment Xiaomi 2024 dan struktur wilayah IDC
2024-03-03,Asia,Black Shark,4833,Estimasi berbasis shipment Xiaomi 2024 dan struktur wilayah IDC
2024-03-03,Europe,Black Shark,2000,Estimasi berbasis shipment Xiaomi 2024 dan struktur wilayah IDC
2024-03-03,Latin America,Black Shark,833,Estimasi berbasis shipment Xiaomi 2024 dan struktur wilayah IDC
2024-03-03,Middle East & Africa,Black Shark,667,Estimasi berbasis shipment Xiaomi 2024 dan struktur wilayah IDC
2024-03-03,Asia,Other,18478,Estimasi berbasis shipment Xiaomi 2024 dan struktur wilayah IDC
2024-03-03,Europe,Other,7646,Estimasi berbasis shipment Xiaomi 2024 dan struktur wilayah IDC
2024-03-03,Latin America,Other,3186,Estimasi berbasis shipment Xiaomi 2024 dan struktur wilayah IDC
2024-03-03,Middle East & Africa,Other,2549,Estimasi berbasis shipment Xiaomi 2024 dan struktur wilayah IDC
2024-03-04,Asia,Redmi,186961,Estimasi berbasis shipment Xiaomi 2024 dan struktur wilayah IDC
2024-03-04,Europe,Redmi,77363,Estimasi berbasis shipment Xiaomi 2024 dan struktur wilayah IDC
2024-03-04,Latin America,Redmi,32235,Estimasi berbasis shipment Xiaomi 2024 dan struktur wilayah IDC
2024-03-04,Middle East & Africa,Redmi,25788,Estimasi berbasis shipment Xiaomi 2024 dan struktur wilayah IDC
2024-03-04,Asia,Xiaomi Flagship,22047,Estimasi berbasis shipment Xiaomi 2024 dan struktur wilayah IDC
2024-03-04,Europe,Xiaomi Flagship,9123,Estimasi berbasis shipment Xiaomi 2024 dan struktur wilayah IDC
2024-03-04,Latin America,Xiaomi Flagship,3801,Estimasi berbasis shipment Xiaomi 2024 dan struktur wilayah IDC
2024-03-04,Middle East & Africa,Xiaomi Flagship,3041,Estimasi berbasis shipment Xiaomi 2024 dan struktur wilayah IDC
2024-03-04,Asia,POCO,31454,Estimasi berbasis shipment Xiaomi 2024 dan struktur wilayah IDC
2024-03-04,Europe,POCO,13016,Estimasi berbasis shipment Xiaomi 2024 dan struktur wilayah IDC
2024-03-04,Latin America,POCO,5423,Estimasi berbasis shipment Xiaomi 2024 dan struktur wilayah IDC
2024-03-04,Middle East & Africa,POCO,4339,Estimasi berbasis shipment Xiaomi 2024 dan struktur wilayah IDC
2024-03-04,Asia,Black Shark,4997,Estimasi berbasis shipment Xiaomi 2024 dan struktur wilayah IDC
2024-03-04,Europe,Black Shark,2068,Estimasi berbasis shipment Xiaomi 2024 dan struktur wilayah IDC
2024-03-04,Latin America,Black Shark,862,Estimasi berbasis shipment Xiaomi 2024 dan struktur wilayah IDC
2024-03-04,Middle East & Africa,Black Shark,689,Estimasi berbasis shipment Xiaomi 2024 dan struktur wilayah IDC
2024-03-04,Asia,Other,19108,Estimasi berbasis shipment Xiaomi 2024 dan struktur wilayah IDC
2024-03-04,Europe,Other,7907,Estimasi berbasis shipment Xiaomi 2024 dan struktur wilayah IDC
2024-03-04,Latin America,Other,3294,Estimasi berbasis shipment Xiaomi 2024 dan struktur wilayah IDC
2024-03-04,Middle East & Africa,Other,2636,Estimasi berbasis shipment Xiaomi 2024 dan struktur wilayah IDC
2024-03-05,Asia,Redmi,163735,Estimasi berbasis shipment Xiaomi 2024 dan struktur wilayah IDC
2024-03-05,Europe,Redmi,67752,Estimasi berbasis shipment Xiaomi 2024 dan struktur wilayah IDC
2024-03-05,Latin America,Redmi,28230,Estimasi berbasis shipment Xiaomi 2024 dan struktur wilayah IDC
2024-03-05,Middle East & Africa,Redmi,22584,Estimasi berbasis shipment Xiaomi 2024 dan struktur wilayah IDC
2024-03-05,Asia,Xiaomi Flagship,19308,Estimasi berbasis shipment Xiaomi 2024 dan struktur wilayah IDC
2024-03-05,Europe,Xiaomi Flagship,7990,Estimasi berbasis shipment Xiaomi 2024 dan struktur wilayah IDC
2024-03-05,Latin America,Xiaomi Flagship,3329,Estimasi berbasis shipment Xiaomi 2024 dan struktur wilayah IDC
2024-03-05,Middle East & Africa,Xiaomi Flagship,2663,Estimasi berbasis shipment Xiaomi 2024 dan struktur wilayah IDC
2024-03-05,Asia,POCO,27547,Estimasi berbasis shipment Xiaomi 2024 dan struktur wilayah IDC
2024-03-05,Europe,POCO,11399,Estimasi berbasis shipment Xiaomi 2024 dan struktur wilayah IDC
2024-03-05,Latin America,POCO,4749,Estimasi berbasis shipment Xiaomi 2024 dan struktur wilayah IDC
2024-03-05,Middle East & Africa,POCO,3800,Estimasi berbasis shipment Xiaomi 2024 dan struktur wilayah IDC
2024-03-05,Asia,Black Shark,4377,Estimasi berbasis shipment Xiaomi 2024 dan struktur wilayah IDC
2024-03-05,Europe,Black Shark,1811,Estimasi berbasis shipment Xiaomi 2024 dan struktur wilayah IDC
2024-03-05,Latin America,Black Shark,755,Estimasi berbasis shipment Xiaomi 2024 dan struktur wilayah IDC
2024-03-05,Middle East & Africa,Black Shark,604,Estimasi berbasis shipment Xiaomi 2024 dan struktur wilayah IDC
2024-03-05,Asia,Other,16734,Estimasi berbasis shipment Xiaomi 2024 dan struktur wilayah IDC
2024-03-05,Europe,Other,6924,Estimasi berbasis shipment Xiaomi 2024 dan struktur wilayah IDC
2024-03-05,Latin America,Other,2885,Estimasi berbasis shipment Xiaomi 2024 dan struktur wilayah IDC
2024-03-05,Middle East & Africa,Other,2308,Estimasi berbasis shipment Xiaomi 2024 dan struktur wilayah IDC
2024-03-06,Asia,Redmi,184349,Estimasi berbasis shipment Xiaomi 2024 dan struktur wilayah IDC
2024-03-06,Europe,Redmi,76282,Estimasi berbasis shipment Xiaomi 2024 dan struktur wilayah IDC
2024-03-06,Latin America,Redmi,31784,Estimasi berbasis shipment Xiaomi 2024 dan struktur wilayah IDC
2024-03-06,Middle East & Africa,Redmi,25427,Estimasi berbasis shipment Xiaomi 2024 dan struktur wilayah IDC
2024-03-06,Asia,Xiaomi Flagship,21739,Estimasi berbasis shipment Xiaomi 2024 dan struktur wilayah IDC
2024-03-06,Europe,Xiaomi Flagship,8996,Estimasi berbasis shipment Xiaomi 2024 dan struktur wilayah IDC
2024-03-06,Latin America,Xiaomi Flagship,3748,Estimasi berbasis shipment Xiaomi 2024 dan struktur wilayah IDC
2024-03-06,Middle East & Africa,Xiaomi Flagship,2999,Estimasi berbasis shipment Xiaomi 2024 dan struktur wilayah IDC
2024-03-06,Asia,POCO,31015,Estimasi berbasis shipment Xiaomi 2024 dan struktur wilayah IDC
2024-03-06,Europe,POCO,12834,Estimasi berbasis shipment Xiaomi 2024 dan struktur wilayah IDC
2024-03-06,Latin America,POCO,5347,Estimasi berbasis shipment Xiaomi 2024 dan struktur wilayah IDC
2024-03-06,Middle East & Africa,POCO,4278,Estimasi berbasis shipment Xiaomi 2024 dan struktur wilayah IDC
2024-03-06,Asia,Black Shark,4928,Estimasi berbasis shipment Xiaomi 2024 dan struktur wilayah IDC
2024-03-06,Europe,Black Shark,2039,Estimasi berbasis shipment Xiaomi 2024 dan struktur wilayah IDC
2024-03-06,Latin America,Black Shark,850,Estimasi berbasis shipment Xiaomi 2024 dan struktur wilayah IDC
2024-03-06,Middle East & Africa,Black Shark,680,Estimasi berbasis shipment Xiaomi 2024 dan struktur wilayah IDC
2024-03-06,Asia,Other,18841,Estimasi berbasis shipment Xiaomi 2024 dan struktur wilayah IDC
2024-03-06,Europe,Other,7796,Estimasi berbasis shipment Xiaomi 2024 dan struktur wilayah IDC
2024-03-06,Latin America,Other,3248,Estimasi berbasis shipment Xiaomi 2024 dan struktur wilayah IDC
2024-03-06,Middle East & Africa,Other,2599,Estimasi berbasis shipment Xiaomi 2024 dan struktur wilayah IDC
2024-03-07,Asia,Redmi,161059,Estimasi berbasis shipment Xiaomi 2024 dan struktur wilayah IDC
2024-03-07,Europe,Redmi,66645,Estimasi berbasis shipment Xiaomi 2024 dan struktur wilayah IDC
2024-03-07,Latin America,Redmi,27769,Estimasi berbasis shipment Xiaomi 2024 dan struktur wilayah IDC
2024-03-07,Middle East & Africa,Redmi,22215,Estimasi berbasis shipment Xiaomi 2024 dan struktur wilayah IDC
2024-03-07,Asia,Xiaomi Flagship,18993,Estimasi berbasis shipment Xiaomi 2024 dan struktur wilayah IDC
2024-03-07,Europe,Xiaomi Flagship,7859,Estimasi berbasis shipment Xiaomi 2024 dan struktur wilayah IDC
2024-03-07,Latin America,Xiaomi Flagship,3275,Estimasi berbasis shipment Xiaomi 2024 dan struktur wilayah IDC
2024-03-07,Middle East & Africa,Xiaomi Flagship,2620,Estimasi berbasis shipment Xiaomi 2024 dan struktur wilayah IDC
2024-03-07,Asia,POCO,27096,Estimasi berbasis shipment Xiaomi 2024 dan struktur wilayah IDC
2024-03-07,Europe,POCO,11212,Estimasi berbasis shipment Xiaomi 2024 dan struktur wilayah IDC
2024-03-07,Latin America,POCO,4672,Estimasi berbasis shipment Xiaomi 2024 dan struktur wilayah IDC
2024-03-07,Middle East & Africa,POCO,3737,Estimasi berbasis shipment Xiaomi 2024 dan struktur wilayah IDC
2024-03-07,Asia,Black Shark,4305,Estimasi berbasis shipment Xiaomi 2024 dan struktur wilayah IDC
2024-03-07,Europe,Black Shark,1781,Estimasi berbasis shipment Xiaomi 2024 dan struktur wilayah IDC
2024-03-07,Latin America,Black Shark,742,Estimasi berbasis shipment Xiaomi 2024 dan struktur wilayah IDC
2024-03-07,Middle East & Africa,Black Shark,594,Estimasi berbasis shipment Xiaomi 2024 dan struktur wilayah IDC
2024-03-07,Asia,Other,16460,Estimasi berbasis shipment Xiaomi 2024 dan struktur wilayah IDC
2024-03-07,Europe,Other,6811,Estimasi berbasis shipment Xiaomi 2024 dan struktur wilayah IDC
2024-03-07,Latin America,Other,2838,Estimasi berbasis shipment Xiaomi 2024 dan struktur wilayah IDC
2024-03-07,Middle East & Africa,Other,2270,Estimasi berbasis shipment Xiaomi 2024 dan struktur wilayah IDC
2024-03-08,Asia,Redmi,168773,Estimasi berbasis shipment Xiaomi 2024 dan struktur wilayah IDC
2024-03-08,Europe,Redmi,69837,Estimasi berbasis shipment Xiaomi 2024 dan struktur wilayah IDC
2024-03-08,Latin America,Redmi,29099,Estimasi berbasis shipment Xiaomi 2024 dan struktur wilayah IDC
2024-03-08,Middle East & Africa,Redmi,23279,Estimasi berbasis shipment Xiaomi 2024 dan struktur wilayah IDC
2024-03-08,Asia,Xiaomi Flagship,19902,Estimasi berbasis shipment Xiaomi 2024 dan struktur wilayah IDC
2024-03-08,Europe,Xiaomi Flagship,8236,Estimasi berbasis shipment Xiaomi 2024 dan struktur wilayah IDC
2024-03-08,Latin America,Xiaomi Flagship,3431,Estimasi berbasis shipment Xiaomi 2024 dan struktur wilayah IDC
2024-03-08,Middle East & Africa,Xiaomi Flagship,2745,Estimasi berbasis shipment Xiaomi 2024 dan struktur wilayah IDC
2024-03-08,Asia,POCO,28394,Estimasi berbasis shipment Xiaomi 2024 dan struktur wilayah IDC
2024-03-08,Europe,POCO,11749,Estimasi berbasis shipment Xiaomi 2024 dan struktur wilayah IDC
2024-03-08,Latin America,POCO,4896,Estimasi berbasis shipment Xiaomi 2024 dan struktur wilayah IDC
2024-03-08,Middle East & Africa,POCO,3916,Estimasi berbasis shipment Xiaomi 2024 dan struktur wilayah IDC
2024-03-08,Asia,Black Shark,4511,Estimasi berbasis shipment Xiaomi 2024 dan struktur wilayah IDC
2024-03-08,Europe,Black Shark,1867,Estimasi berbasis shipment Xiaomi 2024 dan struktur wilayah IDC
2024-03-08,Latin America,Black Shark,778,Estimasi berbasis shipment Xiaomi 2024 dan struktur wilayah IDC
2024-03-08,Middle East & Africa,Black Shark,622,Estimasi berbasis shipment Xiaomi 2024 dan struktur wilayah IDC
2024-03-08,Asia,Other,17249,Estimasi berbasis shipment Xiaomi 2024 dan struktur wilayah IDC
2024-03-08,Europe,Other,7137,Estimasi berbasis shipment Xiaomi 2024 dan struktur wilayah IDC
2024-03-08,Latin America,Other,2974,Estimasi berbasis shipment Xiaomi 2024 dan struktur wilayah IDC
2024-03-08,Middle East & Africa,Other,2379,Estimasi berbasis shipment Xiaomi 2024 dan struktur wilayah IDC
2024-03-09,Asia,Redmi,161130,Estimasi berbasis shipment Xiaomi 2024 dan struktur wilayah IDC
2024-03-09,Europe,Redmi,66674,Estimasi berbasis shipment Xiaomi 2024 dan struktur wilayah IDC
2024-03-09,Latin America,Redmi,27781,Estimasi berbasis shipment Xiaomi 2024 dan struktur wilayah IDC
2024-03-09,Middle East & Africa,Redmi,22225,Estimasi berbasis shipment Xiaomi 2024 dan struktur wilayah IDC
2024-03-09,Asia,Xiaomi Flagship,19001,Estimasi berbasis shipment Xiaomi 2024 dan struktur wilayah IDC
2024-03-09,Europe,Xiaomi Flagship,7863,Estimasi berbasis shipment Xiaomi 2024 dan struktur wilayah IDC
2024-03-09,Latin America,Xiaomi Flagship,3276,Estimasi berbasis shipment Xiaomi 2024 dan struktur wilayah IDC
2024-03-09,Middle East & Africa,Xiaomi Flagship,2621,Estimasi berbasis shipment Xiaomi 2024 dan struktur wilayah IDC
2024-03-09,Asia,POCO,27108,Estimasi berbasis shipment Xiaomi 2024 dan struktur wilayah IDC
2024-03-09,Europe,POCO,11217,Estimasi berbasis shipment Xiaomi 2024 dan struktur wilayah IDC
2024-03-09,Latin America,POCO,4674,Estimasi berbasis shipment Xiaomi 2024 dan struktur wilayah IDC
2024-03-09,Middle East & Africa,POCO,3739,Estimasi berbasis shipment Xiaomi 2024 dan struktur wilayah IDC
2024-03-09,Asia,Black Shark,4307,Estimasi berbasis shipment Xiaomi 2024 dan struktur wilayah IDC
2024-03-09,Europe,Black Shark,1782,Estimasi berbasis shipment Xiaomi 2024 dan struktur wilayah IDC
2024-03-09,Latin America,Black Shark,743,Estimasi berbasis shipment Xiaomi 2024 dan struktur wilayah IDC
2024-03-09,Middle East & Africa,Black Shark,594,Estimasi berbasis shipment Xiaomi 2024 dan struktur wilayah IDC
2024-03-09,Asia,Other,16468,Estimasi berbasis shipment Xiaomi 2024 dan struktur wilayah IDC
2024-03-09,Europe,Other,6814,Estimasi berbasis shipment Xiaomi 2024 dan struktur wilayah IDC
2024-03-09,Latin America,Other,2839,Estimasi berbasis shipment Xiaomi 2024 dan struktur wilayah IDC
2024-03-09,Middle East & Africa,Other,2271,Estimasi berbasis shipment Xiaomi 2024 dan struktur wilayah IDC
2024-03-10,Asia,Redmi,170830,Estimasi berbasis shipment Xiaomi 2024 dan struktur wilayah IDC
2024-03-10,Europe,Redmi,70688,Estimasi berbasis shipment Xiaomi 2024 dan struktur wilayah IDC
2024-03-10,Latin America,Redmi,29454,Estimasi berbasis shipment Xiaomi 2024 dan struktur wilayah IDC
2024-03-10,Middle East & Africa,Redmi,23563,Estimasi berbasis shipment Xiaomi 2024 dan struktur wilayah IDC
2024-03-10,Asia,Xiaomi Flagship,20145,Estimasi berbasis shipment Xiaomi 2024 dan struktur wilayah IDC
2024-03-10,Europe,Xiaomi Flagship,8336,Estimasi berbasis shipment Xiaomi 2024 dan struktur wilayah IDC
2024-03-10,Latin America,Xiaomi Flagship,3473,Estimasi berbasis shipment Xiaomi 2024 dan struktur wilayah IDC
2024-03-10,Middle East & Africa,Xiaomi Flagship,2779,Estimasi berbasis shipment Xiaomi 2024 dan struktur wilayah IDC
2024-03-10,Asia,POCO,28740,Estimasi berbasis shipment Xiaomi 2024 dan struktur wilayah IDC
2024-03-10,Europe,POCO,11893,Estimasi berbasis shipment Xiaomi 2024 dan struktur wilayah IDC
2024-03-10,Latin America,POCO,4955,Estimasi berbasis shipment Xiaomi 2024 dan struktur wilayah IDC
2024-03-10,Middle East & Africa,POCO,3964,Estimasi berbasis shipment Xiaomi 2024 dan struktur wilayah IDC
2024-03-10,Asia,Black Shark,4566,Estimasi berbasis shipment Xiaomi 2024 dan struktur wilayah IDC
2024-03-10,Europe,Black Shark,1889,Estimasi berbasis shipment Xiaomi 2024 dan struktur wilayah IDC
2024-03-10,Latin America,Black Shark,787,Estimasi berbasis shipment Xiaomi 2024 dan struktur wilayah IDC
2024-03-10,Middle East & Africa,Black Shark,630,Estimasi berbasis shipment Xiaomi 2024 dan struktur wilayah IDC
2024-03-10,Asia,Other,17459,Estimasi berbasis shipment Xiaomi 2024 dan struktur wilayah IDC
2024-03-10,Europe,Other,7224,Estimasi berbasis shipment Xiaomi 2024 dan struktur wilayah IDC
2024-03-10,Latin America,Other,3010,Estimasi berbasis shipment Xiaomi 2024 dan struktur wilayah IDC
2024-03-10,Middle East & Africa,Other,2408,Estimasi berbasis shipment Xiaomi 2024 dan struktur wilayah IDC
2024-03-11,Asia,Redmi,156556,Estimasi berbasis shipment Xiaomi 2024 dan struktur wilayah IDC
2024-03-11,Europe,Redmi,64782,Estimasi berbasis shipment Xiaomi 2024 dan struktur wilayah IDC
2024-03-11,Latin America,Redmi,26992,Estimasi berbasis shipment Xiaomi 2024 dan struktur wilayah IDC
2024-03-11,Middle East & Africa,Redmi,21594,Estimasi berbasis shipment Xiaomi 2024 dan struktur wilayah IDC
2024-03-11,Asia,Xiaomi Flagship,18462,Estimasi berbasis shipment Xiaomi 2024 dan struktur wilayah IDC
2024-03-11,Europe,Xiaomi Flagship,7639,Estimasi berbasis shipment Xiaomi 2024 dan struktur wilayah IDC
2024-03-11,Latin America,Xiaomi Flagship,3183,Estimasi berbasis shipment Xiaomi 2024 dan struktur wilayah IDC
2024-03-11,Middle East & Africa,Xiaomi Flagship,2546,Estimasi berbasis shipment Xiaomi 2024 dan struktur wilayah IDC
2024-03-11,Asia,POCO,26339,Estimasi berbasis shipment Xiaomi 2024 dan struktur wilayah IDC
2024-03-11,Europe,POCO,10899,Estimasi berbasis shipment Xiaomi 2024 dan struktur wilayah IDC
2024-03-11,Latin America,POCO,4541,Estimasi berbasis shipment Xiaomi 2024 dan struktur wilayah IDC
2024-03-11,Middle East & Africa,POCO,3633,Estimasi berbasis shipment Xiaomi 2024 dan struktur wilayah IDC
2024-03-11,Asia,Black Shark,4185,Estimasi berbasis shipment Xiaomi 2024 dan struktur wilayah IDC
2024-03-11,Europe,Black Shark,1732,Estimasi berbasis shipment Xiaomi 2024 dan struktur wilayah IDC
2024-03-11,Latin America,Black Shark,721,Estimasi berbasis shipment Xiaomi 2024 dan struktur wilayah IDC
2024-03-11,Middle East & Africa,Black Shark,577,Estimasi berbasis shipment Xiaomi 2024 dan struktur wilayah IDC
2024-03-11,Asia,Other,16000,Estimasi berbasis shipment Xiaomi 2024 dan struktur wilayah IDC
2024-03-11,Europe,Other,6621,Estimasi berbasis shipment Xiaomi 2024 dan struktur wilayah IDC
2024-03-11,Latin America,Other,2759,Estimasi berbasis shipment Xiaomi 2024 dan struktur wilayah IDC
2024-03-11,Middle East & Africa,Other,2207,Estimasi berbasis shipment Xiaomi 2024 dan struktur wilayah IDC
2024-03-12,Asia,Redmi,168827,Estimasi berbasis shipment Xiaomi 2024 dan struktur wilayah IDC
2024-03-12,Europe,Redmi,69860,Estimasi berbasis shipment Xiaomi 2024 dan struktur wilayah IDC
2024-03-12,Latin America,Redmi,29108,Estimasi berbasis shipment Xiaomi 2024 dan struktur wilayah IDC
2024-03-12,Middle East & Africa,Redmi,23287,Estimasi berbasis shipment Xiaomi 2024 dan struktur wilayah IDC
2024-03-12,Asia,Xiaomi Flagship,19909,Estimasi berbasis shipment Xiaomi 2024 dan struktur wilayah IDC
2024-03-12,Europe,Xiaomi Flagship,8238,Estimasi berbasis shipment Xiaomi 2024 dan struktur wilayah IDC
2024-03-12,Latin America,Xiaomi Flagship,3433,Estimasi berbasis shipment Xiaomi 2024 dan struktur wilayah IDC
2024-03-12,Middle East & Africa,Xiaomi Flagship,2746,Estimasi berbasis shipment Xiaomi 2024 dan struktur wilayah IDC
2024-03-12,Asia,POCO,28403,Estimasi berbasis shipment Xiaomi 2024 dan struktur wilayah IDC
2024-03-12,Europe,POCO,11753,Estimasi berbasis shipment Xiaomi 2024 dan struktur wilayah IDC
2024-03-12,Latin America,POCO,4897,Estimasi berbasis shipment Xiaomi 2024 dan struktur wilayah IDC
2024-03-12,Middle East & Africa,POCO,3918,Estimasi berbasis shipment Xiaomi 2024 dan struktur wilayah IDC
2024-03-12,Asia,Black Shark,4513,Estimasi berbasis shipment Xiaomi 2024 dan struktur wilayah IDC
2024-03-12,Europe,Black Shark,1867,Estimasi berbasis shipment Xiaomi 2024 dan struktur wilayah IDC
2024-03-12,Latin America,Black Shark,778,Estimasi berbasis shipment Xiaomi 2024 dan struktur wilayah IDC
2024-03-12,Middle East & Africa,Black Shark,622,Estimasi berbasis shipment Xiaomi 2024 dan struktur wilayah IDC
2024-03-12,Asia,Other,17254,Estimasi berbasis shipment Xiaomi 2024 dan struktur wilayah IDC
2024-03-12,Europe,Other,7140,Estimasi berbasis shipment Xiaomi 2024 dan struktur wilayah IDC
2024-03-12,Latin America,Other,2975,Estimasi berbasis shipment Xiaomi 2024 dan struktur wilayah IDC
2024-03-12,Middle East & Africa,Other,2380,Estimasi berbasis shipment Xiaomi 2024 dan struktur wilayah IDC
2024-03-13,Asia,Redmi,155868,Estimasi berbasis shipment Xiaomi 2024 dan struktur wilayah IDC
2024-03-13,Europe,Redmi,64497,Estimasi berbasis shipment Xiaomi 2024 dan struktur wilayah IDC
2024-03-13,Latin America,Redmi,26874,Estimasi berbasis shipment Xiaomi 2024 dan struktur wilayah IDC
2024-03-13,Middle East & Africa,Redmi,21499,Estimasi berbasis shipment Xiaomi 2024 dan struktur wilayah IDC
2024-03-13,Asia,Xiaomi Flagship,18381,Estimasi berbasis shipment Xiaomi 2024 dan struktur wilayah IDC
2024-03-13,Europe,Xiaomi Flagship,7606,Estimasi berbasis shipment Xiaomi 2024 dan struktur wilayah IDC
2024-03-13,Latin America,Xiaomi Flagship,3169,Estimasi berbasis shipment Xiaomi 2024 dan struktur wilayah IDC
2024-03-13,Middle East & Africa,Xiaomi Flagship,2535,Estimasi berbasis shipment Xiaomi 2024 dan struktur wilayah IDC
2024-03-13,Asia,POCO,26223,Estimasi berbasis shipment Xiaomi 2024 dan struktur wilayah IDC
2024-03-13,Europe,POCO,10851,Estimasi berbasis shipment Xiaomi 2024 dan struktur wilayah IDC
2024-03-13,Latin America,POCO,4521,Estimasi berbasis shipment Xiaomi 2024 dan struktur wilayah IDC
2024-03-13,Middle East & Africa,POCO,3617,Estimasi berbasis shipment Xiaomi 2024 dan struktur wilayah IDC
2024-03-13,Asia,Black Shark,4166,Estimasi berbasis shipment Xiaomi 2024 dan struktur wilayah IDC
2024-03-13,Europe,Black Shark,1724,Estimasi berbasis shipment Xiaomi 2024 dan struktur wilayah IDC
2024-03-13,Latin America,Black Shark,718,Estimasi berbasis shipment Xiaomi 2024 dan struktur wilayah IDC
2024-03-13,Middle East & Africa,Black Shark,575,Estimasi berbasis shipment Xiaomi 2024 dan struktur wilayah IDC
2024-03-13,Asia,Other,15930,Estimasi berbasis shipment Xiaomi 2024 dan struktur wilayah IDC
2024-03-13,Europe,Other,6592,Estimasi berbasis shipment Xiaomi 2024 dan struktur wilayah IDC
2024-03-13,Latin America,Other,2747,Estimasi berbasis shipment Xiaomi 2024 dan struktur wilayah IDC
2024-03-13,Middle East & Africa,Other,2197,Estimasi berbasis shipment Xiaomi 2024 dan struktur wilayah IDC
2024-03-14,Asia,Redmi,181661,Estimasi berbasis shipment Xiaomi 2024 dan struktur wilayah IDC
2024-03-14,Europe,Redmi,75170,Estimasi berbasis shipment Xiaomi 2024 dan struktur wilayah IDC
2024-03-14,Latin America,Redmi,31321,Estimasi berbasis shipment Xiaomi 2024 dan struktur wilayah IDC
2024-03-14,Middle East & Africa,Redmi,25057,Estimasi berbasis shipment Xiaomi 2024 dan struktur wilayah IDC
2024-03-14,Asia,Xiaomi Flagship,21422,Estimasi berbasis shipment Xiaomi 2024 dan struktur wilayah IDC
2024-03-14,Europe,Xiaomi Flagship,8864,Estimasi berbasis shipment Xiaomi 2024 dan struktur wilayah IDC
2024-03-14,Latin America,Xiaomi Flagship,3693,Estimasi berbasis shipment Xiaomi 2024 dan struktur wilayah IDC
2024-03-14,Middle East & Africa,Xiaomi Flagship,2955,Estimasi berbasis shipment Xiaomi 2024 dan struktur wilayah IDC
2024-03-14,Asia,POCO,30562,Estimasi berbasis shipment Xiaomi 2024 dan struktur wilayah IDC
2024-03-14,Europe,POCO,12647,Estimasi berbasis shipment Xiaomi 2024 dan struktur wilayah IDC
2024-03-14,Latin America,POCO,5269,Estimasi berbasis shipment Xiaomi 2024 dan struktur wilayah IDC
2024-03-14,Middle East & Africa,POCO,4216,Estimasi berbasis shipment Xiaomi 2024 dan struktur wilayah IDC
2024-03-14,Asia,Black Shark,4856,Estimasi berbasis shipment Xiaomi 2024 dan struktur wilayah IDC
2024-03-14,Europe,Black Shark,2009,Estimasi berbasis shipment Xiaomi 2024 dan struktur wilayah IDC
2024-03-14,Latin America,Black Shark,837,Estimasi berbasis shipment Xiaomi 2024 dan struktur wilayah IDC
2024-03-14,Middle East & Africa,Black Shark,670,Estimasi berbasis shipment Xiaomi 2024 dan struktur wilayah IDC
2024-03-14,Asia,Other,18566,Estimasi berbasis shipment Xiaomi 2024 dan struktur wilayah IDC
2024-03-14,Europe,Other,7682,Estimasi berbasis shipment Xiaomi 2024 dan struktur wilayah IDC
2024-03-14,Latin America,Other,3201,Estimasi berbasis shipment Xiaomi 2024 dan struktur wilayah IDC
2024-03-14,Middle East & Africa,Other,2561,Estimasi berbasis shipment Xiaomi 2024 dan struktur wilayah IDC
2024-03-15,Asia,Redmi,183857,Estimasi berbasis shipment Xiaomi 2024 dan struktur wilayah IDC
2024-03-15,Europe,Redmi,76079,Estimasi berbasis shipment Xiaomi 2024 dan struktur wilayah IDC
2024-03-15,Latin America,Redmi,31699,Estimasi berbasis shipment Xiaomi 2024 dan struktur wilayah IDC
2024-03-15,Middle East & Africa,Redmi,25360,Estimasi berbasis shipment Xiaomi 2024 dan struktur wilayah IDC
2024-03-15,Asia,Xiaomi Flagship,21681,Estimasi berbasis shipment Xiaomi 2024 dan struktur wilayah IDC
2024-03-15,Europe,Xiaomi Flagship,8972,Estimasi berbasis shipment Xiaomi 2024 dan struktur wilayah IDC
2024-03-15,Latin America,Xiaomi Flagship,3738,Estimasi berbasis shipment Xiaomi 2024 dan struktur wilayah IDC
2024-03-15,Middle East & Africa,Xiaomi Flagship,2991,Estimasi berbasis shipment Xiaomi 2024 dan struktur wilayah IDC
2024-03-15,Asia,POCO,30932,Estimasi berbasis shipment Xiaomi 2024 dan struktur wilayah IDC
2024-03-15,Europe,POCO,12799,Estimasi berbasis shipment Xiaomi 2024 dan struktur wilayah IDC
2024-03-15,Latin America,POCO,5333,Estimasi berbasis shipment Xiaomi 2024 dan struktur wilayah IDC
2024-03-15,Middle East & Africa,POCO,4266,Estimasi berbasis shipment Xiaomi 2024 dan struktur wilayah IDC
2024-03-15,Asia,Black Shark,4914,Estimasi berbasis shipment Xiaomi 2024 dan struktur wilayah IDC
2024-03-15,Europe,Black Shark,2034,Estimasi berbasis shipment Xiaomi 2024 dan struktur wilayah IDC
2024-03-15,Latin America,Black Shark,847,Estimasi berbasis shipment Xiaomi 2024 dan struktur wilayah IDC
2024-03-15,Middle East & Africa,Black Shark,678,Estimasi berbasis shipment Xiaomi 2024 dan struktur wilayah IDC
2024-03-15,Asia,Other,18790,Estimasi berbasis shipment Xiaomi 2024 dan struktur wilayah IDC
2024-03-15,Europe,Other,7775,Estimasi berbasis shipment Xiaomi 2024 dan struktur wilayah IDC
2024-03-15,Latin America,Other,3240,Estimasi berbasis shipment Xiaomi 2024 dan struktur wilayah IDC
2024-03-15,Middle East & Africa,Other,2592,Estimasi berbasis shipment Xiaomi 2024 dan struktur wilayah IDC
2024-03-16,Asia,Redmi,153670,Estimasi berbasis shipment Xiaomi 2024 dan struktur wilayah IDC
2024-03-16,Europe,Redmi,63587,Estimasi berbasis shipment Xiaomi 2024 dan struktur wilayah IDC
2024-03-16,Latin America,Redmi,26495,Estimasi berbasis shipment Xiaomi 2024 dan struktur wilayah IDC
2024-03-16,Middle East & Africa,Redmi,21196,Estimasi berbasis shipment Xiaomi 2024 dan struktur wilayah IDC
2024-03-16,Asia,Xiaomi Flagship,18121,Estimasi berbasis shipment Xiaomi 2024 dan struktur wilayah IDC
2024-03-16,Europe,Xiaomi Flagship,7499,Estimasi berbasis shipment Xiaomi 2024 dan struktur wilayah IDC
2024-03-16,Latin America,Xiaomi Flagship,3124,Estimasi berbasis shipment Xiaomi 2024 dan struktur wilayah IDC
2024-03-16,Middle East & Africa,Xiaomi Flagship,2500,Estimasi berbasis shipment Xiaomi 2024 dan struktur wilayah IDC
2024-03-16,Asia,POCO,25853,Estimasi berbasis shipment Xiaomi 2024 dan struktur wilayah IDC
2024-03-16,Europe,POCO,10698,Estimasi berbasis shipment Xiaomi 2024 dan struktur wilayah IDC
2024-03-16,Latin America,POCO,4457,Estimasi berbasis shipment Xiaomi 2024 dan struktur wilayah IDC
2024-03-16,Middle East & Africa,POCO,3566,Estimasi berbasis shipment Xiaomi 2024 dan struktur wilayah IDC
2024-03-16,Asia,Black Shark,4108,Estimasi berbasis shipment Xiaomi 2024 dan struktur wilayah IDC
2024-03-16,Europe,Black Shark,1700,Estimasi berbasis shipment Xiaomi 2024 dan struktur wilayah IDC
2024-03-16,Latin America,Black Shark,708,Estimasi berbasis shipment Xiaomi 2024 dan struktur wilayah IDC
2024-03-16,Middle East & Africa,Black Shark,567,Estimasi berbasis shipment Xiaomi 2024 dan struktur wilayah IDC
2024-03-16,Asia,Other,15705,Estimasi berbasis shipment Xiaomi 2024 dan struktur wilayah IDC
2024-03-16,Europe,Other,6499,Estimasi berbasis shipment Xiaomi 2024 dan struktur wilayah IDC
2024-03-16,Latin America,Other,2708,Estimasi berbasis shipment Xiaomi 2024 dan struktur wilayah IDC
2024-03-16,Middle East & Africa,Other,2166,Estimasi berbasis shipment Xiaomi 2024 dan struktur wilayah IDC
2024-03-17,Asia,Redmi,178805,Estimasi berbasis shipment Xiaomi 2024 dan struktur wilayah IDC
2024-03-17,Europe,Redmi,73988,Estimasi berbasis shipment Xiaomi 2024 dan struktur wilayah IDC
2024-03-17,Latin America,Redmi,30828,Estimasi berbasis shipment Xiaomi 2024 dan struktur wilayah IDC
2024-03-17,Middle East & Africa,Redmi,24663,Estimasi berbasis shipment Xiaomi 2024 dan struktur wilayah IDC
2024-03-17,Asia,Xiaomi Flagship,21086,Estimasi berbasis shipment Xiaomi 2024 dan struktur wilayah IDC
2024-03-17,Europe,Xiaomi Flagship,8725,Estimasi berbasis shipment Xiaomi 2024 dan struktur wilayah IDC
2024-03-17,Latin America,Xiaomi Flagship,3635,Estimasi berbasis shipment Xiaomi 2024 dan struktur wilayah IDC
2024-03-17,Middle East & Africa,Xiaomi Flagship,2908,Estimasi berbasis shipment Xiaomi 2024 dan struktur wilayah IDC
2024-03-17,Asia,POCO,30082,Estimasi berbasis shipment Xiaomi 2024 dan struktur wilayah IDC
2024-03-17,Europe,POCO,12448,Estimasi berbasis shipment Xiaomi 2024 dan struktur wilayah IDC
2024-03-17,Latin America,POCO,5187,Estimasi berbasis shipment Xiaomi 2024 dan struktur wilayah IDC
2024-03-17,Middle East & Africa,POCO,4149,Estimasi berbasis shipment Xiaomi 2024 dan struktur wilayah IDC
2024-03-17,Asia,Black Shark,4779,Estimasi berbasis shipment Xiaomi 2024 dan struktur wilayah IDC
2024-03-17,Europe,Black Shark,1978,Estimasi berbasis shipment Xiaomi 2024 dan struktur wilayah IDC
2024-03-17,Latin America,Black Shark,824,Estimasi berbasis shipment Xiaomi 2024 dan struktur wilayah IDC
2024-03-17,Middle East & Africa,Black Shark,659,Estimasi berbasis shipment Xiaomi 2024 dan struktur wilayah IDC
2024-03-17,Asia,Other,18274,Estimasi berbasis shipment Xiaomi 2024 dan struktur wilayah IDC
2024-03-17,Europe,Other,7562,Estimasi berbasis shipment Xiaomi 2024 dan struktur wilayah IDC
2024-03-17,Latin America,Other,3151,Estimasi berbasis shipment Xiaomi 2024 dan struktur wilayah IDC
2024-03-17,Middle East & Africa,Other,2521,Estimasi berbasis shipment Xiaomi 2024 dan struktur wilayah IDC
2024-03-18,Asia,Redmi,185845,Estimasi berbasis shipment Xiaomi 2024 dan struktur wilayah IDC
2024-03-18,Europe,Redmi,76901,Estimasi berbasis shipment Xiaomi 2024 dan struktur wilayah IDC
2024-03-18,Latin America,Redmi,32042,Estimasi berbasis shipment Xiaomi 2024 dan struktur wilayah IDC
2024-03-18,Middle East & Africa,Redmi,25634,Estimasi berbasis shipment Xiaomi 2024 dan struktur wilayah IDC
2024-03-18,Asia,Xiaomi Flagship,21916,Estimasi berbasis shipment Xiaomi 2024 dan struktur wilayah IDC
2024-03-18,Europe,Xiaomi Flagship,9069,Estimasi berbasis shipment Xiaomi 2024 dan struktur wilayah IDC
2024-03-18,Latin America,Xiaomi Flagship,3779,Estimasi berbasis shipment Xiaomi 2024 dan struktur wilayah IDC
2024-03-18,Middle East & Africa,Xiaomi Flagship,3023,Estimasi berbasis shipment Xiaomi 2024 dan struktur wilayah IDC
2024-03-18,Asia,POCO,31266,Estimasi berbasis shipment Xiaomi 2024 dan struktur wilayah IDC
2024-03-18,Europe,POCO,12938,Estimasi berbasis shipment Xiaomi 2024 dan struktur wilayah IDC
2024-03-18,Latin America,POCO,5391,Estimasi berbasis shipment Xiaomi 2024 dan struktur wilayah IDC
2024-03-18,Middle East & Africa,POCO,4313,Estimasi berbasis shipment Xiaomi 2024 dan struktur wilayah IDC
2024-03-18,Asia,Black Shark,4968,Estimasi berbasis shipment Xiaomi 2024 dan struktur wilayah IDC
2024-03-18,Europe,Black Shark,2056,Estimasi berbasis shipment Xiaomi 2024 dan struktur wilayah IDC
2024-03-18,Latin America,Black Shark,856,Estimasi berbasis shipment Xiaomi 2024 dan struktur wilayah IDC
2024-03-18,Middle East & Africa,Black Shark,685,Estimasi berbasis shipment Xiaomi 2024 dan struktur wilayah IDC
2024-03-18,Asia,Other,18994,Estimasi berbasis shipment Xiaomi 2024 dan struktur wilayah IDC
2024-03-18,Europe,Other,7859,Estimasi berbasis shipment Xiaomi 2024 dan struktur wilayah IDC
2024-03-18,Latin America,Other,3275,Estimasi berbasis shipment Xiaomi 2024 dan struktur wilayah IDC
2024-03-18,Middle East & Africa,Other,2620,Estimasi berbasis shipment Xiaomi 2024 dan struktur wilayah IDC
2024-03-19,Asia,Redmi,180870,Estimasi berbasis shipment Xiaomi 2024 dan struktur wilayah IDC
2024-03-19,Europe,Redmi,74843,Estimasi berbasis shipment Xiaomi 2024 dan struktur wilayah IDC
2024-03-19,Latin America,Redmi,31185,Estimasi berbasis shipment Xiaomi 2024 dan struktur wilayah IDC
2024-03-19,Middle East & Africa,Redmi,24948,Estimasi berbasis shipment Xiaomi 2024 dan struktur wilayah IDC
2024-03-19,Asia,Xiaomi Flagship,21329,Estimasi berbasis shipment Xiaomi 2024 dan struktur wilayah IDC
2024-03-19,Europe,Xiaomi Flagship,8826,Estimasi berbasis shipment Xiaomi 2024 dan struktur wilayah IDC
2024-03-19,Latin America,Xiaomi Flagship,3677,Estimasi berbasis shipment Xiaomi 2024 dan struktur wilayah IDC
2024-03-19,Middle East & Africa,Xiaomi Flagship,2942,Estimasi berbasis shipment Xiaomi 2024 dan struktur wilayah IDC
2024-03-19,Asia,POCO,30429,Estimasi berbasis shipment Xiaomi 2024 dan struktur wilayah IDC
2024-03-19,Europe,POCO,12591,Estimasi berbasis shipment Xiaomi 2024 dan struktur wilayah IDC
2024-03-19,Latin America,POCO,5246,Estimasi berbasis shipment Xiaomi 2024 dan struktur wilayah IDC
2024-03-19,Middle East & Africa,POCO,4197,Estimasi berbasis shipment Xiaomi 2024 dan struktur wilayah IDC
2024-03-19,Asia,Black Shark,4835,Estimasi berbasis shipment Xiaomi 2024 dan struktur wilayah IDC
2024-03-19,Europe,Black Shark,2001,Estimasi berbasis shipment Xiaomi 2024 dan struktur wilayah IDC
2024-03-19,Latin America,Black Shark,834,Estimasi berbasis shipment Xiaomi 2024 dan struktur wilayah IDC
2024-03-19,Middle East & Africa,Black Shark,667,Estimasi berbasis shipment Xiaomi 2024 dan struktur wilayah IDC
2024-03-19,Asia,Other,18485,Estimasi berbasis shipment Xiaomi 2024 dan struktur wilayah IDC
2024-03-19,Europe,Other,7649,Estimasi berbasis shipment Xiaomi 2024 dan struktur wilayah IDC
2024-03-19,Latin America,Other,3187,Estimasi berbasis shipment Xiaomi 2024 dan struktur wilayah IDC
2024-03-19,Middle East & Africa,Other,2550,Estimasi berbasis shipment Xiaomi 2024 dan struktur wilayah IDC
2024-03-20,Asia,Redmi,161806,Estimasi berbasis shipment Xiaomi 2024 dan struktur wilayah IDC
2024-03-20,Europe,Redmi,66954,Estimasi berbasis shipment Xiaomi 2024 dan struktur wilayah IDC
2024-03-20,Latin America,Redmi,27898,Estimasi berbasis shipment Xiaomi 2024 dan struktur wilayah IDC
2024-03-20,Middle East & Africa,Redmi,22318,Estimasi berbasis shipment Xiaomi 2024 dan struktur wilayah IDC
2024-03-20,Asia,Xiaomi Flagship,19081,Estimasi berbasis shipment Xiaomi 2024 dan struktur wilayah IDC
2024-03-20,Europe,Xiaomi Flagship,7896,Estimasi berbasis shipment Xiaomi 2024 dan struktur wilayah IDC
2024-03-20,Latin America,Xiaomi Flagship,3290,Estimasi berbasis shipment Xiaomi 2024 dan struktur wilayah IDC
2024-03-20,Middle East & Africa,Xiaomi Flagship,2632,Estimasi berbasis shipment Xiaomi 2024 dan struktur wilayah IDC
2024-03-20,Asia,POCO,27222,Estimasi berbasis shipment Xiaomi 2024 dan struktur wilayah IDC
2024-03-20,Europe,POCO,11264,Estimasi berbasis shipment Xiaomi 2024 dan struktur wilayah IDC
2024-03-20,Latin America,POCO,4693,Estimasi berbasis shipment Xiaomi 2024 dan struktur wilayah IDC
2024-03-20,Middle East & Africa,POCO,3755,Estimasi berbasis shipment Xiaomi 2024 dan struktur wilayah IDC
2024-03-20,Asia,Black Shark,4325,Estimasi berbasis shipment Xiaomi 2024 dan struktur wilayah IDC
2024-03-20,Europe,Black Shark,1790,Estimasi berbasis shipment Xiaomi 2024 dan struktur wilayah IDC
2024-03-20,Latin America,Black Shark,746,Estimasi berbasis shipment Xiaomi 2024 dan struktur wilayah IDC
2024-03-20,Middle East & Africa,Black Shark,597,Estimasi berbasis shipment Xiaomi 2024 dan struktur wilayah IDC
2024-03-20,Asia,Other,16537,Estimasi berbasis shipment Xiaomi 2024 dan struktur wilayah IDC
2024-03-20,Europe,Other,6843,Estimasi berbasis shipment Xiaomi 2024 dan struktur wilayah IDC
2024-03-20,Latin America,Other,2851,Estimasi berbasis shipment Xiaomi 2024 dan struktur wilayah IDC
2024-03-20,Middle East & Africa,Other,2281,Estimasi berbasis shipment Xiaomi 2024 dan struktur wilayah IDC
2024-03-21,Asia,Redmi,182646,Estimasi berbasis shipment Xiaomi 2024 dan struktur wilayah IDC
2024-03-21,Europe,Redmi,75578,Estimasi berbasis shipment Xiaomi 2024 dan struktur wilayah IDC
2024-03-21,Latin America,Redmi,31491,Estimasi berbasis shipment Xiaomi 2024 dan struktur wilayah IDC
2024-03-21,Middle East & Africa,Redmi,25193,Estimasi berbasis shipment Xiaomi 2024 dan struktur wilayah IDC
2024-03-21,Asia,Xiaomi Flagship,21538,Estimasi berbasis shipment Xiaomi 2024 dan struktur wilayah IDC
2024-03-21,Europe,Xiaomi Flagship,8912,Estimasi berbasis shipment Xiaomi 2024 dan struktur wilayah IDC
2024-03-21,Latin America,Xiaomi Flagship,3714,Estimasi berbasis shipment Xiaomi 2024 dan struktur wilayah IDC
2024-03-21,Middle East & Africa,Xiaomi Flagship,2971,Estimasi berbasis shipment Xiaomi 2024 dan struktur wilayah IDC
2024-03-21,Asia,POCO,30728,Estimasi berbasis shipment Xiaomi 2024 dan struktur wilayah IDC
2024-03-21,Europe,POCO,12715,Estimasi berbasis shipment Xiaomi 2024 dan struktur wilayah IDC
2024-03-21,Latin America,POCO,5298,Estimasi berbasis shipment Xiaomi 2024 dan struktur wilayah IDC
2024-03-21,Middle East & Africa,POCO,4238,Estimasi berbasis shipment Xiaomi 2024 dan struktur wilayah IDC
2024-03-21,Asia,Black Shark,4882,Estimasi berbasis shipment Xiaomi 2024 dan struktur wilayah IDC
2024-03-21,Europe,Black Shark,2020,Estimasi berbasis shipment Xiaomi 2024 dan struktur wilayah IDC
2024-03-21,Latin America,Black Shark,842,Estimasi berbasis shipment Xiaomi 2024 dan struktur wilayah IDC
2024-03-21,Middle East & Africa,Black Shark,673,Estimasi berbasis shipment Xiaomi 2024 dan struktur wilayah IDC
2024-03-21,Asia,Other,18667,Estimasi berbasis shipment Xiaomi 2024 dan struktur wilayah IDC
2024-03-21,Europe,Other,7724,Estimasi berbasis shipment Xiaomi 2024 dan struktur wilayah IDC
2024-03-21,Latin America,Other,3218,Estimasi berbasis shipment Xiaomi 2024 dan struktur wilayah IDC
2024-03-21,Middle East & Africa,Other,2575,Estimasi berbasis shipment Xiaomi 2024 dan struktur wilayah IDC
2024-03-22,Asia,Redmi,187237,Estimasi berbasis shipment Xiaomi 2024 dan struktur wilayah IDC
2024-03-22,Europe,Redmi,77477,Estimasi berbasis shipment Xiaomi 2024 dan struktur wilayah IDC
2024-03-22,Latin America,Redmi,32282,Estimasi berbasis shipment Xiaomi 2024 dan struktur wilayah IDC
2024-03-22,Middle East & Africa,Redmi,25826,Estimasi berbasis shipment Xiaomi 2024 dan struktur wilayah IDC
2024-03-22,Asia,Xiaomi Flagship,22080,Estimasi berbasis shipment Xiaomi 2024 dan struktur wilayah IDC
2024-03-22,Europe,Xiaomi Flagship,9136,Estimasi berbasis shipment Xiaomi 2024 dan struktur wilayah IDC
2024-03-22,Latin America,Xiaomi Flagship,3807,Estimasi berbasis shipment Xiaomi 2024 dan struktur wilayah IDC
2024-03-22,Middle East & Africa,Xiaomi Flagship,3045,Estimasi berbasis shipment Xiaomi 2024 dan struktur wilayah IDC
2024-03-22,Asia,POCO,31500,Estimasi berbasis shipment Xiaomi 2024 dan struktur wilayah IDC
2024-03-22,Europe,POCO,13035,Estimasi berbasis shipment Xiaomi 2024 dan struktur wilayah IDC
2024-03-22,Latin America,POCO,5431,Estimasi berbasis shipment Xiaomi 2024 dan struktur wilayah IDC
2024-03-22,Middle East & Africa,POCO,4345,Estimasi berbasis shipment Xiaomi 2024 dan struktur wilayah IDC
2024-03-22,Asia,Black Shark,5005,Estimasi berbasis shipment Xiaomi 2024 dan struktur wilayah IDC
2024-03-22,Europe,Black Shark,2071,Estimasi berbasis shipment Xiaomi 2024 dan struktur wilayah IDC
2024-03-22,Latin America,Black Shark,863,Estimasi berbasis shipment Xiaomi 2024 dan struktur wilayah IDC
2024-03-22,Middle East & Africa,Black Shark,690,Estimasi berbasis shipment Xiaomi 2024 dan struktur wilayah IDC
2024-03-22,Asia,Other,19136,Estimasi berbasis shipment Xiaomi 2024 dan struktur wilayah IDC
2024-03-22,Europe,Other,7918,Estimasi berbasis shipment Xiaomi 2024 dan struktur wilayah IDC
2024-03-22,Latin America,Other,3299,Estimasi berbasis shipment Xiaomi 2024 dan struktur wilayah IDC
2024-03-22,Middle East & Africa,Other,2639,Estimasi berbasis shipment Xiaomi 2024 dan struktur wilayah IDC
2024-03-23,Asia,Redmi,185929,Estimasi berbasis shipment Xiaomi 2024 dan struktur wilayah IDC
2024-03-23,Europe,Redmi,76936,Estimasi berbasis shipment Xiaomi 2024 dan struktur wilayah IDC
2024-03-23,Latin America,Redmi,32057,Estimasi berbasis shipment Xiaomi 2024 dan struktur wilayah IDC
2024-03-23,Middle East & Africa,Redmi,25645,Estimasi berbasis shipment Xiaomi 2024 dan struktur wilayah IDC
2024-03-23,Asia,Xiaomi Flagship,21926,Estimasi berbasis shipment Xiaomi 2024 dan struktur wilayah IDC
2024-03-23,Europe,Xiaomi Flagship,9073,Estimasi berbasis shipment Xiaomi 2024 dan struktur wilayah IDC
2024-03-23,Latin America,Xiaomi Flagship,3780,Estimasi berbasis shipment Xiaomi 2024 dan struktur wilayah IDC
2024-03-23,Middle East & Africa,Xiaomi Flagship,3024,Estimasi berbasis shipment Xiaomi 2024 dan struktur wilayah IDC
2024-03-23,Asia,POCO,31281,Estimasi berbasis shipment Xiaomi 2024 dan struktur wilayah IDC
2024-03-23,Europe,POCO,12944,Estimasi berbasis shipment Xiaomi 2024 dan struktur wilayah IDC
2024-03-23,Latin America,POCO,5393,Estimasi berbasis shipment Xiaomi 2024 dan struktur wilayah IDC
2024-03-23,Middle East & Africa,POCO,4315,Estimasi berbasis shipment Xiaomi 2024 dan struktur wilayah IDC
2024-03-23,Asia,Black Shark,4970,Estimasi berbasis shipment Xiaomi 2024 dan struktur wilayah IDC
2024-03-23,Europe,Black Shark,2056,Estimasi berbasis shipment Xiaomi 2024 dan struktur wilayah IDC
2024-03-23,Latin America,Black Shark,857,Estimasi berbasis shipment Xiaomi 2024 dan struktur wilayah IDC
2024-03-23,Middle East & Africa,Black Shark,685,Estimasi berbasis shipment Xiaomi 2024 dan struktur wilayah IDC
2024-03-23,Asia,Other,19002,Estimasi berbasis shipment Xiaomi 2024 dan struktur wilayah IDC
2024-03-23,Europe,Other,7863,Estimasi berbasis shipment Xiaomi 2024 dan struktur wilayah IDC
2024-03-23,Latin America,Other,3276,Estimasi berbasis shipment Xiaomi 2024 dan struktur wilayah IDC
2024-03-23,Middle East & Africa,Other,2621,Estimasi berbasis shipment Xiaomi 2024 dan struktur wilayah IDC
2024-03-24,Asia,Redmi,169570,Estimasi berbasis shipment Xiaomi 2024 dan struktur wilayah IDC
2024-03-24,Europe,Redmi,70167,Estimasi berbasis shipment Xiaomi 2024 dan struktur wilayah IDC
2024-03-24,Latin America,Redmi,29236,Estimasi berbasis shipment Xiaomi 2024 dan struktur wilayah IDC
2024-03-24,Middle East & Africa,Redmi,23389,Estimasi berbasis shipment Xiaomi 2024 dan struktur wilayah IDC
2024-03-24,Asia,Xiaomi Flagship,19996,Estimasi berbasis shipment Xiaomi 2024 dan struktur wilayah IDC
2024-03-24,Europe,Xiaomi Flagship,8274,Estimasi berbasis shipment Xiaomi 2024 dan struktur wilayah IDC
2024-03-24,Latin America,Xiaomi Flagship,3448,Estimasi berbasis shipment Xiaomi 2024 dan struktur wilayah IDC
2024-03-24,Middle East & Africa,Xiaomi Flagship,2758,Estimasi berbasis shipment Xiaomi 2024 dan struktur wilayah IDC
2024-03-24,Asia,POCO,28528,Estimasi berbasis shipment Xiaomi 2024 dan struktur wilayah IDC
2024-03-24,Europe,POCO,11805,Estimasi berbasis shipment Xiaomi 2024 dan struktur wilayah IDC
2024-03-24,Latin America,POCO,4919,Estimasi berbasis shipment Xiaomi 2024 dan struktur wilayah IDC
2024-03-24,Middle East & Africa,POCO,3935,Estimasi berbasis shipment Xiaomi 2024 dan struktur wilayah IDC
2024-03-24,Asia,Black Shark,4533,Estimasi berbasis shipment Xiaomi 2024 dan struktur wilayah IDC
2024-03-24,Europe,Black Shark,1876,Estimasi berbasis shipment Xiaomi 2024 dan struktur wilayah IDC
2024-03-24,Latin America,Black Shark,781,Estimasi berbasis shipment Xiaomi 2024 dan struktur wilayah IDC
2024-03-24,Middle East & Africa,Black Shark,625,Estimasi berbasis shipment Xiaomi 2024 dan struktur wilayah IDC
2024-03-24,Asia,Other,17330,Estimasi berbasis shipment Xiaomi 2024 dan struktur wilayah IDC
2024-03-24,Europe,Other,7171,Estimasi berbasis shipment Xiaomi 2024 dan struktur wilayah IDC
2024-03-24,Latin America,Other,2988,Estimasi berbasis shipment Xiaomi 2024 dan struktur wilayah IDC
2024-03-24,Middle East & Africa,Other,2390,Estimasi berbasis shipment Xiaomi 2024 dan struktur wilayah IDC
2024-03-25,Asia,Redmi,156224,Estimasi berbasis shipment Xiaomi 2024 dan struktur wilayah IDC
2024-03-25,Europe,Redmi,64644,Estimasi berbasis shipment Xiaomi 2024 dan struktur wilayah IDC
2024-03-25,Latin America,Redmi,26935,Estimasi berbasis shipment Xiaomi 2024 dan struktur wilayah IDC
2024-03-25,Middle East & Africa,Redmi,21548,Estimasi berbasis shipment Xiaomi 2024 dan struktur wilayah IDC
2024-03-25,Asia,Xiaomi Flagship,18423,Estimasi berbasis shipment Xiaomi 2024 dan struktur wilayah IDC
2024-03-25,Europe,Xiaomi Flagship,7623,Estimasi berbasis shipment Xiaomi 2024 dan struktur wilayah IDC
2024-03-25,Latin America,Xiaomi Flagship,3176,Estimasi berbasis shipment Xiaomi 2024 dan struktur wilayah IDC
2024-03-25,Middle East & Africa,Xiaomi Flagship,2541,Estimasi berbasis shipment Xiaomi 2024 dan struktur wilayah IDC
2024-03-25,Asia,POCO,26283,Estimasi berbasis shipment Xiaomi 2024 dan struktur wilayah IDC
2024-03-25,Europe,POCO,10876,Estimasi berbasis shipment Xiaomi 2024 dan struktur wilayah IDC
2024-03-25,Latin America,POCO,4532,Estimasi berbasis shipment Xiaomi 2024 dan struktur wilayah IDC
2024-03-25,Middle East & Africa,POCO,3625,Estimasi berbasis shipment Xiaomi 2024 dan struktur wilayah IDC
2024-03-25,Asia,Black Shark,4176,Estimasi berbasis shipment Xiaomi 2024 dan struktur wilayah IDC
2024-03-25,Europe,Black Shark,1728,Estimasi berbasis shipment Xiaomi 2024 dan struktur wilayah IDC
2024-03-25,Latin America,Black Shark,720,Estimasi berbasis shipment Xiaomi 2024 dan struktur wilayah IDC
2024-03-25,Middle East & Africa,Black Shark,576,Estimasi berbasis shipment Xiaomi 2024 dan struktur wilayah IDC
2024-03-25,Asia,Other,15966,Estimasi berbasis shipment Xiaomi 2024 dan struktur wilayah IDC
2024-03-25,Europe,Other,6607,Estimasi berbasis shipment Xiaomi 2024 dan struktur wilayah IDC
2024-03-25,Latin America,Other,2753,Estimasi berbasis shipment Xiaomi 2024 dan struktur wilayah IDC
2024-03-25,Middle East & Africa,Other,2202,Estimasi berbasis shipment Xiaomi 2024 dan struktur wilayah IDC
2024-03-26,Asia,Redmi,158625,Estimasi berbasis shipment Xiaomi 2024 dan struktur wilayah IDC
2024-03-26,Europe,Redmi,65638,Estimasi berbasis shipment Xiaomi 2024 dan struktur wilayah IDC
2024-03-26,Latin America,Redmi,27349,Estimasi berbasis shipment Xiaomi 2024 dan struktur wilayah IDC
2024-03-26,Middle East & Africa,Redmi,21879,Estimasi berbasis shipment Xiaomi 2024 dan struktur wilayah IDC
2024-03-26,Asia,Xiaomi Flagship,18706,Estimasi berbasis shipment Xiaomi 2024 dan struktur wilayah IDC
2024-03-26,Europe,Xiaomi Flagship,7740,Estimasi berbasis shipment Xiaomi 2024 dan struktur wilayah IDC
2024-03-26,Latin America,Xiaomi Flagship,3225,Estimasi berbasis shipment Xiaomi 2024 dan struktur wilayah IDC
2024-03-26,Middle East & Africa,Xiaomi Flagship,2580,Estimasi berbasis shipment Xiaomi 2024 dan struktur wilayah IDC
2024-03-26,Asia,POCO,26687,Estimasi berbasis shipment Xiaomi 2024 dan struktur wilayah IDC
2024-03-26,Europe,POCO,11043,Estimasi berbasis shipment Xiaomi 2024 dan struktur wilayah IDC
2024-03-26,Latin America,POCO,4601,Estimasi berbasis shipment Xiaomi 2024 dan struktur wilayah IDC
2024-03-26,Middle East & Africa,POCO,3681,Estimasi berbasis shipment Xiaomi 2024 dan struktur wilayah IDC
2024-03-26,Asia,Black Shark,4240,Estimasi berbasis shipment Xiaomi 2024 dan struktur wilayah IDC
2024-03-26,Europe,Black Shark,1754,Estimasi berbasis shipment Xiaomi 2024 dan struktur wilayah IDC
2024-03-26,Latin America,Black Shark,731,Estimasi berbasis shipment Xiaomi 2024 dan struktur wilayah IDC
2024-03-26,Middle East & Africa,Black Shark,585,Estimasi berbasis shipment Xiaomi 2024 dan struktur wilayah IDC
2024-03-26,Asia,Other,16212,Estimasi berbasis shipment Xiaomi 2024 dan struktur wilayah IDC
2024-03-26,Europe,Other,6708,Estimasi berbasis shipment Xiaomi 2024 dan struktur wilayah IDC
2024-03-26,Latin America,Other,2795,Estimasi berbasis shipment Xiaomi 2024 dan struktur wilayah IDC
2024-03-26,Middle East & Africa,Other,2236,Estimasi berbasis shipment Xiaomi 2024 dan struktur wilayah IDC
2024-03-27,Asia,Redmi,163309,Estimasi berbasis shipment Xiaomi 2024 dan struktur wilayah IDC
2024-03-27,Europe,Redmi,67576,Estimasi berbasis shipment Xiaomi 2024 dan struktur wilayah IDC
2024-03-27,Latin America,Redmi,28157,Estimasi berbasis shipment Xiaomi 2024 dan struktur wilayah IDC
2024-03-27,Middle East & Africa,Redmi,22525,Estimasi berbasis shipment Xiaomi 2024 dan struktur wilayah IDC
2024-03-27,Asia,Xiaomi Flagship,19258,Estimasi berbasis shipment Xiaomi 2024 dan struktur wilayah IDC
2024-03-27,Europe,Xiaomi Flagship,7969,Estimasi berbasis shipment Xiaomi 2024 dan struktur wilayah IDC
2024-03-27,Latin America,Xiaomi Flagship,3320,Estimasi berbasis shipment Xiaomi 2024 dan struktur wilayah IDC
2024-03-27,Middle East & Africa,Xiaomi Flagship,2656,Estimasi berbasis shipment Xiaomi 2024 dan struktur wilayah IDC
2024-03-27,Asia,POCO,27475,Estimasi berbasis shipment Xiaomi 2024 dan struktur wilayah IDC
2024-03-27,Europe,POCO,11369,Estimasi berbasis shipment Xiaomi 2024 dan struktur wilayah IDC
2024-03-27,Latin America,POCO,4737,Estimasi berbasis shipment Xiaomi 2024 dan struktur wilayah IDC
2024-03-27,Middle East & Africa,POCO,3790,Estimasi berbasis shipment Xiaomi 2024 dan struktur wilayah IDC
2024-03-27,Asia,Black Shark,4365,Estimasi berbasis shipment Xiaomi 2024 dan struktur wilayah IDC
2024-03-27,Europe,Black Shark,1806,Estimasi berbasis shipment Xiaomi 2024 dan struktur wilayah IDC
2024-03-27,Latin America,Black Shark,753,Estimasi berbasis shipment Xiaomi 2024 dan struktur wilayah IDC
2024-03-27,Middle East & Africa,Black Shark,602,Estimasi berbasis shipment Xiaomi 2024 dan struktur wilayah IDC
2024-03-27,Asia,Other,16690,Estimasi berbasis shipment Xiaomi 2024 dan struktur wilayah IDC
2024-03-27,Europe,Other,6906,Estimasi berbasis shipment Xiaomi 2024 dan struktur wilayah IDC
2024-03-27,Latin America,Other,2878,Estimasi berbasis shipment Xiaomi 2024 dan struktur wilayah IDC
2024-03-27,Middle East & Africa,Other,2302,Estimasi berbasis shipment Xiaomi 2024 dan struktur wilayah IDC
2024-03-28,Asia,Redmi,169670,Estimasi berbasis shipment Xiaomi 2024 dan struktur wilayah IDC
2024-03-28,Europe,Redmi,70208,Estimasi berbasis shipment Xiaomi 2024 dan struktur wilayah IDC
2024-03-28,Latin America,Redmi,29253,Estimasi berbasis shipment Xiaomi 2024 dan struktur wilayah IDC
2024-03-28,Middle East & Africa,Redmi,23403,Estimasi berbasis shipment Xiaomi 2024 dan struktur wilayah IDC
2024-03-28,Asia,Xiaomi Flagship,20008,Estimasi berbasis shipment Xiaomi 2024 dan struktur wilayah IDC
2024-03-28,Europe,Xiaomi Flagship,8279,Estimasi berbasis shipment Xiaomi 2024 dan struktur wilayah IDC
2024-03-28,Latin America,Xiaomi Flagship,3450,Estimasi berbasis shipment Xiaomi 2024 dan struktur wilayah IDC
2024-03-28,Middle East & Africa,Xiaomi Flagship,2760,Estimasi berbasis shipment Xiaomi 2024 dan struktur wilayah IDC
2024-03-28,Asia,POCO,28545,Estimasi berbasis shipment Xiaomi 2024 dan struktur wilayah IDC
2024-03-28,Europe,POCO,11812,Estimasi berbasis shipment Xiaomi 2024 dan struktur wilayah IDC
2024-03-28,Latin America,POCO,4922,Estimasi berbasis shipment Xiaomi 2024 dan struktur wilayah IDC
2024-03-28,Middle East & Africa,POCO,3937,Estimasi berbasis shipment Xiaomi 2024 dan struktur wilayah IDC
2024-03-28,Asia,Black Shark,4535,Estimasi berbasis shipment Xiaomi 2024 dan struktur wilayah IDC
2024-03-28,Europe,Black Shark,1877,Estimasi berbasis shipment Xiaomi 2024 dan struktur wilayah IDC
2024-03-28,Latin America,Black Shark,782,Estimasi berbasis shipment Xiaomi 2024 dan struktur wilayah IDC
2024-03-28,Middle East & Africa,Black Shark,626,Estimasi berbasis shipment Xiaomi 2024 dan struktur wilayah IDC
2024-03-28,Asia,Other,17340,Estimasi berbasis shipment Xiaomi 2024 dan struktur wilayah IDC
2024-03-28,Europe,Other,7175,Estimasi berbasis shipment Xiaomi 2024 dan struktur wilayah IDC
2024-03-28,Latin America,Other,2990,Estimasi berbasis shipment Xiaomi 2024 dan struktur wilayah IDC
2024-03-28,Middle East & Africa,Other,2392,Estimasi berbasis shipment Xiaomi 2024 dan struktur wilayah IDC
2024-03-29,Asia,Redmi,174417,Estimasi berbasis shipment Xiaomi 2024 dan struktur wilayah IDC
2024-03-29,Europe,Redmi,72173,Estimasi berbasis shipment Xiaomi 2024 dan struktur wilayah IDC
2024-03-29,Latin America,Redmi,30072,Estimasi berbasis shipment Xiaomi 2024 dan struktur wilayah IDC
2024-03-29,Middle East & Africa,Redmi,24058,Estimasi berbasis shipment Xiaomi 2024 dan struktur wilayah IDC
2024-03-29,Asia,Xiaomi Flagship,20568,Estimasi berbasis shipment Xiaomi 2024 dan struktur wilayah IDC
2024-03-29,Europe,Xiaomi Flagship,8511,Estimasi berbasis shipment Xiaomi 2024 dan struktur wilayah IDC
2024-03-29,Latin America,Xiaomi Flagship,3546,Estimasi berbasis shipment Xiaomi 2024 dan struktur wilayah IDC
2024-03-29,Middle East & Africa,Xiaomi Flagship,2837,Estimasi berbasis shipment Xiaomi 2024 dan struktur wilayah IDC
2024-03-29,Asia,POCO,29344,Estimasi berbasis shipment Xiaomi 2024 dan struktur wilayah IDC
2024-03-29,Europe,POCO,12142,Estimasi berbasis shipment Xiaomi 2024 dan struktur wilayah IDC
2024-03-29,Latin America,POCO,5059,Estimasi berbasis shipment Xiaomi 2024 dan struktur wilayah IDC
2024-03-29,Middle East & Africa,POCO,4047,Estimasi berbasis shipment Xiaomi 2024 dan struktur wilayah IDC
2024-03-29,Asia,Black Shark,4662,Estimasi berbasis shipment Xiaomi 2024 dan struktur wilayah IDC
2024-03-29,Europe,Black Shark,1929,Estimasi berbasis shipment Xiaomi 2024 dan struktur wilayah IDC
2024-03-29,Latin America,Black Shark,804,Estimasi berbasis shipment Xiaomi 2024 dan struktur wilayah IDC
2024-03-29,Middle East & Africa,Black Shark,643,Estimasi berbasis shipment Xiaomi 2024 dan struktur wilayah IDC
2024-03-29,Asia,Other,17826,Estimasi berbasis shipment Xiaomi 2024 dan struktur wilayah IDC
2024-03-29,Europe,Other,7376,Estimasi berbasis shipment Xiaomi 2024 dan struktur wilayah IDC
2024-03-29,Latin America,Other,3073,Estimasi berbasis shipment Xiaomi 2024 dan struktur wilayah IDC
2024-03-29,Middle East & Africa,Other,2459,Estimasi berbasis shipment Xiaomi 2024 dan struktur wilayah IDC
2024-03-30,Asia,Redmi,160884,Estimasi berbasis shipment Xiaomi 2024 dan struktur wilayah IDC
2024-03-30,Europe,Redmi,66573,Estimasi berbasis shipment Xiaomi 2024 dan struktur wilayah IDC
2024-03-30,Latin America,Redmi,27739,Estimasi berbasis shipment Xiaomi 2024 dan struktur wilayah IDC
2024-03-30,Middle East & Africa,Redmi,22191,Estimasi berbasis shipment Xiaomi 2024 dan struktur wilayah IDC
2024-03-30,Asia,Xiaomi Flagship,18972,Estimasi berbasis shipment Xiaomi 2024 dan struktur wilayah IDC
2024-03-30,Europe,Xiaomi Flagship,7851,Estimasi berbasis shipment Xiaomi 2024 dan struktur wilayah IDC
2024-03-30,Latin America,Xiaomi Flagship,3271,Estimasi berbasis shipment Xiaomi 2024 dan struktur wilayah IDC
2024-03-30,Middle East & Africa,Xiaomi Flagship,2617,Estimasi berbasis shipment Xiaomi 2024 dan struktur wilayah IDC
2024-03-30,Asia,POCO,27067,Estimasi berbasis shipment Xiaomi 2024 dan struktur wilayah IDC
2024-03-30,Europe,POCO,11200,Estimasi berbasis shipment Xiaomi 2024 dan struktur wilayah IDC
2024-03-30,Latin America,POCO,4667,Estimasi berbasis shipment Xiaomi 2024 dan struktur wilayah IDC
2024-03-30,Middle East & Africa,POCO,3733,Estimasi berbasis shipment Xiaomi 2024 dan struktur wilayah IDC
2024-03-30,Asia,Black Shark,4300,Estimasi berbasis shipment Xiaomi 2024 dan struktur wilayah IDC
2024-03-30,Europe,Black Shark,1779,Estimasi berbasis shipment Xiaomi 2024 dan struktur wilayah IDC
2024-03-30,Latin America,Black Shark,741,Estimasi berbasis shipment Xiaomi 2024 dan struktur wilayah IDC
2024-03-30,Middle East & Africa,Black Shark,593,Estimasi berbasis shipment Xiaomi 2024 dan struktur wilayah IDC
2024-03-30,Asia,Other,16443,Estimasi berbasis shipment Xiaomi 2024 dan struktur wilayah IDC
2024-03-30,Europe,Other,6804,Estimasi berbasis shipment Xiaomi 2024 dan struktur wilayah IDC
2024-03-30,Latin America,Other,2835,Estimasi berbasis shipment Xiaomi 2024 dan struktur wilayah IDC
2024-03-30,Middle East & Africa,Other,2268,Estimasi berbasis shipment Xiaomi 2024 dan struktur wilayah IDC
2024-03-31,Asia,Redmi,163420,Estimasi berbasis shipment Xiaomi 2024 dan struktur wilayah IDC
2024-03-31,Europe,Redmi,67622,Estimasi berbasis shipment Xiaomi 2024 dan struktur wilayah IDC
2024-03-31,Latin America,Redmi,28176,Estimasi berbasis shipment Xiaomi 2024 dan struktur wilayah IDC
2024-03-31,Middle East & Africa,Redmi,22541,Estimasi berbasis shipment Xiaomi 2024 dan struktur wilayah IDC
2024-03-31,Asia,Xiaomi Flagship,19271,Estimasi berbasis shipment Xiaomi 2024 dan struktur wilayah IDC
2024-03-31,Europe,Xiaomi Flagship,7974,Estimasi berbasis shipment Xiaomi 2024 dan struktur wilayah IDC
2024-03-31,Latin America,Xiaomi Flagship,3323,Estimasi berbasis shipment Xiaomi 2024 dan struktur wilayah IDC
2024-03-31,Middle East & Africa,Xiaomi Flagship,2658,Estimasi berbasis shipment Xiaomi 2024 dan struktur wilayah IDC
2024-03-31,Asia,POCO,27494,Estimasi berbasis shipment Xiaomi 2024 dan struktur wilayah IDC
2024-03-31,Europe,POCO,11377,Estimasi berbasis shipment Xiaomi 2024 dan struktur wilayah IDC
2024-03-31,Latin America,POCO,4740,Estimasi berbasis shipment Xiaomi 2024 dan struktur wilayah IDC
2024-03-31,Middle East & Africa,POCO,3792,Estimasi berbasis shipment Xiaomi 2024 dan struktur wilayah IDC
2024-03-31,Asia,Black Shark,4368,Estimasi berbasis shipment Xiaomi 2024 dan struktur wilayah IDC
2024-03-31,Europe,Black Shark,1808,Estimasi berbasis shipment Xiaomi 2024 dan struktur wilayah IDC
2024-03-31,Latin America,Black Shark,753,Estimasi berbasis shipment Xiaomi 2024 dan struktur wilayah IDC
2024-03-31,Middle East & Africa,Black Shark,603,Estimasi berbasis shipment Xiaomi 2024 dan struktur wilayah IDC
2024-03-31,Asia,Other,16702,Estimasi berbasis shipment Xiaomi 2024 dan struktur wilayah IDC
2024-03-31,Europe,Other,6911,Estimasi berbasis shipment Xiaomi 2024 dan struktur wilayah IDC
2024-03-31,Latin America,Other,2880,Estimasi berbasis shipment Xiaomi 2024 dan struktur wilayah IDC
2024-03-31,Middle East & Africa,Other,2304,Estimasi berbasis shipment Xiaomi 2024 dan struktur wilayah IDC
2024-04-01,Asia,Redmi,177160,Estimasi berbasis shipment Xiaomi 2024 dan struktur wilayah IDC
2024-04-01,Europe,Redmi,73307,Estimasi berbasis shipment Xiaomi 2024 dan struktur wilayah IDC
2024-04-01,Latin America,Redmi,30545,Estimasi berbasis shipment Xiaomi 2024 dan struktur wilayah IDC
2024-04-01,Middle East & Africa,Redmi,24436,Estimasi berbasis shipment Xiaomi 2024 dan struktur wilayah IDC
2024-04-01,Asia,Xiaomi Flagship,20891,Estimasi berbasis shipment Xiaomi 2024 dan struktur wilayah IDC
2024-04-01,Europe,Xiaomi Flagship,8645,Estimasi berbasis shipment Xiaomi 2024 dan struktur wilayah IDC
2024-04-01,Latin America,Xiaomi Flagship,3602,Estimasi berbasis shipment Xiaomi 2024 dan struktur wilayah IDC
2024-04-01,Middle East & Africa,Xiaomi Flagship,2882,Estimasi berbasis shipment Xiaomi 2024 dan struktur wilayah IDC
2024-04-01,Asia,POCO,29805,Estimasi berbasis shipment Xiaomi 2024 dan struktur wilayah IDC
2024-04-01,Europe,POCO,12333,Estimasi berbasis shipment Xiaomi 2024 dan struktur wilayah IDC
2024-04-01,Latin America,POCO,5139,Estimasi berbasis shipment Xiaomi 2024 dan struktur wilayah IDC
2024-04-01,Middle East & Africa,POCO,4111,Estimasi berbasis shipment Xiaomi 2024 dan struktur wilayah IDC
2024-04-01,Asia,Black Shark,4735,Estimasi berbasis shipment Xiaomi 2024 dan struktur wilayah IDC
2024-04-01,Europe,Black Shark,1959,Estimasi berbasis shipment Xiaomi 2024 dan struktur wilayah IDC
2024-04-01,Latin America,Black Shark,816,Estimasi berbasis shipment Xiaomi 2024 dan struktur wilayah IDC
2024-04-01,Middle East & Africa,Black Shark,653,Estimasi berbasis shipment Xiaomi 2024 dan struktur wilayah IDC
2024-04-01,Asia,Other,18106,Estimasi berbasis shipment Xiaomi 2024 dan struktur wilayah IDC
2024-04-01,Europe,Other,7492,Estimasi berbasis shipment Xiaomi 2024 dan struktur wilayah IDC
2024-04-01,Latin America,Other,3122,Estimasi berbasis shipment Xiaomi 2024 dan struktur wilayah IDC
2024-04-01,Middle East & Africa,Other,2497,Estimasi berbasis shipment Xiaomi 2024 dan struktur wilayah IDC
2024-04-02,Asia,Redmi,151203,Estimasi berbasis shipment Xiaomi 2024 dan struktur wilayah IDC
2024-04-02,Europe,Redmi,62567,Estimasi berbasis shipment Xiaomi 2024 dan struktur wilayah IDC
2024-04-02,Latin America,Redmi,26069,Estimasi berbasis shipment Xiaomi 2024 dan struktur wilayah IDC
2024-04-02,Middle East & Africa,Redmi,20856,Estimasi berbasis shipment Xiaomi 2024 dan struktur wilayah IDC
2024-04-02,Asia,Xiaomi Flagship,17831,Estimasi berbasis shipment Xiaomi 2024 dan struktur wilayah IDC
2024-04-02,Europe,Xiaomi Flagship,7378,Estimasi berbasis shipment Xiaomi 2024 dan struktur wilayah IDC
2024-04-02,Latin America,Xiaomi Flagship,3074,Estimasi berbasis shipment Xiaomi 2024 dan struktur wilayah IDC
2024-04-02,Middle East & Africa,Xiaomi Flagship,2459,Estimasi berbasis shipment Xiaomi 2024 dan struktur wilayah IDC
2024-04-02,Asia,POCO,25438,Estimasi berbasis shipment Xiaomi 2024 dan struktur wilayah IDC
2024-04-02,Europe,POCO,10526,Estimasi berbasis shipment Xiaomi 2024 dan struktur wilayah IDC
2024-04-02,Latin America,POCO,4386,Estimasi berbasis shipment Xiaomi 2024 dan struktur wilayah IDC
2024-04-02,Middle East & Africa,POCO,3509,Estimasi berbasis shipment Xiaomi 2024 dan struktur wilayah IDC
2024-04-02,Asia,Black Shark,4042,Estimasi berbasis shipment Xiaomi 2024 dan struktur wilayah IDC
2024-04-02,Europe,Black Shark,1672,Estimasi berbasis shipment Xiaomi 2024 dan struktur wilayah IDC
2024-04-02,Latin America,Black Shark,697,Estimasi berbasis shipment Xiaomi 2024 dan struktur wilayah IDC
2024-04-02,Middle East & Africa,Black Shark,557,Estimasi berbasis shipment Xiaomi 2024 dan struktur wilayah IDC
2024-04-02,Asia,Other,15453,Estimasi berbasis shipment Xiaomi 2024 dan struktur wilayah IDC
2024-04-02,Europe,Other,6394,Estimasi berbasis shipment Xiaomi 2024 dan struktur wilayah IDC
2024-04-02,Latin America,Other,2664,Estimasi berbasis shipment Xiaomi 2024 dan struktur wilayah IDC
2024-04-02,Middle East & Africa,Other,2131,Estimasi berbasis shipment Xiaomi 2024 dan struktur wilayah IDC
2024-04-03,Asia,Redmi,163339,Estimasi berbasis shipment Xiaomi 2024 dan struktur wilayah IDC
2024-04-03,Europe,Redmi,67588,Estimasi berbasis shipment Xiaomi 2024 dan struktur wilayah IDC
2024-04-03,Latin America,Redmi,28162,Estimasi berbasis shipment Xiaomi 2024 dan struktur wilayah IDC
2024-04-03,Middle East & Africa,Redmi,22529,Estimasi berbasis shipment Xiaomi 2024 dan struktur wilayah IDC
2024-04-03,Asia,Xiaomi Flagship,19262,Estimasi berbasis shipment Xiaomi 2024 dan struktur wilayah IDC
2024-04-03,Europe,Xiaomi Flagship,7970,Estimasi berbasis shipment Xiaomi 2024 dan struktur wilayah IDC
2024-04-03,Latin America,Xiaomi Flagship,3321,Estimasi berbasis shipment Xiaomi 2024 dan struktur wilayah IDC
2024-04-03,Middle East & Africa,Xiaomi Flagship,2657,Estimasi berbasis shipment Xiaomi 2024 dan struktur wilayah IDC
2024-04-03,Asia,POCO,27480,Estimasi berbasis shipment Xiaomi 2024 dan struktur wilayah IDC
2024-04-03,Europe,POCO,11371,Estimasi berbasis shipment Xiaomi 2024 dan struktur wilayah IDC
2024-04-03,Latin America,POCO,4738,Estimasi berbasis shipment Xiaomi 2024 dan struktur wilayah IDC
2024-04-03,Middle East & Africa,POCO,3790,Estimasi berbasis shipment Xiaomi 2024 dan struktur wilayah IDC
2024-04-03,Asia,Black Shark,4366,Estimasi berbasis shipment Xiaomi 2024 dan struktur wilayah IDC
2024-04-03,Europe,Black Shark,1807,Estimasi berbasis shipment Xiaomi 2024 dan struktur wilayah IDC
2024-04-03,Latin America,Black Shark,753,Estimasi berbasis shipment Xiaomi 2024 dan struktur wilayah IDC
2024-04-03,Middle East & Africa,Black Shark,602,Estimasi berbasis shipment Xiaomi 2024 dan struktur wilayah IDC
2024-04-03,Asia,Other,16693,Estimasi berbasis shipment Xiaomi 2024 dan struktur wilayah IDC
2024-04-03,Europe,Other,6908,Estimasi berbasis shipment Xiaomi 2024 dan struktur wilayah IDC
2024-04-03,Latin America,Other,2878,Estimasi berbasis shipment Xiaomi 2024 dan struktur wilayah IDC
2024-04-03,Middle East & Africa,Other,2303,Estimasi berbasis shipment Xiaomi 2024 dan struktur wilayah IDC
2024-04-04,Asia,Redmi,174907,Estimasi berbasis shipment Xiaomi 2024 dan struktur wilayah IDC
2024-04-04,Europe,Redmi,72375,Estimasi berbasis shipment Xiaomi 2024 dan struktur wilayah IDC
2024-04-04,Latin America,Redmi,30156,Estimasi berbasis shipment Xiaomi 2024 dan struktur wilayah IDC
2024-04-04,Middle East & Africa,Redmi,24125,Estimasi berbasis shipment Xiaomi 2024 dan struktur wilayah IDC
2024-04-04,Asia,Xiaomi Flagship,20626,Estimasi berbasis shipment Xiaomi 2024 dan struktur wilayah IDC
2024-04-04,Europe,Xiaomi Flagship,8535,Estimasi berbasis shipment Xiaomi 2024 dan struktur wilayah IDC
2024-04-04,Latin America,Xiaomi Flagship,3556,Estimasi berbasis shipment Xiaomi 2024 dan struktur wilayah IDC
2024-04-04,Middle East & Africa,Xiaomi Flagship,2845,Estimasi berbasis shipment Xiaomi 2024 dan struktur wilayah IDC
2024-04-04,Asia,POCO,29426,Estimasi berbasis shipment Xiaomi 2024 dan struktur wilayah IDC
2024-04-04,Europe,POCO,12176,Estimasi berbasis shipment Xiaomi 2024 dan struktur wilayah IDC
2024-04-04,Latin America,POCO,5073,Estimasi berbasis shipment Xiaomi 2024 dan struktur wilayah IDC
2024-04-04,Middle East & Africa,POCO,4059,Estimasi berbasis shipment Xiaomi 2024 dan struktur wilayah IDC
2024-04-04,Asia,Black Shark,4675,Estimasi berbasis shipment Xiaomi 2024 dan struktur wilayah IDC
2024-04-04,Europe,Black Shark,1935,Estimasi berbasis shipment Xiaomi 2024 dan struktur wilayah IDC
2024-04-04,Latin America,Black Shark,806,Estimasi berbasis shipment Xiaomi 2024 dan struktur wilayah IDC
2024-04-04,Middle East & Africa,Black Shark,645,Estimasi berbasis shipment Xiaomi 2024 dan struktur wilayah IDC
2024-04-04,Asia,Other,17876,Estimasi berbasis shipment Xiaomi 2024 dan struktur wilayah IDC
2024-04-04,Europe,Other,7397,Estimasi berbasis shipment Xiaomi 2024 dan struktur wilayah IDC
2024-04-04,Latin America,Other,3082,Estimasi berbasis shipment Xiaomi 2024 dan struktur wilayah IDC
2024-04-04,Middle East & Africa,Other,2466,Estimasi berbasis shipment Xiaomi 2024 dan struktur wilayah IDC
2024-04-05,Asia,Redmi,160651,Estimasi berbasis shipment Xiaomi 2024 dan struktur wilayah IDC
2024-04-05,Europe,Redmi,66476,Estimasi berbasis shipment Xiaomi 2024 dan struktur wilayah IDC
2024-04-05,Latin America,Redmi,27698,Estimasi berbasis shipment Xiaomi 2024 dan struktur wilayah IDC
2024-04-05,Middle East & Africa,Redmi,22159,Estimasi berbasis shipment Xiaomi 2024 dan struktur wilayah IDC
2024-04-05,Asia,Xiaomi Flagship,18945,Estimasi berbasis shipment Xiaomi 2024 dan struktur wilayah IDC
2024-04-05,Europe,Xiaomi Flagship,7839,Estimasi berbasis shipment Xiaomi 2024 dan struktur wilayah IDC
2024-04-05,Latin America,Xiaomi Flagship,3266,Estimasi berbasis shipment Xiaomi 2024 dan struktur wilayah IDC
2024-04-05,Middle East & Africa,Xiaomi Flagship,2613,Estimasi berbasis shipment Xiaomi 2024 dan struktur wilayah IDC
2024-04-05,Asia,POCO,27028,Estimasi berbasis shipment Xiaomi 2024 dan struktur wilayah IDC
2024-04-05,Europe,POCO,11184,Estimasi berbasis shipment Xiaomi 2024 dan struktur wilayah IDC
2024-04-05,Latin America,POCO,4660,Estimasi berbasis shipment Xiaomi 2024 dan struktur wilayah IDC
2024-04-05,Middle East & Africa,POCO,3728,Estimasi berbasis shipment Xiaomi 2024 dan struktur wilayah IDC
2024-04-05,Asia,Black Shark,4294,Estimasi berbasis shipment Xiaomi 2024 dan struktur wilayah IDC
2024-04-05,Europe,Black Shark,1777,Estimasi berbasis shipment Xiaomi 2024 dan struktur wilayah IDC
2024-04-05,Latin America,Black Shark,740,Estimasi berbasis shipment Xiaomi 2024 dan struktur wilayah IDC
2024-04-05,Middle East & Africa,Black Shark,592,Estimasi berbasis shipment Xiaomi 2024 dan struktur wilayah IDC
2024-04-05,Asia,Other,16419,Estimasi berbasis shipment Xiaomi 2024 dan struktur wilayah IDC
2024-04-05,Europe,Other,6794,Estimasi berbasis shipment Xiaomi 2024 dan struktur wilayah IDC
2024-04-05,Latin America,Other,2831,Estimasi berbasis shipment Xiaomi 2024 dan struktur wilayah IDC
2024-04-05,Middle East & Africa,Other,2265,Estimasi berbasis shipment Xiaomi 2024 dan struktur wilayah IDC
2024-04-06,Asia,Redmi,167622,Estimasi berbasis shipment Xiaomi 2024 dan struktur wilayah IDC
2024-04-06,Europe,Redmi,69361,Estimasi berbasis shipment Xiaomi 2024 dan struktur wilayah IDC
2024-04-06,Latin America,Redmi,28900,Estimasi berbasis shipment Xiaomi 2024 dan struktur wilayah IDC
2024-04-06,Middle East & Africa,Redmi,23120,Estimasi berbasis shipment Xiaomi 2024 dan struktur wilayah IDC
2024-04-06,Asia,Xiaomi Flagship,19767,Estimasi berbasis shipment Xiaomi 2024 dan struktur wilayah IDC
2024-04-06,Europe,Xiaomi Flagship,8179,Estimasi berbasis shipment Xiaomi 2024 dan struktur wilayah IDC
2024-04-06,Latin America,Xiaomi Flagship,3408,Estimasi berbasis shipment Xiaomi 2024 dan struktur wilayah IDC
2024-04-06,Middle East & Africa,Xiaomi Flagship,2726,Estimasi berbasis shipment Xiaomi 2024 dan struktur wilayah IDC
2024-04-06,Asia,POCO,28201,Estimasi berbasis shipment Xiaomi 2024 dan struktur wilayah IDC
2024-04-06,Europe,POCO,11669,Estimasi berbasis shipment Xiaomi 2024 dan struktur wilayah IDC
2024-04-06,Latin America,POCO,4862,Estimasi berbasis shipment Xiaomi 2024 dan struktur wilayah IDC
2024-04-06,Middle East & Africa,POCO,3890,Estimasi berbasis shipment Xiaomi 2024 dan struktur wilayah IDC
2024-04-06,Asia,Black Shark,4480,Estimasi berbasis shipment Xiaomi 2024 dan struktur wilayah IDC
2024-04-06,Europe,Black Shark,1854,Estimasi berbasis shipment Xiaomi 2024 dan struktur wilayah IDC
2024-04-06,Latin America,Black Shark,772,Estimasi berbasis shipment Xiaomi 2024 dan struktur wilayah IDC
2024-04-06,Middle East & Africa,Black Shark,618,Estimasi berbasis shipment Xiaomi 2024 dan struktur wilayah IDC
2024-04-06,Asia,Other,17131,Estimasi berbasis shipment Xiaomi 2024 dan struktur wilayah IDC
2024-04-06,Europe,Other,7089,Estimasi berbasis shipment Xiaomi 2024 dan struktur wilayah IDC
2024-04-06,Latin America,Other,2954,Estimasi berbasis shipment Xiaomi 2024 dan struktur wilayah IDC
2024-04-06,Middle East & Africa,Other,2363,Estimasi berbasis shipment Xiaomi 2024 dan struktur wilayah IDC
2024-04-07,Asia,Redmi,153384,Estimasi berbasis shipment Xiaomi 2024 dan struktur wilayah IDC
2024-04-07,Europe,Redmi,63469,Estimasi berbasis shipment Xiaomi 2024 dan struktur wilayah IDC
2024-04-07,Latin America,Redmi,26446,Estimasi berbasis shipment Xiaomi 2024 dan struktur wilayah IDC
2024-04-07,Middle East & Africa,Redmi,21156,Estimasi berbasis shipment Xiaomi 2024 dan struktur wilayah IDC
2024-04-07,Asia,Xiaomi Flagship,18088,Estimasi berbasis shipment Xiaomi 2024 dan struktur wilayah IDC
2024-04-07,Europe,Xiaomi Flagship,7485,Estimasi berbasis shipment Xiaomi 2024 dan struktur wilayah IDC
2024-04-07,Latin America,Xiaomi Flagship,3119,Estimasi berbasis shipment Xiaomi 2024 dan struktur wilayah IDC
2024-04-07,Middle East & Africa,Xiaomi Flagship,2495,Estimasi berbasis shipment Xiaomi 2024 dan struktur wilayah IDC
2024-04-07,Asia,POCO,25805,Estimasi berbasis shipment Xiaomi 2024 dan struktur wilayah IDC
2024-04-07,Europe,POCO,10678,Estimasi berbasis shipment Xiaomi 2024 dan struktur wilayah IDC
2024-04-07,Latin America,POCO,4449,Estimasi berbasis shipment Xiaomi 2024 dan struktur wilayah IDC
2024-04-07,Middle East & Africa,POCO,3559,Estimasi berbasis shipment Xiaomi 2024 dan struktur wilayah IDC
2024-04-07,Asia,Black Shark,4100,Estimasi berbasis shipment Xiaomi 2024 dan struktur wilayah IDC
2024-04-07,Europe,Black Shark,1697,Estimasi berbasis shipment Xiaomi 2024 dan struktur wilayah IDC
2024-04-07,Latin America,Black Shark,707,Estimasi berbasis shipment Xiaomi 2024 dan struktur wilayah IDC
2024-04-07,Middle East & Africa,Black Shark,566,Estimasi berbasis shipment Xiaomi 2024 dan struktur wilayah IDC
2024-04-07,Asia,Other,15676,Estimasi berbasis shipment Xiaomi 2024 dan struktur wilayah IDC
2024-04-07,Europe,Other,6487,Estimasi berbasis shipment Xiaomi 2024 dan struktur wilayah IDC
2024-04-07,Latin America,Other,2703,Estimasi berbasis shipment Xiaomi 2024 dan struktur wilayah IDC
2024-04-07,Middle East & Africa,Other,2162,Estimasi berbasis shipment Xiaomi 2024 dan struktur wilayah IDC
2024-04-08,Asia,Redmi,175862,Estimasi berbasis shipment Xiaomi 2024 dan struktur wilayah IDC
2024-04-08,Europe,Redmi,72771,Estimasi berbasis shipment Xiaomi 2024 dan struktur wilayah IDC
2024-04-08,Latin America,Redmi,30321,Estimasi berbasis shipment Xiaomi 2024 dan struktur wilayah IDC
2024-04-08,Middle East & Africa,Redmi,24257,Estimasi berbasis shipment Xiaomi 2024 dan struktur wilayah IDC
2024-04-08,Asia,Xiaomi Flagship,20738,Estimasi berbasis shipment Xiaomi 2024 dan struktur wilayah IDC
2024-04-08,Europe,Xiaomi Flagship,8581,Estimasi berbasis shipment Xiaomi 2024 dan struktur wilayah IDC
2024-04-08,Latin America,Xiaomi Flagship,3576,Estimasi berbasis shipment Xiaomi 2024 dan struktur wilayah IDC
2024-04-08,Middle East & Africa,Xiaomi Flagship,2860,Estimasi berbasis shipment Xiaomi 2024 dan struktur wilayah IDC
2024-04-08,Asia,POCO,29587,Estimasi berbasis shipment Xiaomi 2024 dan struktur wilayah IDC
2024-04-08,Europe,POCO,12243,Estimasi berbasis shipment Xiaomi 2024 dan struktur wilayah IDC
2024-04-08,Latin America,POCO,5101,Estimasi berbasis shipment Xiaomi 2024 dan struktur wilayah IDC
2024-04-08,Middle East & Africa,POCO,4081,Estimasi berbasis shipment Xiaomi 2024 dan struktur wilayah IDC
2024-04-08,Asia,Black Shark,4701,Estimasi berbasis shipment Xiaomi 2024 dan struktur wilayah IDC
2024-04-08,Europe,Black Shark,1945,Estimasi berbasis shipment Xiaomi 2024 dan struktur wilayah IDC
2024-04-08,Latin America,Black Shark,810,Estimasi berbasis shipment Xiaomi 2024 dan struktur wilayah IDC
2024-04-08,Middle East & Africa,Black Shark,648,Estimasi berbasis shipment Xiaomi 2024 dan struktur wilayah IDC
2024-04-08,Asia,Other,17973,Estimasi berbasis shipment Xiaomi 2024 dan struktur wilayah IDC
2024-04-08,Europe,Other,7437,Estimasi berbasis shipment Xiaomi 2024 dan struktur wilayah IDC
2024-04-08,Latin America,Other,3099,Estimasi berbasis shipment Xiaomi 2024 dan struktur wilayah IDC
2024-04-08,Middle East & Africa,Other,2479,Estimasi berbasis shipment Xiaomi 2024 dan struktur wilayah IDC
2024-04-09,Asia,Redmi,174031,Estimasi berbasis shipment Xiaomi 2024 dan struktur wilayah IDC
2024-04-09,Europe,Redmi,72013,Estimasi berbasis shipment Xiaomi 2024 dan struktur wilayah IDC
2024-04-09,Latin America,Redmi,30005,Estimasi berbasis shipment Xiaomi 2024 dan struktur wilayah IDC
2024-04-09,Middle East & Africa,Redmi,24004,Estimasi berbasis shipment Xiaomi 2024 dan struktur wilayah IDC
2024-04-09,Asia,Xiaomi Flagship,20522,Estimasi berbasis shipment Xiaomi 2024 dan struktur wilayah IDC
2024-04-09,Europe,Xiaomi Flagship,8492,Estimasi berbasis shipment Xiaomi 2024 dan struktur wilayah IDC
2024-04-09,Latin America,Xiaomi Flagship,3538,Estimasi berbasis shipment Xiaomi 2024 dan struktur wilayah IDC
2024-04-09,Middle East & Africa,Xiaomi Flagship,2831,Estimasi berbasis shipment Xiaomi 2024 dan struktur wilayah IDC
2024-04-09,Asia,POCO,29279,Estimasi berbasis shipment Xiaomi 2024 dan struktur wilayah IDC
2024-04-09,Europe,POCO,12115,Estimasi berbasis shipment Xiaomi 2024 dan struktur wilayah IDC
2024-04-09,Latin America,POCO,5048,Estimasi berbasis shipment Xiaomi 2024 dan struktur wilayah IDC
2024-04-09,Middle East & Africa,POCO,4038,Estimasi berbasis shipment Xiaomi 2024 dan struktur wilayah IDC
2024-04-09,Asia,Black Shark,4652,Estimasi berbasis shipment Xiaomi 2024 dan struktur wilayah IDC
2024-04-09,Europe,Black Shark,1925,Estimasi berbasis shipment Xiaomi 2024 dan struktur wilayah IDC
2024-04-09,Latin America,Black Shark,802,Estimasi berbasis shipment Xiaomi 2024 dan struktur wilayah IDC
2024-04-09,Middle East & Africa,Black Shark,642,Estimasi berbasis shipment Xiaomi 2024 dan struktur wilayah IDC
2024-04-09,Asia,Other,17786,Estimasi berbasis shipment Xiaomi 2024 dan struktur wilayah IDC
2024-04-09,Europe,Other,7360,Estimasi berbasis shipment Xiaomi 2024 dan struktur wilayah IDC
2024-04-09,Latin America,Other,3067,Estimasi berbasis shipment Xiaomi 2024 dan struktur wilayah IDC
2024-04-09,Middle East & Africa,Other,2453,Estimasi berbasis shipment Xiaomi 2024 dan struktur wilayah IDC
2024-04-10,Asia,Redmi,177083,Estimasi berbasis shipment Xiaomi 2024 dan struktur wilayah IDC
2024-04-10,Europe,Redmi,73276,Estimasi berbasis shipment Xiaomi 2024 dan struktur wilayah IDC
2024-04-10,Latin America,Redmi,30532,Estimasi berbasis shipment Xiaomi 2024 dan struktur wilayah IDC
2024-04-10,Middle East & Africa,Redmi,24425,Estimasi berbasis shipment Xiaomi 2024 dan struktur wilayah IDC
2024-04-10,Asia,Xiaomi Flagship,20882,Estimasi berbasis shipment Xiaomi 2024 dan struktur wilayah IDC
2024-04-10,Europe,Xiaomi Flagship,8641,Estimasi berbasis shipment Xiaomi 2024 dan struktur wilayah IDC
2024-04-10,Latin America,Xiaomi Flagship,3600,Estimasi berbasis shipment Xiaomi 2024 dan struktur wilayah IDC
2024-04-10,Middle East & Africa,Xiaomi Flagship,2880,Estimasi berbasis shipment Xiaomi 2024 dan struktur wilayah IDC
2024-04-10,Asia,POCO,29792,Estimasi berbasis shipment Xiaomi 2024 dan struktur wilayah IDC
2024-04-10,Europe,POCO,12328,Estimasi berbasis shipment Xiaomi 2024 dan struktur wilayah IDC
2024-04-10,Latin America,POCO,5137,Estimasi berbasis shipment Xiaomi 2024 dan struktur wilayah IDC
2024-04-10,Middle East & Africa,POCO,4109,Estimasi berbasis shipment Xiaomi 2024 dan struktur wilayah IDC
2024-04-10,Asia,Black Shark,4733,Estimasi berbasis shipment Xiaomi 2024 dan struktur wilayah IDC
2024-04-10,Europe,Black Shark,1959,Estimasi berbasis shipment Xiaomi 2024 dan struktur wilayah IDC
2024-04-10,Latin America,Black Shark,816,Estimasi berbasis shipment Xiaomi 2024 dan struktur wilayah IDC
2024-04-10,Middle East & Africa,Black Shark,653,Estimasi berbasis shipment Xiaomi 2024 dan struktur wilayah IDC
2024-04-10,Asia,Other,18098,Estimasi berbasis shipment Xiaomi 2024 dan struktur wilayah IDC
2024-04-10,Europe,Other,7489,Estimasi berbasis shipment Xiaomi 2024 dan struktur wilayah IDC
2024-04-10,Latin America,Other,3120,Estimasi berbasis shipment Xiaomi 2024 dan struktur wilayah IDC
2024-04-10,Middle East & Africa,Other,2496,Estimasi berbasis shipment Xiaomi 2024 dan struktur wilayah IDC
2024-04-11,Asia,Redmi,181899,Estimasi berbasis shipment Xiaomi 2024 dan struktur wilayah IDC
2024-04-11,Europe,Redmi,75268,Estimasi berbasis shipment Xiaomi 2024 dan struktur wilayah IDC
2024-04-11,Latin America,Redmi,31362,Estimasi berbasis shipment Xiaomi 2024 dan struktur wilayah IDC
2024-04-11,Middle East & Africa,Redmi,25089,Estimasi berbasis shipment Xiaomi 2024 dan struktur wilayah IDC
2024-04-11,Asia,Xiaomi Flagship,21450,Estimasi berbasis shipment Xiaomi 2024 dan struktur wilayah IDC
2024-04-11,Europe,Xiaomi Flagship,8876,Estimasi berbasis shipment Xiaomi 2024 dan struktur wilayah IDC
2024-04-11,Latin America,Xiaomi Flagship,3698,Estimasi berbasis shipment Xiaomi 2024 dan struktur wilayah IDC
2024-04-11,Middle East & Africa,Xiaomi Flagship,2959,Estimasi berbasis shipment Xiaomi 2024 dan struktur wilayah IDC
2024-04-11,Asia,POCO,30602,Estimasi berbasis shipment Xiaomi 2024 dan struktur wilayah IDC
2024-04-11,Europe,POCO,12663,Estimasi berbasis shipment Xiaomi 2024 dan struktur wilayah IDC
2024-04-11,Latin America,POCO,5276,Estimasi berbasis shipment Xiaomi 2024 dan struktur wilayah IDC
2024-04-11,Middle East & Africa,POCO,4221,Estimasi berbasis shipment Xiaomi 2024 dan struktur wilayah IDC
2024-04-11,Asia,Black Shark,4862,Estimasi berbasis shipment Xiaomi 2024 dan struktur wilayah IDC
2024-04-11,Europe,Black Shark,2012,Estimasi berbasis shipment Xiaomi 2024 dan struktur wilayah IDC
2024-04-11,Latin America,Black Shark,838,Estimasi berbasis shipment Xiaomi 2024 dan struktur wilayah IDC
2024-04-11,Middle East & Africa,Black Shark,671,Estimasi berbasis shipment Xiaomi 2024 dan struktur wilayah IDC
2024-04-11,Asia,Other,18590,Estimasi berbasis shipment Xiaomi 2024 dan struktur wilayah IDC
2024-04-11,Europe,Other,7693,Estimasi berbasis shipment Xiaomi 2024 dan struktur wilayah IDC
2024-04-11,Latin America,Other,3205,Estimasi berbasis shipment Xiaomi 2024 dan struktur wilayah IDC
2024-04-11,Middle East & Africa,Other,2564,Estimasi berbasis shipment Xiaomi 2024 dan struktur wilayah IDC
2024-04-12,Asia,Redmi,156521,Estimasi berbasis shipment Xiaomi 2024 dan struktur wilayah IDC
2024-04-12,Europe,Redmi,64767,Estimasi berbasis shipment Xiaomi 2024 dan struktur wilayah IDC
2024-04-12,Latin America,Redmi,26986,Estimasi berbasis shipment Xiaomi 2024 dan struktur wilayah IDC
2024-04-12,Middle East & Africa,Redmi,21589,Estimasi berbasis shipment Xiaomi 2024 dan struktur wilayah IDC
2024-04-12,Asia,Xiaomi Flagship,18458,Estimasi berbasis shipment Xiaomi 2024 dan struktur wilayah IDC
2024-04-12,Europe,Xiaomi Flagship,7638,Estimasi berbasis shipment Xiaomi 2024 dan struktur wilayah IDC
2024-04-12,Latin America,Xiaomi Flagship,3182,Estimasi berbasis shipment Xiaomi 2024 dan struktur wilayah IDC
2024-04-12,Middle East & Africa,Xiaomi Flagship,2546,Estimasi berbasis shipment Xiaomi 2024 dan struktur wilayah IDC
2024-04-12,Asia,POCO,26333,Estimasi berbasis shipment Xiaomi 2024 dan struktur wilayah IDC
2024-04-12,Europe,POCO,10896,Estimasi berbasis shipment Xiaomi 2024 dan struktur wilayah IDC
2024-04-12,Latin America,POCO,4540,Estimasi berbasis shipment Xiaomi 2024 dan struktur wilayah IDC
2024-04-12,Middle East & Africa,POCO,3632,Estimasi berbasis shipment Xiaomi 2024 dan struktur wilayah IDC
2024-04-12,Asia,Black Shark,4184,Estimasi berbasis shipment Xiaomi 2024 dan struktur wilayah IDC
2024-04-12,Europe,Black Shark,1731,Estimasi berbasis shipment Xiaomi 2024 dan struktur wilayah IDC
2024-04-12,Latin America,Black Shark,721,Estimasi berbasis shipment Xiaomi 2024 dan struktur wilayah IDC
2024-04-12,Middle East & Africa,Black Shark,577,Estimasi berbasis shipment Xiaomi 2024 dan struktur wilayah IDC
2024-04-12,Asia,Other,15997,Estimasi berbasis shipment Xiaomi 2024 dan struktur wilayah IDC
2024-04-12,Europe,Other,6619,Estimasi berbasis shipment Xiaomi 2024 dan struktur wilayah IDC
2024-04-12,Latin America,Other,2758,Estimasi berbasis shipment Xiaomi 2024 dan struktur wilayah IDC
2024-04-12,Middle East & Africa,Other,2206,Estimasi berbasis shipment Xiaomi 2024 dan struktur wilayah IDC
2024-04-13,Asia,Redmi,175110,Estimasi berbasis shipment Xiaomi 2024 dan struktur wilayah IDC
2024-04-13,Europe,Redmi,72459,Estimasi berbasis shipment Xiaomi 2024 dan struktur wilayah IDC
2024-04-13,Latin America,Redmi,30191,Estimasi berbasis shipment Xiaomi 2024 dan struktur wilayah IDC
2024-04-13,Middle East & Africa,Redmi,24153,Estimasi berbasis shipment Xiaomi 2024 dan struktur wilayah IDC
2024-04-13,Asia,Xiaomi Flagship,20650,Estimasi berbasis shipment Xiaomi 2024 dan struktur wilayah IDC
2024-04-13,Europe,Xiaomi Flagship,8545,Estimasi berbasis shipment Xiaomi 2024 dan struktur wilayah IDC
2024-04-13,Latin America,Xiaomi Flagship,3560,Estimasi berbasis shipment Xiaomi 2024 dan struktur wilayah IDC
2024-04-13,Middle East & Africa,Xiaomi Flagship,2848,Estimasi berbasis shipment Xiaomi 2024 dan struktur wilayah IDC
2024-04-13,Asia,POCO,29460,Estimasi berbasis shipment Xiaomi 2024 dan struktur wilayah IDC
2024-04-13,Europe,POCO,12190,Estimasi berbasis shipment Xiaomi 2024 dan struktur wilayah IDC
2024-04-13,Latin America,POCO,5079,Estimasi berbasis shipment Xiaomi 2024 dan struktur wilayah IDC
2024-04-13,Middle East & Africa,POCO,4063,Estimasi berbasis shipment Xiaomi 2024 dan struktur wilayah IDC
2024-04-13,Asia,Black Shark,4681,Estimasi berbasis shipment Xiaomi 2024 dan struktur wilayah IDC
2024-04-13,Europe,Black Shark,1937,Estimasi berbasis shipment Xiaomi 2024 dan struktur wilayah IDC
2024-04-13,Latin America,Black Shark,807,Estimasi berbasis shipment Xiaomi 2024 dan struktur wilayah IDC
2024-04-13,Middle East & Africa,Black Shark,646,Estimasi berbasis shipment Xiaomi 2024 dan struktur wilayah IDC
2024-04-13,Asia,Other,17896,Estimasi berbasis shipment Xiaomi 2024 dan struktur wilayah IDC
2024-04-13,Europe,Other,7405,Estimasi berbasis shipment Xiaomi 2024 dan struktur wilayah IDC
2024-04-13,Latin America,Other,3086,Estimasi berbasis shipment Xiaomi 2024 dan struktur wilayah IDC
2024-04-13,Middle East & Africa,Other,2468,Estimasi berbasis shipment Xiaomi 2024 dan struktur wilayah IDC
2024-04-14,Asia,Redmi,152050,Estimasi berbasis shipment Xiaomi 2024 dan struktur wilayah IDC
2024-04-14,Europe,Redmi,62917,Estimasi berbasis shipment Xiaomi 2024 dan struktur wilayah IDC
2024-04-14,Latin America,Redmi,26215,Estimasi berbasis shipment Xiaomi 2024 dan struktur wilayah IDC
2024-04-14,Middle East & Africa,Redmi,20972,Estimasi berbasis shipment Xiaomi 2024 dan struktur wilayah IDC
2024-04-14,Asia,Xiaomi Flagship,17930,Estimasi berbasis shipment Xiaomi 2024 dan struktur wilayah IDC
2024-04-14,Europe,Xiaomi Flagship,7419,Estimasi berbasis shipment Xiaomi 2024 dan struktur wilayah IDC
2024-04-14,Latin America,Xiaomi Flagship,3091,Estimasi berbasis shipment Xiaomi 2024 dan struktur wilayah IDC
2024-04-14,Middle East & Africa,Xiaomi Flagship,2473,Estimasi berbasis shipment Xiaomi 2024 dan struktur wilayah IDC
2024-04-14,Asia,POCO,25581,Estimasi berbasis shipment Xiaomi 2024 dan struktur wilayah IDC
2024-04-14,Europe,POCO,10585,Estimasi berbasis shipment Xiaomi 2024 dan struktur wilayah IDC
2024-04-14,Latin America,POCO,4410,Estimasi berbasis shipment Xiaomi 2024 dan struktur wilayah IDC
2024-04-14,Middle East & Africa,POCO,3528,Estimasi berbasis shipment Xiaomi 2024 dan struktur wilayah IDC
2024-04-14,Asia,Black Shark,4064,Estimasi berbasis shipment Xiaomi 2024 dan struktur wilayah IDC
2024-04-14,Europe,Black Shark,1682,Estimasi berbasis shipment Xiaomi 2024 dan struktur wilayah IDC
2024-04-14,Latin America,Black Shark,701,Estimasi berbasis shipment Xiaomi 2024 dan struktur wilayah IDC
2024-04-14,Middle East & Africa,Black Shark,561,Estimasi berbasis shipment Xiaomi 2024 dan struktur wilayah IDC
2024-04-14,Asia,Other,15540,Estimasi berbasis shipment Xiaomi 2024 dan struktur wilayah IDC
2024-04-14,Europe,Other,6430,Estimasi berbasis shipment Xiaomi 2024 dan struktur wilayah IDC
2024-04-14,Latin America,Other,2679,Estimasi berbasis shipment Xiaomi 2024 dan struktur wilayah IDC
2024-04-14,Middle East & Africa,Other,2143,Estimasi berbasis shipment Xiaomi 2024 dan struktur wilayah IDC
2024-04-15,Asia,Redmi,179968,Estimasi berbasis shipment Xiaomi 2024 dan struktur wilayah IDC
2024-04-15,Europe,Redmi,74470,Estimasi berbasis shipment Xiaomi 2024 dan struktur wilayah IDC
2024-04-15,Latin America,Redmi,31029,Estimasi berbasis shipment Xiaomi 2024 dan struktur wilayah IDC
2024-04-15,Middle East & Africa,Redmi,24823,Estimasi berbasis shipment Xiaomi 2024 dan struktur wilayah IDC
2024-04-15,Asia,Xiaomi Flagship,21223,Estimasi berbasis shipment Xiaomi 2024 dan struktur wilayah IDC
2024-04-15,Europe,Xiaomi Flagship,8782,Estimasi berbasis shipment Xiaomi 2024 dan struktur wilayah IDC
2024-04-15,Latin America,Xiaomi Flagship,3659,Estimasi berbasis shipment Xiaomi 2024 dan struktur wilayah IDC
2024-04-15,Middle East & Africa,Xiaomi Flagship,2927,Estimasi berbasis shipment Xiaomi 2024 dan struktur wilayah IDC
2024-04-15,Asia,POCO,30278,Estimasi berbasis shipment Xiaomi 2024 dan struktur wilayah IDC
2024-04-15,Europe,POCO,12529,Estimasi berbasis shipment Xiaomi 2024 dan struktur wilayah IDC
2024-04-15,Latin America,POCO,5220,Estimasi berbasis shipment Xiaomi 2024 dan struktur wilayah IDC
2024-04-15,Middle East & Africa,POCO,4176,Estimasi berbasis shipment Xiaomi 2024 dan struktur wilayah IDC
2024-04-15,Asia,Black Shark,4810,Estimasi berbasis shipment Xiaomi 2024 dan struktur wilayah IDC
2024-04-15,Europe,Black Shark,1991,Estimasi berbasis shipment Xiaomi 2024 dan struktur wilayah IDC
2024-04-15,Latin America,Black Shark,829,Estimasi berbasis shipment Xiaomi 2024 dan struktur wilayah IDC
2024-04-15,Middle East & Africa,Black Shark,664,Estimasi berbasis shipment Xiaomi 2024 dan struktur wilayah IDC
2024-04-15,Asia,Other,18393,Estimasi berbasis shipment Xiaomi 2024 dan struktur wilayah IDC
2024-04-15,Europe,Other,7611,Estimasi berbasis shipment Xiaomi 2024 dan struktur wilayah IDC
2024-04-15,Latin America,Other,3171,Estimasi berbasis shipment Xiaomi 2024 dan struktur wilayah IDC
2024-04-15,Middle East & Africa,Other,2537,Estimasi berbasis shipment Xiaomi 2024 dan struktur wilayah IDC
2024-04-16,Asia,Redmi,169960,Estimasi berbasis shipment Xiaomi 2024 dan struktur wilayah IDC
2024-04-16,Europe,Redmi,70328,Estimasi berbasis shipment Xiaomi 2024 dan struktur wilayah IDC
2024-04-16,Latin America,Redmi,29303,Estimasi berbasis shipment Xiaomi 2024 dan struktur wilayah IDC
2024-04-16,Middle East & Africa,Redmi,23443,Estimasi berbasis shipment Xiaomi 2024 dan struktur wilayah IDC
2024-04-16,Asia,Xiaomi Flagship,20042,Estimasi berbasis shipment Xiaomi 2024 dan struktur wilayah IDC
2024-04-16,Europe,Xiaomi Flagship,8293,Estimasi berbasis shipment Xiaomi 2024 dan struktur wilayah IDC
2024-04-16,Latin America,Xiaomi Flagship,3456,Estimasi berbasis shipment Xiaomi 2024 dan struktur wilayah IDC
2024-04-16,Middle East & Africa,Xiaomi Flagship,2764,Estimasi berbasis shipment Xiaomi 2024 dan struktur wilayah IDC
2024-04-16,Asia,POCO,28594,Estimasi berbasis shipment Xiaomi 2024 dan struktur wilayah IDC
2024-04-16,Europe,POCO,11832,Estimasi berbasis shipment Xiaomi 2024 dan struktur wilayah IDC
2024-04-16,Latin America,POCO,4930,Estimasi berbasis shipment Xiaomi 2024 dan struktur wilayah IDC
2024-04-16,Middle East & Africa,POCO,3944,Estimasi berbasis shipment Xiaomi 2024 dan struktur wilayah IDC
2024-04-16,Asia,Black Shark,4543,Estimasi berbasis shipment Xiaomi 2024 dan struktur wilayah IDC
2024-04-16,Europe,Black Shark,1880,Estimasi berbasis shipment Xiaomi 2024 dan struktur wilayah IDC
2024-04-16,Latin America,Black Shark,783,Estimasi berbasis shipment Xiaomi 2024 dan struktur wilayah IDC
2024-04-16,Middle East & Africa,Black Shark,627,Estimasi berbasis shipment Xiaomi 2024 dan struktur wilayah IDC
2024-04-16,Asia,Other,17370,Estimasi berbasis shipment Xiaomi 2024 dan struktur wilayah IDC
2024-04-16,Europe,Other,7188,Estimasi berbasis shipment Xiaomi 2024 dan struktur wilayah IDC
2024-04-16,Latin America,Other,2995,Estimasi berbasis shipment Xiaomi 2024 dan struktur wilayah IDC
2024-04-16,Middle East & Africa,Other,2396,Estimasi berbasis shipment Xiaomi 2024 dan struktur wilayah IDC
2024-04-17,Asia,Redmi,156701,Estimasi berbasis shipment Xiaomi 2024 dan struktur wilayah IDC
2024-04-17,Europe,Redmi,64842,Estimasi berbasis shipment Xiaomi 2024 dan struktur wilayah IDC
2024-04-17,Latin America,Redmi,27017,Estimasi berbasis shipment Xiaomi 2024 dan struktur wilayah IDC
2024-04-17,Middle East & Africa,Redmi,21614,Estimasi berbasis shipment Xiaomi 2024 dan struktur wilayah IDC
2024-04-17,Asia,Xiaomi Flagship,18479,Estimasi berbasis shipment Xiaomi 2024 dan struktur wilayah IDC
2024-04-17,Europe,Xiaomi Flagship,7646,Estimasi berbasis shipment Xiaomi 2024 dan struktur wilayah IDC
2024-04-17,Latin America,Xiaomi Flagship,3186,Estimasi berbasis shipment Xiaomi 2024 dan struktur wilayah IDC
2024-04-17,Middle East & Africa,Xiaomi Flagship,2549,Estimasi berbasis shipment Xiaomi 2024 dan struktur wilayah IDC
2024-04-17,Asia,POCO,26363,Estimasi berbasis shipment Xiaomi 2024 dan struktur wilayah IDC
2024-04-17,Europe,POCO,10909,Estimasi berbasis shipment Xiaomi 2024 dan struktur wilayah IDC
2024-04-17,Latin America,POCO,4545,Estimasi berbasis shipment Xiaomi 2024 dan struktur wilayah IDC
2024-04-17,Middle East & Africa,POCO,3636,Estimasi berbasis shipment Xiaomi 2024 dan struktur wilayah IDC
2024-04-17,Asia,Black Shark,4189,Estimasi berbasis shipment Xiaomi 2024 dan struktur wilayah IDC
2024-04-17,Europe,Black Shark,1733,Estimasi berbasis shipment Xiaomi 2024 dan struktur wilayah IDC
2024-04-17,Latin America,Black Shark,722,Estimasi berbasis shipment Xiaomi 2024 dan struktur wilayah IDC
2024-04-17,Middle East & Africa,Black Shark,578,Estimasi berbasis shipment Xiaomi 2024 dan struktur wilayah IDC
2024-04-17,Asia,Other,16015,Estimasi berbasis shipment Xiaomi 2024 dan struktur wilayah IDC
2024-04-17,Europe,Other,6627,Estimasi berbasis shipment Xiaomi 2024 dan struktur wilayah IDC
2024-04-17,Latin America,Other,2761,Estimasi berbasis shipment Xiaomi 2024 dan struktur wilayah IDC
2024-04-17,Middle East & Africa,Other,2209,Estimasi berbasis shipment Xiaomi 2024 dan struktur wilayah IDC
2024-04-18,Asia,Redmi,178793,Estimasi berbasis shipment Xiaomi 2024 dan struktur wilayah IDC
2024-04-18,Europe,Redmi,73984,Estimasi berbasis shipment Xiaomi 2024 dan struktur wilayah IDC
2024-04-18,Latin America,Redmi,30826,Estimasi berbasis shipment Xiaomi 2024 dan struktur wilayah IDC
2024-04-18,Middle East & Africa,Redmi,24661,Estimasi berbasis shipment Xiaomi 2024 dan struktur wilayah IDC
2024-04-18,Asia,Xiaomi Flagship,21084,Estimasi berbasis shipment Xiaomi 2024 dan struktur wilayah IDC
2024-04-18,Europe,Xiaomi Flagship,8724,Estimasi berbasis shipment Xiaomi 2024 dan struktur wilayah IDC
2024-04-18,Latin America,Xiaomi Flagship,3635,Estimasi berbasis shipment Xiaomi 2024 dan struktur wilayah IDC
2024-04-18,Middle East & Africa,Xiaomi Flagship,2908,Estimasi berbasis shipment Xiaomi 2024 dan struktur wilayah IDC
2024-04-18,Asia,POCO,30080,Estimasi berbasis shipment Xiaomi 2024 dan struktur wilayah IDC
2024-04-18,Europe,POCO,12447,Estimasi berbasis shipment Xiaomi 2024 dan struktur wilayah IDC
2024-04-18,Latin America,POCO,5186,Estimasi berbasis shipment Xiaomi 2024 dan struktur wilayah IDC
2024-04-18,Middle East & Africa,POCO,4149,Estimasi berbasis shipment Xiaomi 2024 dan struktur wilayah IDC
2024-04-18,Asia,Black Shark,4779,Estimasi berbasis shipment Xiaomi 2024 dan struktur wilayah IDC
2024-04-18,Europe,Black Shark,1978,Estimasi berbasis shipment Xiaomi 2024 dan struktur wilayah IDC
2024-04-18,Latin America,Black Shark,824,Estimasi berbasis shipment Xiaomi 2024 dan struktur wilayah IDC
2024-04-18,Middle East & Africa,Black Shark,659,Estimasi berbasis shipment Xiaomi 2024 dan struktur wilayah IDC
2024-04-18,Asia,Other,18273,Estimasi berbasis shipment Xiaomi 2024 dan struktur wilayah IDC
2024-04-18,Europe,Other,7561,Estimasi berbasis shipment Xiaomi 2024 dan struktur wilayah IDC
2024-04-18,Latin America,Other,3151,Estimasi berbasis shipment Xiaomi 2024 dan struktur wilayah IDC
2024-04-18,Middle East & Africa,Other,2520,Estimasi berbasis shipment Xiaomi 2024 dan struktur wilayah IDC
2024-04-19,Asia,Redmi,154586,Estimasi berbasis shipment Xiaomi 2024 dan struktur wilayah IDC
2024-04-19,Europe,Redmi,63966,Estimasi berbasis shipment Xiaomi 2024 dan struktur wilayah IDC
2024-04-19,Latin America,Redmi,26653,Estimasi berbasis shipment Xiaomi 2024 dan struktur wilayah IDC
2024-04-19,Middle East & Africa,Redmi,21322,Estimasi berbasis shipment Xiaomi 2024 dan struktur wilayah IDC
2024-04-19,Asia,Xiaomi Flagship,18229,Estimasi berbasis shipment Xiaomi 2024 dan struktur wilayah IDC
2024-04-19,Europe,Xiaomi Flagship,7543,Estimasi berbasis shipment Xiaomi 2024 dan struktur wilayah IDC
2024-04-19,Latin America,Xiaomi Flagship,3143,Estimasi berbasis shipment Xiaomi 2024 dan struktur wilayah IDC
2024-04-19,Middle East & Africa,Xiaomi Flagship,2514,Estimasi berbasis shipment Xiaomi 2024 dan struktur wilayah IDC
2024-04-19,Asia,POCO,26007,Estimasi berbasis shipment Xiaomi 2024 dan struktur wilayah IDC
2024-04-19,Europe,POCO,10762,Estimasi berbasis shipment Xiaomi 2024 dan struktur wilayah IDC
2024-04-19,Latin America,POCO,4484,Estimasi berbasis shipment Xiaomi 2024 dan struktur wilayah IDC
2024-04-19,Middle East & Africa,POCO,3587,Estimasi berbasis shipment Xiaomi 2024 dan struktur wilayah IDC
2024-04-19,Asia,Black Shark,4132,Estimasi berbasis shipment Xiaomi 2024 dan struktur wilayah IDC
2024-04-19,Europe,Black Shark,1710,Estimasi berbasis shipment Xiaomi 2024 dan struktur wilayah IDC
2024-04-19,Latin America,Black Shark,712,Estimasi berbasis shipment Xiaomi 2024 dan struktur wilayah IDC
2024-04-19,Middle East & Africa,Black Shark,570,Estimasi berbasis shipment Xiaomi 2024 dan struktur wilayah IDC
2024-04-19,Asia,Other,15799,Estimasi berbasis shipment Xiaomi 2024 dan struktur wilayah IDC
2024-04-19,Europe,Other,6537,Estimasi berbasis shipment Xiaomi 2024 dan struktur wilayah IDC
2024-04-19,Latin America,Other,2724,Estimasi berbasis shipment Xiaomi 2024 dan struktur wilayah IDC
2024-04-19,Middle East & Africa,Other,2179,Estimasi berbasis shipment Xiaomi 2024 dan struktur wilayah IDC
2024-04-20,Asia,Redmi,155526,Estimasi berbasis shipment Xiaomi 2024 dan struktur wilayah IDC
2024-04-20,Europe,Redmi,64356,Estimasi berbasis shipment Xiaomi 2024 dan struktur wilayah IDC
2024-04-20,Latin America,Redmi,26815,Estimasi berbasis shipment Xiaomi 2024 dan struktur wilayah IDC
2024-04-20,Middle East & Africa,Redmi,21452,Estimasi berbasis shipment Xiaomi 2024 dan struktur wilayah IDC
2024-04-20,Asia,Xiaomi Flagship,18340,Estimasi berbasis shipment Xiaomi 2024 dan struktur wilayah IDC
2024-04-20,Europe,Xiaomi Flagship,7589,Estimasi berbasis shipment Xiaomi 2024 dan struktur wilayah IDC
2024-04-20,Latin America,Xiaomi Flagship,3162,Estimasi berbasis shipment Xiaomi 2024 dan struktur wilayah IDC
2024-04-20,Middle East & Africa,Xiaomi Flagship,2530,Estimasi berbasis shipment Xiaomi 2024 dan struktur wilayah IDC
2024-04-20,Asia,POCO,26166,Estimasi berbasis shipment Xiaomi 2024 dan struktur wilayah IDC
2024-04-20,Europe,POCO,10827,Estimasi berbasis shipment Xiaomi 2024 dan struktur wilayah IDC
2024-04-20,Latin America,POCO,4511,Estimasi berbasis shipment Xiaomi 2024 dan struktur wilayah IDC
2024-04-20,Middle East & Africa,POCO,3609,Estimasi berbasis shipment Xiaomi 2024 dan struktur wilayah IDC
2024-04-20,Asia,Black Shark,4157,Estimasi berbasis shipment Xiaomi 2024 dan struktur wilayah IDC
2024-04-20,Europe,Black Shark,1720,Estimasi berbasis shipment Xiaomi 2024 dan struktur wilayah IDC
2024-04-20,Latin America,Black Shark,717,Estimasi berbasis shipment Xiaomi 2024 dan struktur wilayah IDC
2024-04-20,Middle East & Africa,Black Shark,573,Estimasi berbasis shipment Xiaomi 2024 dan struktur wilayah IDC
2024-04-20,Asia,Other,15895,Estimasi berbasis shipment Xiaomi 2024 dan struktur wilayah IDC
2024-04-20,Europe,Other,6577,Estimasi berbasis shipment Xiaomi 2024 dan struktur wilayah IDC
2024-04-20,Latin America,Other,2741,Estimasi berbasis shipment Xiaomi 2024 dan struktur wilayah IDC
2024-04-20,Middle East & Africa,Other,2192,Estimasi berbasis shipment Xiaomi 2024 dan struktur wilayah IDC
2024-04-21,Asia,Redmi,164388,Estimasi berbasis shipment Xiaomi 2024 dan struktur wilayah IDC
2024-04-21,Europe,Redmi,68022,Estimasi berbasis shipment Xiaomi 2024 dan struktur wilayah IDC
2024-04-21,Latin America,Redmi,28343,Estimasi berbasis shipment Xiaomi 2024 dan struktur wilayah IDC
2024-04-21,Middle East & Africa,Redmi,22674,Estimasi berbasis shipment Xiaomi 2024 dan struktur wilayah IDC
2024-04-21,Asia,Xiaomi Flagship,19385,Estimasi berbasis shipment Xiaomi 2024 dan struktur wilayah IDC
2024-04-21,Europe,Xiaomi Flagship,8022,Estimasi berbasis shipment Xiaomi 2024 dan struktur wilayah IDC
2024-04-21,Latin America,Xiaomi Flagship,3342,Estimasi berbasis shipment Xiaomi 2024 dan struktur wilayah IDC
2024-04-21,Middle East & Africa,Xiaomi Flagship,2674,Estimasi berbasis shipment Xiaomi 2024 dan struktur wilayah IDC
2024-04-21,Asia,POCO,27656,Estimasi berbasis shipment Xiaomi 2024 dan struktur wilayah IDC
2024-04-21,Europe,POCO,11444,Estimasi berbasis shipment Xiaomi 2024 dan struktur wilayah IDC
2024-04-21,Latin America,POCO,4768,Estimasi berbasis shipment Xiaomi 2024 dan struktur wilayah IDC
2024-04-21,Middle East & Africa,POCO,3815,Estimasi berbasis shipment Xiaomi 2024 dan struktur wilayah IDC
2024-04-21,Asia,Black Shark,4394,Estimasi berbasis shipment Xiaomi 2024 dan struktur wilayah IDC
2024-04-21,Europe,Black Shark,1818,Estimasi berbasis shipment Xiaomi 2024 dan struktur wilayah IDC
2024-04-21,Latin America,Black Shark,758,Estimasi berbasis shipment Xiaomi 2024 dan struktur wilayah IDC
2024-04-21,Middle East & Africa,Black Shark,606,Estimasi berbasis shipment Xiaomi 2024 dan struktur wilayah IDC
2024-04-21,Asia,Other,16801,Estimasi berbasis shipment Xiaomi 2024 dan struktur wilayah IDC
2024-04-21,Europe,Other,6952,Estimasi berbasis shipment Xiaomi 2024 dan struktur wilayah IDC
2024-04-21,Latin America,Other,2897,Estimasi berbasis shipment Xiaomi 2024 dan struktur wilayah IDC
2024-04-21,Middle East & Africa,Other,2317,Estimasi berbasis shipment Xiaomi 2024 dan struktur wilayah IDC
2024-04-22,Asia,Redmi,151529,Estimasi berbasis shipment Xiaomi 2024 dan struktur wilayah IDC
2024-04-22,Europe,Redmi,62701,Estimasi berbasis shipment Xiaomi 2024 dan struktur wilayah IDC
2024-04-22,Latin America,Redmi,26126,Estimasi berbasis shipment Xiaomi 2024 dan struktur wilayah IDC
2024-04-22,Middle East & Africa,Redmi,20900,Estimasi berbasis shipment Xiaomi 2024 dan struktur wilayah IDC
2024-04-22,Asia,Xiaomi Flagship,17869,Estimasi berbasis shipment Xiaomi 2024 dan struktur wilayah IDC
2024-04-22,Europe,Xiaomi Flagship,7394,Estimasi berbasis shipment Xiaomi 2024 dan struktur wilayah IDC
2024-04-22,Latin America,Xiaomi Flagship,3081,Estimasi berbasis shipment Xiaomi 2024 dan struktur wilayah IDC
2024-04-22,Middle East & Africa,Xiaomi Flagship,2465,Estimasi berbasis shipment Xiaomi 2024 dan struktur wilayah IDC
2024-04-22,Asia,POCO,25493,Estimasi berbasis shipment Xiaomi 2024 dan struktur wilayah IDC
2024-04-22,Europe,POCO,10549,Estimasi berbasis shipment Xiaomi 2024 dan struktur wilayah IDC
2024-04-22,Latin America,POCO,4395,Estimasi berbasis shipment Xiaomi 2024 dan struktur wilayah IDC
2024-04-22,Middle East & Africa,POCO,3516,Estimasi berbasis shipment Xiaomi 2024 dan struktur wilayah IDC
2024-04-22,Asia,Black Shark,4050,Estimasi berbasis shipment Xiaomi 2024 dan struktur wilayah IDC
2024-04-22,Europe,Black Shark,1676,Estimasi berbasis shipment Xiaomi 2024 dan struktur wilayah IDC
2024-04-22,Latin America,Black Shark,698,Estimasi berbasis shipment Xiaomi 2024 dan struktur wilayah IDC
2024-04-22,Middle East & Africa,Black Shark,559,Estimasi berbasis shipment Xiaomi 2024 dan struktur wilayah IDC
2024-04-22,Asia,Other,15486,Estimasi berbasis shipment Xiaomi 2024 dan struktur wilayah IDC
2024-04-22,Europe,Other,6408,Estimasi berbasis shipment Xiaomi 2024 dan struktur wilayah IDC
2024-04-22,Latin America,Other,2670,Estimasi berbasis shipment Xiaomi 2024 dan struktur wilayah IDC
2024-04-22,Middle East & Africa,Other,2136,Estimasi berbasis shipment Xiaomi 2024 dan struktur wilayah IDC
2024-04-23,Asia,Redmi,171922,Estimasi berbasis shipment Xiaomi 2024 dan struktur wilayah IDC
2024-04-23,Europe,Redmi,71140,Estimasi berbasis shipment Xiaomi 2024 dan struktur wilayah IDC
2024-04-23,Latin America,Redmi,29642,Estimasi berbasis shipment Xiaomi 2024 dan struktur wilayah IDC
2024-04-23,Middle East & Africa,Redmi,23713,Estimasi berbasis shipment Xiaomi 2024 dan struktur wilayah IDC
2024-04-23,Asia,Xiaomi Flagship,20274,Estimasi berbasis shipment Xiaomi 2024 dan struktur wilayah IDC
2024-04-23,Europe,Xiaomi Flagship,8389,Estimasi berbasis shipment Xiaomi 2024 dan struktur wilayah IDC
2024-04-23,Latin America,Xiaomi Flagship,3495,Estimasi berbasis shipment Xiaomi 2024 dan struktur wilayah IDC
2024-04-23,Middle East & Africa,Xiaomi Flagship,2796,Estimasi berbasis shipment Xiaomi 2024 dan struktur wilayah IDC
2024-04-23,Asia,POCO,28924,Estimasi berbasis shipment Xiaomi 2024 dan struktur wilayah IDC
2024-04-23,Europe,POCO,11969,Estimasi berbasis shipment Xiaomi 2024 dan struktur wilayah IDC
2024-04-23,Latin America,POCO,4987,Estimasi berbasis shipment Xiaomi 2024 dan struktur wilayah IDC
2024-04-23,Middle East & Africa,POCO,3990,Estimasi berbasis shipment Xiaomi 2024 dan struktur wilayah IDC
2024-04-23,Asia,Black Shark,4595,Estimasi berbasis shipment Xiaomi 2024 dan struktur wilayah IDC
2024-04-23,Europe,Black Shark,1902,Estimasi berbasis shipment Xiaomi 2024 dan struktur wilayah IDC
2024-04-23,Latin America,Black Shark,792,Estimasi berbasis shipment Xiaomi 2024 dan struktur wilayah IDC
2024-04-23,Middle East & Africa,Black Shark,634,Estimasi berbasis shipment Xiaomi 2024 dan struktur wilayah IDC
2024-04-23,Asia,Other,17571,Estimasi berbasis shipment Xiaomi 2024 dan struktur wilayah IDC
2024-04-23,Europe,Other,7271,Estimasi berbasis shipment Xiaomi 2024 dan struktur wilayah IDC
2024-04-23,Latin America,Other,3029,Estimasi berbasis shipment Xiaomi 2024 dan struktur wilayah IDC
2024-04-23,Middle East & Africa,Other,2424,Estimasi berbasis shipment Xiaomi 2024 dan struktur wilayah IDC
2024-04-24,Asia,Redmi,172950,Estimasi berbasis shipment Xiaomi 2024 dan struktur wilayah IDC
2024-04-24,Europe,Redmi,71565,Estimasi berbasis shipment Xiaomi 2024 dan struktur wilayah IDC
2024-04-24,Latin America,Redmi,29819,Estimasi berbasis shipment Xiaomi 2024 dan struktur wilayah IDC
2024-04-24,Middle East & Africa,Redmi,23855,Estimasi berbasis shipment Xiaomi 2024 dan struktur wilayah IDC
2024-04-24,Asia,Xiaomi Flagship,20395,Estimasi berbasis shipment Xiaomi 2024 dan struktur wilayah IDC
2024-04-24,Europe,Xiaomi Flagship,8439,Estimasi berbasis shipment Xiaomi 2024 dan struktur wilayah IDC
2024-04-24,Latin America,Xiaomi Flagship,3516,Estimasi berbasis shipment Xiaomi 2024 dan struktur wilayah IDC
2024-04-24,Middle East & Africa,Xiaomi Flagship,2813,Estimasi berbasis shipment Xiaomi 2024 dan struktur wilayah IDC
2024-04-24,Asia,POCO,29097,Estimasi berbasis shipment Xiaomi 2024 dan struktur wilayah IDC
2024-04-24,Europe,POCO,12040,Estimasi berbasis shipment Xiaomi 2024 dan struktur wilayah IDC
2024-04-24,Latin America,POCO,5017,Estimasi berbasis shipment Xiaomi 2024 dan struktur wilayah IDC
2024-04-24,Middle East & Africa,POCO,4013,Estimasi berbasis shipment Xiaomi 2024 dan struktur wilayah IDC
2024-04-24,Asia,Black Shark,4623,Estimasi berbasis shipment Xiaomi 2024 dan struktur wilayah IDC
2024-04-24,Europe,Black Shark,1913,Estimasi berbasis shipment Xiaomi 2024 dan struktur wilayah IDC
2024-04-24,Latin America,Black Shark,797,Estimasi berbasis shipment Xiaomi 2024 dan struktur wilayah IDC
2024-04-24,Middle East & Africa,Black Shark,638,Estimasi berbasis shipment Xiaomi 2024 dan struktur wilayah IDC
2024-04-24,Asia,Other,17676,Estimasi berbasis shipment Xiaomi 2024 dan struktur wilayah IDC
2024-04-24,Europe,Other,7314,Estimasi berbasis shipment Xiaomi 2024 dan struktur wilayah IDC
2024-04-24,Latin America,Other,3048,Estimasi berbasis shipment Xiaomi 2024 dan struktur wilayah IDC
2024-04-24,Middle East & Africa,Other,2438,Estimasi berbasis shipment Xiaomi 2024 dan struktur wilayah IDC
2024-04-25,Asia,Redmi,154228,Estimasi berbasis shipment Xiaomi 2024 dan struktur wilayah IDC
2024-04-25,Europe,Redmi,63818,Estimasi berbasis shipment Xiaomi 2024 dan struktur wilayah IDC
2024-04-25,Latin America,Redmi,26591,Estimasi berbasis shipment Xiaomi 2024 dan struktur wilayah IDC
2024-04-25,Middle East & Africa,Redmi,21273,Estimasi berbasis shipment Xiaomi 2024 dan struktur wilayah IDC
2024-04-25,Asia,Xiaomi Flagship,18187,Estimasi berbasis shipment Xiaomi 2024 dan struktur wilayah IDC
2024-04-25,Europe,Xiaomi Flagship,7526,Estimasi berbasis shipment Xiaomi 2024 dan struktur wilayah IDC
2024-04-25,Latin America,Xiaomi Flagship,3136,Estimasi berbasis shipment Xiaomi 2024 dan struktur wilayah IDC
2024-04-25,Middle East & Africa,Xiaomi Flagship,2509,Estimasi berbasis shipment Xiaomi 2024 dan struktur wilayah IDC
2024-04-25,Asia,POCO,25947,Estimasi berbasis shipment Xiaomi 2024 dan struktur wilayah IDC
2024-04-25,Europe,POCO,10737,Estimasi berbasis shipment Xiaomi 2024 dan struktur wilayah IDC
2024-04-25,Latin America,POCO,4474,Estimasi berbasis shipment Xiaomi 2024 dan struktur wilayah IDC
2024-04-25,Middle East & Africa,POCO,3579,Estimasi berbasis shipment Xiaomi 2024 dan struktur wilayah IDC
2024-04-25,Asia,Black Shark,4122,Estimasi berbasis shipment Xiaomi 2024 dan struktur wilayah IDC
2024-04-25,Europe,Black Shark,1706,Estimasi berbasis shipment Xiaomi 2024 dan struktur wilayah IDC
2024-04-25,Latin America,Black Shark,711,Estimasi berbasis shipment Xiaomi 2024 dan struktur wilayah IDC
2024-04-25,Middle East & Africa,Black Shark,569,Estimasi berbasis shipment Xiaomi 2024 dan struktur wilayah IDC
2024-04-25,Asia,Other,15762,Estimasi berbasis shipment Xiaomi 2024 dan struktur wilayah IDC
2024-04-25,Europe,Other,6522,Estimasi berbasis shipment Xiaomi 2024 dan struktur wilayah IDC
2024-04-25,Latin America,Other,2718,Estimasi berbasis shipment Xiaomi 2024 dan struktur wilayah IDC
2024-04-25,Middle East & Africa,Other,2174,Estimasi berbasis shipment Xiaomi 2024 dan struktur wilayah IDC
2024-04-26,Asia,Redmi,157310,Estimasi berbasis shipment Xiaomi 2024 dan struktur wilayah IDC
2024-04-26,Europe,Redmi,65094,Estimasi berbasis shipment Xiaomi 2024 dan struktur wilayah IDC
2024-04-26,Latin America,Redmi,27122,Estimasi berbasis shipment Xiaomi 2024 dan struktur wilayah IDC
2024-04-26,Middle East & Africa,Redmi,21698,Estimasi berbasis shipment Xiaomi 2024 dan struktur wilayah IDC
2024-04-26,Asia,Xiaomi Flagship,18551,Estimasi berbasis shipment Xiaomi 2024 dan struktur wilayah IDC
2024-04-26,Europe,Xiaomi Flagship,7676,Estimasi berbasis shipment Xiaomi 2024 dan struktur wilayah IDC
2024-04-26,Latin America,Xiaomi Flagship,3198,Estimasi berbasis shipment Xiaomi 2024 dan struktur wilayah IDC
2024-04-26,Middle East & Africa,Xiaomi Flagship,2559,Estimasi berbasis shipment Xiaomi 2024 dan struktur wilayah IDC
2024-04-26,Asia,POCO,26466,Estimasi berbasis shipment Xiaomi 2024 dan struktur wilayah IDC
2024-04-26,Europe,POCO,10951,Estimasi berbasis shipment Xiaomi 2024 dan struktur wilayah IDC
2024-04-26,Latin America,POCO,4563,Estimasi berbasis shipment Xiaomi 2024 dan struktur wilayah IDC
2024-04-26,Middle East & Africa,POCO,3650,Estimasi berbasis shipment Xiaomi 2024 dan struktur wilayah IDC
2024-04-26,Asia,Black Shark,4205,Estimasi berbasis shipment Xiaomi 2024 dan struktur wilayah IDC
2024-04-26,Europe,Black Shark,1740,Estimasi berbasis shipment Xiaomi 2024 dan struktur wilayah IDC
2024-04-26,Latin America,Black Shark,725,Estimasi berbasis shipment Xiaomi 2024 dan struktur wilayah IDC
2024-04-26,Middle East & Africa,Black Shark,580,Estimasi berbasis shipment Xiaomi 2024 dan struktur wilayah IDC
2024-04-26,Asia,Other,16077,Estimasi berbasis shipment Xiaomi 2024 dan struktur wilayah IDC
2024-04-26,Europe,Other,6653,Estimasi berbasis shipment Xiaomi 2024 dan struktur wilayah IDC
2024-04-26,Latin America,Other,2772,Estimasi berbasis shipment Xiaomi 2024 dan struktur wilayah IDC
2024-04-26,Middle East & Africa,Other,2218,Estimasi berbasis shipment Xiaomi 2024 dan struktur wilayah IDC
2024-04-27,Asia,Redmi,152990,Estimasi berbasis shipment Xiaomi 2024 dan struktur wilayah IDC
2024-04-27,Europe,Redmi,63306,Estimasi berbasis shipment Xiaomi 2024 dan struktur wilayah IDC
2024-04-27,Latin America,Redmi,26378,Estimasi berbasis shipment Xiaomi 2024 dan struktur wilayah IDC
2024-04-27,Middle East & Africa,Redmi,21102,Estimasi berbasis shipment Xiaomi 2024 dan struktur wilayah IDC
2024-04-27,Asia,Xiaomi Flagship,18041,Estimasi berbasis shipment Xiaomi 2024 dan struktur wilayah IDC
2024-04-27,Europe,Xiaomi Flagship,7465,Estimasi berbasis shipment Xiaomi 2024 dan struktur wilayah IDC
2024-04-27,Latin America,Xiaomi Flagship,3111,Estimasi berbasis shipment Xiaomi 2024 dan struktur wilayah IDC
2024-04-27,Middle East & Africa,Xiaomi Flagship,2488,Estimasi berbasis shipment Xiaomi 2024 dan struktur wilayah IDC
2024-04-27,Asia,POCO,25739,Estimasi berbasis shipment Xiaomi 2024 dan struktur wilayah IDC
2024-04-27,Europe,POCO,10651,Estimasi berbasis shipment Xiaomi 2024 dan struktur wilayah IDC
2024-04-27,Latin America,POCO,4438,Estimasi berbasis shipment Xiaomi 2024 dan struktur wilayah IDC
2024-04-27,Middle East & Africa,POCO,3550,Estimasi berbasis shipment Xiaomi 2024 dan struktur wilayah IDC
2024-04-27,Asia,Black Shark,4089,Estimasi berbasis shipment Xiaomi 2024 dan struktur wilayah IDC
2024-04-27,Europe,Black Shark,1692,Estimasi berbasis shipment Xiaomi 2024 dan struktur wilayah IDC
2024-04-27,Latin America,Black Shark,705,Estimasi berbasis shipment Xiaomi 2024 dan struktur wilayah IDC
2024-04-27,Middle East & Africa,Black Shark,564,Estimasi berbasis shipment Xiaomi 2024 dan struktur wilayah IDC
2024-04-27,Asia,Other,15636,Estimasi berbasis shipment Xiaomi 2024 dan struktur wilayah IDC
2024-04-27,Europe,Other,6470,Estimasi berbasis shipment Xiaomi 2024 dan struktur wilayah IDC
2024-04-27,Latin America,Other,2696,Estimasi berbasis shipment Xiaomi 2024 dan struktur wilayah IDC
2024-04-27,Middle East & Africa,Other,2157,Estimasi berbasis shipment Xiaomi 2024 dan struktur wilayah IDC
2024-04-28,Asia,Redmi,157997,Estimasi berbasis shipment Xiaomi 2024 dan struktur wilayah IDC
2024-04-28,Europe,Redmi,65378,Estimasi berbasis shipment Xiaomi 2024 dan struktur wilayah IDC
2024-04-28,Latin America,Redmi,27241,Estimasi berbasis shipment Xiaomi 2024 dan struktur wilayah IDC
2024-04-28,Middle East & Africa,Redmi,21793,Estimasi berbasis shipment Xiaomi 2024 dan struktur wilayah IDC
2024-04-28,Asia,Xiaomi Flagship,18632,Estimasi berbasis shipment Xiaomi 2024 dan struktur wilayah IDC
2024-04-28,Europe,Xiaomi Flagship,7710,Estimasi berbasis shipment Xiaomi 2024 dan struktur wilayah IDC
2024-04-28,Latin America,Xiaomi Flagship,3212,Estimasi berbasis shipment Xiaomi 2024 dan struktur wilayah IDC
2024-04-28,Middle East & Africa,Xiaomi Flagship,2570,Estimasi berbasis shipment Xiaomi 2024 dan struktur wilayah IDC
2024-04-28,Asia,POCO,26581,Estimasi berbasis shipment Xiaomi 2024 dan struktur wilayah IDC
2024-04-28,Europe,POCO,10999,Estimasi berbasis shipment Xiaomi 2024 dan struktur wilayah IDC
2024-04-28,Latin America,POCO,4583,Estimasi berbasis shipment Xiaomi 2024 dan struktur wilayah IDC
2024-04-28,Middle East & Africa,POCO,3666,Estimasi berbasis shipment Xiaomi 2024 dan struktur wilayah IDC
2024-04-28,Asia,Black Shark,4223,Estimasi berbasis shipment Xiaomi 2024 dan struktur wilayah IDC
2024-04-28,Europe,Black Shark,1748,Estimasi berbasis shipment Xiaomi 2024 dan struktur wilayah IDC
2024-04-28,Latin America,Black Shark,728,Estimasi berbasis shipment Xiaomi 2024 dan struktur wilayah IDC
2024-04-28,Middle East & Africa,Black Shark,583,Estimasi berbasis shipment Xiaomi 2024 dan struktur wilayah IDC
2024-04-28,Asia,Other,16147,Estimasi berbasis shipment Xiaomi 2024 dan struktur wilayah IDC
2024-04-28,Europe,Other,6682,Estimasi berbasis shipment Xiaomi 2024 dan struktur wilayah IDC
2024-04-28,Latin America,Other,2784,Estimasi berbasis shipment Xiaomi 2024 dan struktur wilayah IDC
2024-04-28,Middle East & Africa,Other,2227,Estimasi berbasis shipment Xiaomi 2024 dan struktur wilayah IDC
2024-04-29,Asia,Redmi,170722,Estimasi berbasis shipment Xiaomi 2024 dan struktur wilayah IDC
2024-04-29,Europe,Redmi,70643,Estimasi berbasis shipment Xiaomi 2024 dan struktur wilayah IDC
2024-04-29,Latin America,Redmi,29435,Estimasi berbasis shipment Xiaomi 2024 dan struktur wilayah IDC
2024-04-29,Middle East & Africa,Redmi,23548,Estimasi berbasis shipment Xiaomi 2024 dan struktur wilayah IDC
2024-04-29,Asia,Xiaomi Flagship,20132,Estimasi berbasis shipment Xiaomi 2024 dan struktur wilayah IDC
2024-04-29,Europe,Xiaomi Flagship,8331,Estimasi berbasis shipment Xiaomi 2024 dan struktur wilayah IDC
2024-04-29,Latin America,Xiaomi Flagship,3471,Estimasi berbasis shipment Xiaomi 2024 dan struktur wilayah IDC
2024-04-29,Middle East & Africa,Xiaomi Flagship,2777,Estimasi berbasis shipment Xiaomi 2024 dan struktur wilayah IDC
2024-04-29,Asia,POCO,28722,Estimasi berbasis shipment Xiaomi 2024 dan struktur wilayah IDC
2024-04-29,Europe,POCO,11885,Estimasi berbasis shipment Xiaomi 2024 dan struktur wilayah IDC
2024-04-29,Latin America,POCO,4952,Estimasi berbasis shipment Xiaomi 2024 dan struktur wilayah IDC
2024-04-29,Middle East & Africa,POCO,3962,Estimasi berbasis shipment Xiaomi 2024 dan struktur wilayah IDC
2024-04-29,Asia,Black Shark,4563,Estimasi berbasis shipment Xiaomi 2024 dan struktur wilayah IDC
2024-04-29,Europe,Black Shark,1888,Estimasi berbasis shipment Xiaomi 2024 dan struktur wilayah IDC
2024-04-29,Latin America,Black Shark,787,Estimasi berbasis shipment Xiaomi 2024 dan struktur wilayah IDC
2024-04-29,Middle East & Africa,Black Shark,629,Estimasi berbasis shipment Xiaomi 2024 dan struktur wilayah IDC
2024-04-29,Asia,Other,17448,Estimasi berbasis shipment Xiaomi 2024 dan struktur wilayah IDC
2024-04-29,Europe,Other,7220,Estimasi berbasis shipment Xiaomi 2024 dan struktur wilayah IDC
2024-04-29,Latin America,Other,3008,Estimasi berbasis shipment Xiaomi 2024 dan struktur wilayah IDC
2024-04-29,Middle East & Africa,Other,2407,Estimasi berbasis shipment Xiaomi 2024 dan struktur wilayah IDC
2024-04-30,Asia,Redmi,182578,Estimasi berbasis shipment Xiaomi 2024 dan struktur wilayah IDC
2024-04-30,Europe,Redmi,75549,Estimasi berbasis shipment Xiaomi 2024 dan struktur wilayah IDC
2024-04-30,Latin America,Redmi,31479,Estimasi berbasis shipment Xiaomi 2024 dan struktur wilayah IDC
2024-04-30,Middle East & Africa,Redmi,25183,Estimasi berbasis shipment Xiaomi 2024 dan struktur wilayah IDC
2024-04-30,Asia,Xiaomi Flagship,21530,Estimasi berbasis shipment Xiaomi 2024 dan struktur wilayah IDC
2024-04-30,Europe,Xiaomi Flagship,8909,Estimasi berbasis shipment Xiaomi 2024 dan struktur wilayah IDC
2024-04-30,Latin America,Xiaomi Flagship,3712,Estimasi berbasis shipment Xiaomi 2024 dan struktur wilayah IDC
2024-04-30,Middle East & Africa,Xiaomi Flagship,2970,Estimasi berbasis shipment Xiaomi 2024 dan struktur wilayah IDC
2024-04-30,Asia,POCO,30717,Estimasi berbasis shipment Xiaomi 2024 dan struktur wilayah IDC
2024-04-30,Europe,POCO,12710,Estimasi berbasis shipment Xiaomi 2024 dan struktur wilayah IDC
2024-04-30,Latin America,POCO,5296,Estimasi berbasis shipment Xiaomi 2024 dan struktur wilayah IDC
2024-04-30,Middle East & Africa,POCO,4237,Estimasi berbasis shipment Xiaomi 2024 dan struktur wilayah IDC
2024-04-30,Asia,Black Shark,4880,Estimasi berbasis shipment Xiaomi 2024 dan struktur wilayah IDC
2024-04-30,Europe,Black Shark,2019,Estimasi berbasis shipment Xiaomi 2024 dan struktur wilayah IDC
2024-04-30,Latin America,Black Shark,841,Estimasi berbasis shipment Xiaomi 2024 dan struktur wilayah IDC
2024-04-30,Middle East & Africa,Black Shark,673,Estimasi berbasis shipment Xiaomi 2024 dan struktur wilayah IDC
2024-04-30,Asia,Other,18660,Estimasi berbasis shipment Xiaomi 2024 dan struktur wilayah IDC
2024-04-30,Europe,Other,7721,Estimasi berbasis shipment Xiaomi 2024 dan struktur wilayah IDC
2024-04-30,Latin America,Other,3217,Estimasi berbasis shipment Xiaomi 2024 dan struktur wilayah IDC
2024-04-30,Middle East & Africa,Other,2574,Estimasi berbasis shipment Xiaomi 2024 dan struktur wilayah IDC
2024-05-01,Asia,Redmi,156903,Estimasi berbasis shipment Xiaomi 2024 dan struktur wilayah IDC
2024-05-01,Europe,Redmi,64925,Estimasi berbasis shipment Xiaomi 2024 dan struktur wilayah IDC
2024-05-01,Latin America,Redmi,27052,Estimasi berbasis shipment Xiaomi 2024 dan struktur wilayah IDC
2024-05-01,Middle East & Africa,Redmi,21642,Estimasi berbasis shipment Xiaomi 2024 dan struktur wilayah IDC
2024-05-01,Asia,Xiaomi Flagship,18503,Estimasi berbasis shipment Xiaomi 2024 dan struktur wilayah IDC
2024-05-01,Europe,Xiaomi Flagship,7656,Estimasi berbasis shipment Xiaomi 2024 dan struktur wilayah IDC
2024-05-01,Latin America,Xiaomi Flagship,3190,Estimasi berbasis shipment Xiaomi 2024 dan struktur wilayah IDC
2024-05-01,Middle East & Africa,Xiaomi Flagship,2552,Estimasi berbasis shipment Xiaomi 2024 dan struktur wilayah IDC
2024-05-01,Asia,POCO,26397,Estimasi berbasis shipment Xiaomi 2024 dan struktur wilayah IDC
2024-05-01,Europe,POCO,10923,Estimasi berbasis shipment Xiaomi 2024 dan struktur wilayah IDC
2024-05-01,Latin America,POCO,4551,Estimasi berbasis shipment Xiaomi 2024 dan struktur wilayah IDC
2024-05-01,Middle East & Africa,POCO,3641,Estimasi berbasis shipment Xiaomi 2024 dan struktur wilayah IDC
2024-05-01,Asia,Black Shark,4194,Estimasi berbasis shipment Xiaomi 2024 dan struktur wilayah IDC
2024-05-01,Europe,Black Shark,1735,Estimasi berbasis shipment Xiaomi 2024 dan struktur wilayah IDC
2024-05-01,Latin America,Black Shark,723,Estimasi berbasis shipment Xiaomi 2024 dan struktur wilayah IDC
2024-05-01,Middle East & Africa,Black Shark,578,Estimasi berbasis shipment Xiaomi 2024 dan struktur wilayah IDC
2024-05-01,Asia,Other,16036,Estimasi berbasis shipment Xiaomi 2024 dan struktur wilayah IDC
2024-05-01,Europe,Other,6635,Estimasi berbasis shipment Xiaomi 2024 dan struktur wilayah IDC
2024-05-01,Latin America,Other,2765,Estimasi berbasis shipment Xiaomi 2024 dan struktur wilayah IDC
2024-05-01,Middle East & Africa,Other,2212,Estimasi berbasis shipment Xiaomi 2024 dan struktur wilayah IDC
2024-05-02,Asia,Redmi,158140,Estimasi berbasis shipment Xiaomi 2024 dan struktur wilayah IDC
2024-05-02,Europe,Redmi,65437,Estimasi berbasis shipment Xiaomi 2024 dan struktur wilayah IDC
2024-05-02,Latin America,Redmi,27266,Estimasi berbasis shipment Xiaomi 2024 dan struktur wilayah IDC
2024-05-02,Middle East & Africa,Redmi,21812,Estimasi berbasis shipment Xiaomi 2024 dan struktur wilayah IDC
2024-05-02,Asia,Xiaomi Flagship,18649,Estimasi berbasis shipment Xiaomi 2024 dan struktur wilayah IDC
2024-05-02,Europe,Xiaomi Flagship,7717,Estimasi berbasis shipment Xiaomi 2024 dan struktur wilayah IDC
2024-05-02,Latin America,Xiaomi Flagship,3215,Estimasi berbasis shipment Xiaomi 2024 dan struktur wilayah IDC
2024-05-02,Middle East & Africa,Xiaomi Flagship,2572,Estimasi berbasis shipment Xiaomi 2024 dan struktur wilayah IDC
2024-05-02,Asia,POCO,26605,Estimasi berbasis shipment Xiaomi 2024 dan struktur wilayah IDC
2024-05-02,Europe,POCO,11009,Estimasi berbasis shipment Xiaomi 2024 dan struktur wilayah IDC
2024-05-02,Latin America,POCO,4587,Estimasi berbasis shipment Xiaomi 2024 dan struktur wilayah IDC
2024-05-02,Middle East & Africa,POCO,3670,Estimasi berbasis shipment Xiaomi 2024 dan struktur wilayah IDC
2024-05-02,Asia,Black Shark,4227,Estimasi berbasis shipment Xiaomi 2024 dan struktur wilayah IDC
2024-05-02,Europe,Black Shark,1749,Estimasi berbasis shipment Xiaomi 2024 dan struktur wilayah IDC
2024-05-02,Latin America,Black Shark,729,Estimasi berbasis shipment Xiaomi 2024 dan struktur wilayah IDC
2024-05-02,Middle East & Africa,Black Shark,583,Estimasi berbasis shipment Xiaomi 2024 dan struktur wilayah IDC
2024-05-02,Asia,Other,16162,Estimasi berbasis shipment Xiaomi 2024 dan struktur wilayah IDC
2024-05-02,Europe,Other,6688,Estimasi berbasis shipment Xiaomi 2024 dan struktur wilayah IDC
2024-05-02,Latin America,Other,2787,Estimasi berbasis shipment Xiaomi 2024 dan struktur wilayah IDC
2024-05-02,Middle East & Africa,Other,2229,Estimasi berbasis shipment Xiaomi 2024 dan struktur wilayah IDC
2024-05-03,Asia,Redmi,187308,Estimasi berbasis shipment Xiaomi 2024 dan struktur wilayah IDC
2024-05-03,Europe,Redmi,77507,Estimasi berbasis shipment Xiaomi 2024 dan struktur wilayah IDC
2024-05-03,Latin America,Redmi,32294,Estimasi berbasis shipment Xiaomi 2024 dan struktur wilayah IDC
2024-05-03,Middle East & Africa,Redmi,25836,Estimasi berbasis shipment Xiaomi 2024 dan struktur wilayah IDC
2024-05-03,Asia,Xiaomi Flagship,22088,Estimasi berbasis shipment Xiaomi 2024 dan struktur wilayah IDC
2024-05-03,Europe,Xiaomi Flagship,9140,Estimasi berbasis shipment Xiaomi 2024 dan struktur wilayah IDC
2024-05-03,Latin America,Xiaomi Flagship,3808,Estimasi berbasis shipment Xiaomi 2024 dan struktur wilayah IDC
2024-05-03,Middle East & Africa,Xiaomi Flagship,3047,Estimasi berbasis shipment Xiaomi 2024 dan struktur wilayah IDC
2024-05-03,Asia,POCO,31512,Estimasi berbasis shipment Xiaomi 2024 dan struktur wilayah IDC
2024-05-03,Europe,POCO,13040,Estimasi berbasis shipment Xiaomi 2024 dan struktur wilayah IDC
2024-05-03,Latin America,POCO,5433,Estimasi berbasis shipment Xiaomi 2024 dan struktur wilayah IDC
2024-05-03,Middle East & Africa,POCO,4347,Estimasi berbasis shipment Xiaomi 2024 dan struktur wilayah IDC
2024-05-03,Asia,Black Shark,5007,Estimasi berbasis shipment Xiaomi 2024 dan struktur wilayah IDC
2024-05-03,Europe,Black Shark,2072,Estimasi berbasis shipment Xiaomi 2024 dan struktur wilayah IDC
2024-05-03,Latin America,Black Shark,863,Estimasi berbasis shipment Xiaomi 2024 dan struktur wilayah IDC
2024-05-03,Middle East & Africa,Black Shark,691,Estimasi berbasis shipment Xiaomi 2024 dan struktur wilayah IDC
2024-05-03,Asia,Other,19143,Estimasi berbasis shipment Xiaomi 2024 dan struktur wilayah IDC
2024-05-03,Europe,Other,7921,Estimasi berbasis shipment Xiaomi 2024 dan struktur wilayah IDC
2024-05-03,Latin America,Other,3301,Estimasi berbasis shipment Xiaomi 2024 dan struktur wilayah IDC
2024-05-03,Middle East & Africa,Other,2640,Estimasi berbasis shipment Xiaomi 2024 dan struktur wilayah IDC
2024-05-04,Asia,Redmi,187096,Estimasi berbasis shipment Xiaomi 2024 dan struktur wilayah IDC
2024-05-04,Europe,Redmi,77419,Estimasi berbasis shipment Xiaomi 2024 dan struktur wilayah IDC
2024-05-04,Latin America,Redmi,32258,Estimasi berbasis shipment Xiaomi 2024 dan struktur wilayah IDC
2024-05-04,Middle East & Africa,Redmi,25806,Estimasi berbasis shipment Xiaomi 2024 dan struktur wilayah IDC
2024-05-04,Asia,Xiaomi Flagship,22063,Estimasi berbasis shipment Xiaomi 2024 dan struktur wilayah IDC
2024-05-04,Europe,Xiaomi Flagship,9130,Estimasi berbasis shipment Xiaomi 2024 dan struktur wilayah IDC
2024-05-04,Latin America,Xiaomi Flagship,3804,Estimasi berbasis shipment Xiaomi 2024 dan struktur wilayah IDC
2024-05-04,Middle East & Africa,Xiaomi Flagship,3043,Estimasi berbasis shipment Xiaomi 2024 dan struktur wilayah IDC
2024-05-04,Asia,POCO,31477,Estimasi berbasis shipment Xiaomi 2024 dan struktur wilayah IDC
2024-05-04,Europe,POCO,13025,Estimasi berbasis shipment Xiaomi 2024 dan struktur wilayah IDC
2024-05-04,Latin America,POCO,5427,Estimasi berbasis shipment Xiaomi 2024 dan struktur wilayah IDC
2024-05-04,Middle East & Africa,POCO,4342,Estimasi berbasis shipment Xiaomi 2024 dan struktur wilayah IDC
2024-05-04,Asia,Black Shark,5001,Estimasi berbasis shipment Xiaomi 2024 dan struktur wilayah IDC
2024-05-04,Europe,Black Shark,2069,Estimasi berbasis shipment Xiaomi 2024 dan struktur wilayah IDC
2024-05-04,Latin America,Black Shark,862,Estimasi berbasis shipment Xiaomi 2024 dan struktur wilayah IDC
2024-05-04,Middle East & Africa,Black Shark,690,Estimasi berbasis shipment Xiaomi 2024 dan struktur wilayah IDC
2024-05-04,Asia,Other,19121,Estimasi berbasis shipment Xiaomi 2024 dan struktur wilayah IDC
2024-05-04,Europe,Other,7912,Estimasi berbasis shipment Xiaomi 2024 dan struktur wilayah IDC
2024-05-04,Latin America,Other,3297,Estimasi berbasis shipment Xiaomi 2024 dan struktur wilayah IDC
2024-05-04,Middle East & Africa,Other,2637,Estimasi berbasis shipment Xiaomi 2024 dan struktur wilayah IDC
2024-05-05,Asia,Redmi,158848,Estimasi berbasis shipment Xiaomi 2024 dan struktur wilayah IDC
2024-05-05,Europe,Redmi,65730,Estimasi berbasis shipment Xiaomi 2024 dan struktur wilayah IDC
2024-05-05,Latin America,Redmi,27388,Estimasi berbasis shipment Xiaomi 2024 dan struktur wilayah IDC
2024-05-05,Middle East & Africa,Redmi,21910,Estimasi berbasis shipment Xiaomi 2024 dan struktur wilayah IDC
2024-05-05,Asia,Xiaomi Flagship,18732,Estimasi berbasis shipment Xiaomi 2024 dan struktur wilayah IDC
2024-05-05,Europe,Xiaomi Flagship,7751,Estimasi berbasis shipment Xiaomi 2024 dan struktur wilayah IDC
2024-05-05,Latin America,Xiaomi Flagship,3230,Estimasi berbasis shipment Xiaomi 2024 dan struktur wilayah IDC
2024-05-05,Middle East & Africa,Xiaomi Flagship,2584,Estimasi berbasis shipment Xiaomi 2024 dan struktur wilayah IDC
2024-05-05,Asia,POCO,26724,Estimasi berbasis shipment Xiaomi 2024 dan struktur wilayah IDC
2024-05-05,Europe,POCO,11058,Estimasi berbasis shipment Xiaomi 2024 dan struktur wilayah IDC
2024-05-05,Latin America,POCO,4608,Estimasi berbasis shipment Xiaomi 2024 dan struktur wilayah IDC
2024-05-05,Middle East & Africa,POCO,3686,Estimasi berbasis shipment Xiaomi 2024 dan struktur wilayah IDC
2024-05-05,Asia,Black Shark,4246,Estimasi berbasis shipment Xiaomi 2024 dan struktur wilayah IDC
2024-05-05,Europe,Black Shark,1757,Estimasi berbasis shipment Xiaomi 2024 dan struktur wilayah IDC
2024-05-05,Latin America,Black Shark,732,Estimasi berbasis shipment Xiaomi 2024 dan struktur wilayah IDC
2024-05-05,Middle East & Africa,Black Shark,586,Estimasi berbasis shipment Xiaomi 2024 dan struktur wilayah IDC
2024-05-05,Asia,Other,16234,Estimasi berbasis shipment Xiaomi 2024 dan struktur wilayah IDC
2024-05-05,Europe,Other,6718,Estimasi berbasis shipment Xiaomi 2024 dan struktur wilayah IDC
2024-05-05,Latin America,Other,2799,Estimasi berbasis shipment Xiaomi 2024 dan struktur wilayah IDC
2024-05-05,Middle East & Africa,Other,2239,Estimasi berbasis shipment Xiaomi 2024 dan struktur wilayah IDC
2024-05-06,Asia,Redmi,157204,Estimasi berbasis shipment Xiaomi 2024 dan struktur wilayah IDC
2024-05-06,Europe,Redmi,65050,Estimasi berbasis shipment Xiaomi 2024 dan struktur wilayah IDC
2024-05-06,Latin America,Redmi,27104,Estimasi berbasis shipment Xiaomi 2024 dan struktur wilayah IDC
2024-05-06,Middle East & Africa,Redmi,21683,Estimasi berbasis shipment Xiaomi 2024 dan struktur wilayah IDC
2024-05-06,Asia,Xiaomi Flagship,18538,Estimasi berbasis shipment Xiaomi 2024 dan struktur wilayah IDC
2024-05-06,Europe,Xiaomi Flagship,7671,Estimasi berbasis shipment Xiaomi 2024 dan struktur wilayah IDC
2024-05-06,Latin America,Xiaomi Flagship,3196,Estimasi berbasis shipment Xiaomi 2024 dan struktur wilayah IDC
2024-05-06,Middle East & Africa,Xiaomi Flagship,2557,Estimasi berbasis shipment Xiaomi 2024 dan struktur wilayah IDC
2024-05-06,Asia,POCO,26448,Estimasi berbasis shipment Xiaomi 2024 dan struktur wilayah IDC
2024-05-06,Europe,POCO,10944,Estimasi berbasis shipment Xiaomi 2024 dan struktur wilayah IDC
2024-05-06,Latin America,POCO,4560,Estimasi berbasis shipment Xiaomi 2024 dan struktur wilayah IDC
2024-05-06,Middle East & Africa,POCO,3648,Estimasi berbasis shipment Xiaomi 2024 dan struktur wilayah IDC
2024-05-06,Asia,Black Shark,4202,Estimasi berbasis shipment Xiaomi 2024 dan struktur wilayah IDC
2024-05-06,Europe,Black Shark,1739,Estimasi berbasis shipment Xiaomi 2024 dan struktur wilayah IDC
2024-05-06,Latin America,Black Shark,724,Estimasi berbasis shipment Xiaomi 2024 dan struktur wilayah IDC
2024-05-06,Middle East & Africa,Black Shark,580,Estimasi berbasis shipment Xiaomi 2024 dan struktur wilayah IDC
2024-05-06,Asia,Other,16066,Estimasi berbasis shipment Xiaomi 2024 dan struktur wilayah IDC
2024-05-06,Europe,Other,6648,Estimasi berbasis shipment Xiaomi 2024 dan struktur wilayah IDC
2024-05-06,Latin America,Other,2770,Estimasi berbasis shipment Xiaomi 2024 dan struktur wilayah IDC
2024-05-06,Middle East & Africa,Other,2216,Estimasi berbasis shipment Xiaomi 2024 dan struktur wilayah IDC
2024-05-07,Asia,Redmi,181424,Estimasi berbasis shipment Xiaomi 2024 dan struktur wilayah IDC
2024-05-07,Europe,Redmi,75072,Estimasi berbasis shipment Xiaomi 2024 dan struktur wilayah IDC
2024-05-07,Latin America,Redmi,31280,Estimasi berbasis shipment Xiaomi 2024 dan struktur wilayah IDC
2024-05-07,Middle East & Africa,Redmi,25024,Estimasi berbasis shipment Xiaomi 2024 dan struktur wilayah IDC
2024-05-07,Asia,Xiaomi Flagship,21394,Estimasi berbasis shipment Xiaomi 2024 dan struktur wilayah IDC
2024-05-07,Europe,Xiaomi Flagship,8853,Estimasi berbasis shipment Xiaomi 2024 dan struktur wilayah IDC
2024-05-07,Latin America,Xiaomi Flagship,3689,Estimasi berbasis shipment Xiaomi 2024 dan struktur wilayah IDC
2024-05-07,Middle East & Africa,Xiaomi Flagship,2951,Estimasi berbasis shipment Xiaomi 2024 dan struktur wilayah IDC
2024-05-07,Asia,POCO,30523,Estimasi berbasis shipment Xiaomi 2024 dan struktur wilayah IDC
2024-05-07,Europe,POCO,12630,Estimasi berbasis shipment Xiaomi 2024 dan struktur wilayah IDC
2024-05-07,Latin America,POCO,5263,Estimasi berbasis shipment Xiaomi 2024 dan struktur wilayah IDC
2024-05-07,Middle East & Africa,POCO,4210,Estimasi berbasis shipment Xiaomi 2024 dan struktur wilayah IDC
2024-05-07,Asia,Black Shark,4849,Estimasi berbasis shipment Xiaomi 2024 dan struktur wilayah IDC
2024-05-07,Europe,Black Shark,2007,Estimasi berbasis shipment Xiaomi 2024 dan struktur wilayah IDC
2024-05-07,Latin America,Black Shark,836,Estimasi berbasis shipment Xiaomi 2024 dan struktur wilayah IDC
2024-05-07,Middle East & Africa,Black Shark,669,Estimasi berbasis shipment Xiaomi 2024 dan struktur wilayah IDC
2024-05-07,Asia,Other,18542,Estimasi berbasis shipment Xiaomi 2024 dan struktur wilayah IDC
2024-05-07,Europe,Other,7672,Estimasi berbasis shipment Xiaomi 2024 dan struktur wilayah IDC
2024-05-07,Latin America,Other,3197,Estimasi berbasis shipment Xiaomi 2024 dan struktur wilayah IDC
2024-05-07,Middle East & Africa,Other,2557,Estimasi berbasis shipment Xiaomi 2024 dan struktur wilayah IDC
2024-05-08,Asia,Redmi,191006,Estimasi berbasis shipment Xiaomi 2024 dan struktur wilayah IDC
2024-05-08,Europe,Redmi,79037,Estimasi berbasis shipment Xiaomi 2024 dan struktur wilayah IDC
2024-05-08,Latin America,Redmi,32932,Estimasi berbasis shipment Xiaomi 2024 dan struktur wilayah IDC
2024-05-08,Middle East & Africa,Redmi,26346,Estimasi berbasis shipment Xiaomi 2024 dan struktur wilayah IDC
2024-05-08,Asia,Xiaomi Flagship,22524,Estimasi berbasis shipment Xiaomi 2024 dan struktur wilayah IDC
2024-05-08,Europe,Xiaomi Flagship,9320,Estimasi berbasis shipment Xiaomi 2024 dan struktur wilayah IDC
2024-05-08,Latin America,Xiaomi Flagship,3883,Estimasi berbasis shipment Xiaomi 2024 dan struktur wilayah IDC
2024-05-08,Middle East & Africa,Xiaomi Flagship,3107,Estimasi berbasis shipment Xiaomi 2024 dan struktur wilayah IDC
2024-05-08,Asia,POCO,32135,Estimasi berbasis shipment Xiaomi 2024 dan struktur wilayah IDC
2024-05-08,Europe,POCO,13297,Estimasi berbasis shipment Xiaomi 2024 dan struktur wilayah IDC
2024-05-08,Latin America,POCO,5540,Estimasi berbasis shipment Xiaomi 2024 dan struktur wilayah IDC
2024-05-08,Middle East & Africa,POCO,4432,Estimasi berbasis shipment Xiaomi 2024 dan struktur wilayah IDC
2024-05-08,Asia,Black Shark,5105,Estimasi berbasis shipment Xiaomi 2024 dan struktur wilayah IDC
2024-05-08,Europe,Black Shark,2113,Estimasi berbasis shipment Xiaomi 2024 dan struktur wilayah IDC
2024-05-08,Latin America,Black Shark,880,Estimasi berbasis shipment Xiaomi 2024 dan struktur wilayah IDC
2024-05-08,Middle East & Africa,Black Shark,704,Estimasi berbasis shipment Xiaomi 2024 dan struktur wilayah IDC
2024-05-08,Asia,Other,19521,Estimasi berbasis shipment Xiaomi 2024 dan struktur wilayah IDC
2024-05-08,Europe,Other,8078,Estimasi berbasis shipment Xiaomi 2024 dan struktur wilayah IDC
2024-05-08,Latin America,Other,3366,Estimasi berbasis shipment Xiaomi 2024 dan struktur wilayah IDC
2024-05-08,Middle East & Africa,Other,2693,Estimasi berbasis shipment Xiaomi 2024 dan struktur wilayah IDC
2024-05-09,Asia,Redmi,175177,Estimasi berbasis shipment Xiaomi 2024 dan struktur wilayah IDC
2024-05-09,Europe,Redmi,72487,Estimasi berbasis shipment Xiaomi 2024 dan struktur wilayah IDC
2024-05-09,Latin America,Redmi,30203,Estimasi berbasis shipment Xiaomi 2024 dan struktur wilayah IDC
2024-05-09,Middle East & Africa,Redmi,24162,Estimasi berbasis shipment Xiaomi 2024 dan struktur wilayah IDC
2024-05-09,Asia,Xiaomi Flagship,20658,Estimasi berbasis shipment Xiaomi 2024 dan struktur wilayah IDC
2024-05-09,Europe,Xiaomi Flagship,8548,Estimasi berbasis shipment Xiaomi 2024 dan struktur wilayah IDC
2024-05-09,Latin America,Xiaomi Flagship,3562,Estimasi berbasis shipment Xiaomi 2024 dan struktur wilayah IDC
2024-05-09,Middle East & Africa,Xiaomi Flagship,2849,Estimasi berbasis shipment Xiaomi 2024 dan struktur wilayah IDC
2024-05-09,Asia,POCO,29472,Estimasi berbasis shipment Xiaomi 2024 dan struktur wilayah IDC
2024-05-09,Europe,POCO,12195,Estimasi berbasis shipment Xiaomi 2024 dan struktur wilayah IDC
2024-05-09,Latin America,POCO,5081,Estimasi berbasis shipment Xiaomi 2024 dan struktur wilayah IDC
2024-05-09,Middle East & Africa,POCO,4065,Estimasi berbasis shipment Xiaomi 2024 dan struktur wilayah IDC
2024-05-09,Asia,Black Shark,4682,Estimasi berbasis shipment Xiaomi 2024 dan struktur wilayah IDC
2024-05-09,Europe,Black Shark,1938,Estimasi berbasis shipment Xiaomi 2024 dan struktur wilayah IDC
2024-05-09,Latin America,Black Shark,807,Estimasi berbasis shipment Xiaomi 2024 dan struktur wilayah IDC
2024-05-09,Middle East & Africa,Black Shark,646,Estimasi berbasis shipment Xiaomi 2024 dan struktur wilayah IDC
2024-05-09,Asia,Other,17903,Estimasi berbasis shipment Xiaomi 2024 dan struktur wilayah IDC
2024-05-09,Europe,Other,7408,Estimasi berbasis shipment Xiaomi 2024 dan struktur wilayah IDC
2024-05-09,Latin America,Other,3087,Estimasi berbasis shipment Xiaomi 2024 dan struktur wilayah IDC
2024-05-09,Middle East & Africa,Other,2469,Estimasi berbasis shipment Xiaomi 2024 dan struktur wilayah IDC
2024-05-10,Asia,Redmi,175540,Estimasi berbasis shipment Xiaomi 2024 dan struktur wilayah IDC
2024-05-10,Europe,Redmi,72637,Estimasi berbasis shipment Xiaomi 2024 dan struktur wilayah IDC
2024-05-10,Latin America,Redmi,30266,Estimasi berbasis shipment Xiaomi 2024 dan struktur wilayah IDC
2024-05-10,Middle East & Africa,Redmi,24212,Estimasi berbasis shipment Xiaomi 2024 dan struktur wilayah IDC
2024-05-10,Asia,Xiaomi Flagship,20701,Estimasi berbasis shipment Xiaomi 2024 dan struktur wilayah IDC
2024-05-10,Europe,Xiaomi Flagship,8566,Estimasi berbasis shipment Xiaomi 2024 dan struktur wilayah IDC
2024-05-10,Latin America,Xiaomi Flagship,3569,Estimasi berbasis shipment Xiaomi 2024 dan struktur wilayah IDC
2024-05-10,Middle East & Africa,Xiaomi Flagship,2855,Estimasi berbasis shipment Xiaomi 2024 dan struktur wilayah IDC
2024-05-10,Asia,POCO,29533,Estimasi berbasis shipment Xiaomi 2024 dan struktur wilayah IDC
2024-05-10,Europe,POCO,12220,Estimasi berbasis shipment Xiaomi 2024 dan struktur wilayah IDC
2024-05-10,Latin America,POCO,5092,Estimasi berbasis shipment Xiaomi 2024 dan struktur wilayah IDC
2024-05-10,Middle East & Africa,POCO,4073,Estimasi berbasis shipment Xiaomi 2024 dan struktur wilayah IDC
2024-05-10,Asia,Black Shark,4692,Estimasi berbasis shipment Xiaomi 2024 dan struktur wilayah IDC
2024-05-10,Europe,Black Shark,1942,Estimasi berbasis shipment Xiaomi 2024 dan struktur wilayah IDC
2024-05-10,Latin America,Black Shark,809,Estimasi berbasis shipment Xiaomi 2024 dan struktur wilayah IDC
2024-05-10,Middle East & Africa,Black Shark,647,Estimasi berbasis shipment Xiaomi 2024 dan struktur wilayah IDC
2024-05-10,Asia,Other,17940,Estimasi berbasis shipment Xiaomi 2024 dan struktur wilayah IDC
2024-05-10,Europe,Other,7424,Estimasi berbasis shipment Xiaomi 2024 dan struktur wilayah IDC
2024-05-10,Latin America,Other,3093,Estimasi berbasis shipment Xiaomi 2024 dan struktur wilayah IDC
2024-05-10,Middle East & Africa,Other,2475,Estimasi berbasis shipment Xiaomi 2024 dan struktur wilayah IDC
2024-05-11,Asia,Redmi,159361,Estimasi berbasis shipment Xiaomi 2024 dan struktur wilayah IDC
2024-05-11,Europe,Redmi,65943,Estimasi berbasis shipment Xiaomi 2024 dan struktur wilayah IDC
2024-05-11,Latin America,Redmi,27476,Estimasi berbasis shipment Xiaomi 2024 dan struktur wilayah IDC
2024-05-11,Middle East & Africa,Redmi,21981,Estimasi berbasis shipment Xiaomi 2024 dan struktur wilayah IDC
2024-05-11,Asia,Xiaomi Flagship,18793,Estimasi berbasis shipment Xiaomi 2024 dan struktur wilayah IDC
2024-05-11,Europe,Xiaomi Flagship,7776,Estimasi berbasis shipment Xiaomi 2024 dan struktur wilayah IDC
2024-05-11,Latin America,Xiaomi Flagship,3240,Estimasi berbasis shipment Xiaomi 2024 dan struktur wilayah IDC
2024-05-11,Middle East & Africa,Xiaomi Flagship,2592,Estimasi berbasis shipment Xiaomi 2024 dan struktur wilayah IDC
2024-05-11,Asia,POCO,26811,Estimasi berbasis shipment Xiaomi 2024 dan struktur wilayah IDC
2024-05-11,Europe,POCO,11094,Estimasi berbasis shipment Xiaomi 2024 dan struktur wilayah IDC
2024-05-11,Latin America,POCO,4623,Estimasi berbasis shipment Xiaomi 2024 dan struktur wilayah IDC
2024-05-11,Middle East & Africa,POCO,3698,Estimasi berbasis shipment Xiaomi 2024 dan struktur wilayah IDC
2024-05-11,Asia,Black Shark,4260,Estimasi berbasis shipment Xiaomi 2024 dan struktur wilayah IDC
2024-05-11,Europe,Black Shark,1763,Estimasi berbasis shipment Xiaomi 2024 dan struktur wilayah IDC
2024-05-11,Latin America,Black Shark,734,Estimasi berbasis shipment Xiaomi 2024 dan struktur wilayah IDC
2024-05-11,Middle East & Africa,Black Shark,588,Estimasi berbasis shipment Xiaomi 2024 dan struktur wilayah IDC
2024-05-11,Asia,Other,16287,Estimasi berbasis shipment Xiaomi 2024 dan struktur wilayah IDC
2024-05-11,Europe,Other,6739,Estimasi berbasis shipment Xiaomi 2024 dan struktur wilayah IDC
2024-05-11,Latin America,Other,2808,Estimasi berbasis shipment Xiaomi 2024 dan struktur wilayah IDC
2024-05-11,Middle East & Africa,Other,2246,Estimasi berbasis shipment Xiaomi 2024 dan struktur wilayah IDC
2024-05-12,Asia,Redmi,174482,Estimasi berbasis shipment Xiaomi 2024 dan struktur wilayah IDC
2024-05-12,Europe,Redmi,72199,Estimasi berbasis shipment Xiaomi 2024 dan struktur wilayah IDC
2024-05-12,Latin America,Redmi,30083,Estimasi berbasis shipment Xiaomi 2024 dan struktur wilayah IDC
2024-05-12,Middle East & Africa,Redmi,24066,Estimasi berbasis shipment Xiaomi 2024 dan struktur wilayah IDC
2024-05-12,Asia,Xiaomi Flagship,20576,Estimasi berbasis shipment Xiaomi 2024 dan struktur wilayah IDC
2024-05-12,Europe,Xiaomi Flagship,8514,Estimasi berbasis shipment Xiaomi 2024 dan struktur wilayah IDC
2024-05-12,Latin America,Xiaomi Flagship,3548,Estimasi berbasis shipment Xiaomi 2024 dan struktur wilayah IDC
2024-05-12,Middle East & Africa,Xiaomi Flagship,2838,Estimasi berbasis shipment Xiaomi 2024 dan struktur wilayah IDC
2024-05-12,Asia,POCO,29355,Estimasi berbasis shipment Xiaomi 2024 dan struktur wilayah IDC
2024-05-12,Europe,POCO,12147,Estimasi berbasis shipment Xiaomi 2024 dan struktur wilayah IDC
2024-05-12,Latin America,POCO,5061,Estimasi berbasis shipment Xiaomi 2024 dan struktur wilayah IDC
2024-05-12,Middle East & Africa,POCO,4049,Estimasi berbasis shipment Xiaomi 2024 dan struktur wilayah IDC
2024-05-12,Asia,Black Shark,4664,Estimasi berbasis shipment Xiaomi 2024 dan struktur wilayah IDC
2024-05-12,Europe,Black Shark,1930,Estimasi berbasis shipment Xiaomi 2024 dan struktur wilayah IDC
2024-05-12,Latin America,Black Shark,804,Estimasi berbasis shipment Xiaomi 2024 dan struktur wilayah IDC
2024-05-12,Middle East & Africa,Black Shark,643,Estimasi berbasis shipment Xiaomi 2024 dan struktur wilayah IDC
2024-05-12,Asia,Other,17832,Estimasi berbasis shipment Xiaomi 2024 dan struktur wilayah IDC
2024-05-12,Europe,Other,7379,Estimasi berbasis shipment Xiaomi 2024 dan struktur wilayah IDC
2024-05-12,Latin America,Other,3075,Estimasi berbasis shipment Xiaomi 2024 dan struktur wilayah IDC
2024-05-12,Middle East & Africa,Other,2460,Estimasi berbasis shipment Xiaomi 2024 dan struktur wilayah IDC
2024-05-13,Asia,Redmi,177393,Estimasi berbasis shipment Xiaomi 2024 dan struktur wilayah IDC
2024-05-13,Europe,Redmi,73404,Estimasi berbasis shipment Xiaomi 2024 dan struktur wilayah IDC
2024-05-13,Latin America,Redmi,30585,Estimasi berbasis shipment Xiaomi 2024 dan struktur wilayah IDC
2024-05-13,Middle East & Africa,Redmi,24468,Estimasi berbasis shipment Xiaomi 2024 dan struktur wilayah IDC
2024-05-13,Asia,Xiaomi Flagship,20919,Estimasi berbasis shipment Xiaomi 2024 dan struktur wilayah IDC
2024-05-13,Europe,Xiaomi Flagship,8656,Estimasi berbasis shipment Xiaomi 2024 dan struktur wilayah IDC
2024-05-13,Latin America,Xiaomi Flagship,3607,Estimasi berbasis shipment Xiaomi 2024 dan struktur wilayah IDC
2024-05-13,Middle East & Africa,Xiaomi Flagship,2885,Estimasi berbasis shipment Xiaomi 2024 dan struktur wilayah IDC
2024-05-13,Asia,POCO,29844,Estimasi berbasis shipment Xiaomi 2024 dan struktur wilayah IDC
2024-05-13,Europe,POCO,12349,Estimasi berbasis shipment Xiaomi 2024 dan struktur wilayah IDC
2024-05-13,Latin America,POCO,5146,Estimasi berbasis shipment Xiaomi 2024 dan struktur wilayah IDC
2024-05-13,Middle East & Africa,POCO,4116,Estimasi berbasis shipment Xiaomi 2024 dan struktur wilayah IDC
2024-05-13,Asia,Black Shark,4742,Estimasi berbasis shipment Xiaomi 2024 dan struktur wilayah IDC
2024-05-13,Europe,Black Shark,1962,Estimasi berbasis shipment Xiaomi 2024 dan struktur wilayah IDC
2024-05-13,Latin America,Black Shark,818,Estimasi berbasis shipment Xiaomi 2024 dan struktur wilayah IDC
2024-05-13,Middle East & Africa,Black Shark,654,Estimasi berbasis shipment Xiaomi 2024 dan struktur wilayah IDC
2024-05-13,Asia,Other,18130,Estimasi berbasis shipment Xiaomi 2024 dan struktur wilayah IDC
2024-05-13,Europe,Other,7502,Estimasi berbasis shipment Xiaomi 2024 dan struktur wilayah IDC
2024-05-13,Latin America,Other,3126,Estimasi berbasis shipment Xiaomi 2024 dan struktur wilayah IDC
2024-05-13,Middle East & Africa,Other,2501,Estimasi berbasis shipment Xiaomi 2024 dan struktur wilayah IDC
2024-05-14,Asia,Redmi,163964,Estimasi berbasis shipment Xiaomi 2024 dan struktur wilayah IDC
2024-05-14,Europe,Redmi,67847,Estimasi berbasis shipment Xiaomi 2024 dan struktur wilayah IDC
2024-05-14,Latin America,Redmi,28270,Estimasi berbasis shipment Xiaomi 2024 dan struktur wilayah IDC
2024-05-14,Middle East & Africa,Redmi,22616,Estimasi berbasis shipment Xiaomi 2024 dan struktur wilayah IDC
2024-05-14,Asia,Xiaomi Flagship,19335,Estimasi berbasis shipment Xiaomi 2024 dan struktur wilayah IDC
2024-05-14,Europe,Xiaomi Flagship,8001,Estimasi berbasis shipment Xiaomi 2024 dan struktur wilayah IDC
2024-05-14,Latin America,Xiaomi Flagship,3334,Estimasi berbasis shipment Xiaomi 2024 dan struktur wilayah IDC
2024-05-14,Middle East & Africa,Xiaomi Flagship,2667,Estimasi berbasis shipment Xiaomi 2024 dan struktur wilayah IDC
2024-05-14,Asia,POCO,27585,Estimasi berbasis shipment Xiaomi 2024 dan struktur wilayah IDC
2024-05-14,Europe,POCO,11415,Estimasi berbasis shipment Xiaomi 2024 dan struktur wilayah IDC
2024-05-14,Latin America,POCO,4756,Estimasi berbasis shipment Xiaomi 2024 dan struktur wilayah IDC
2024-05-14,Middle East & Africa,POCO,3805,Estimasi berbasis shipment Xiaomi 2024 dan struktur wilayah IDC
2024-05-14,Asia,Black Shark,4383,Estimasi berbasis shipment Xiaomi 2024 dan struktur wilayah IDC
2024-05-14,Europe,Black Shark,1814,Estimasi berbasis shipment Xiaomi 2024 dan struktur wilayah IDC
2024-05-14,Latin America,Black Shark,756,Estimasi berbasis shipment Xiaomi 2024 dan struktur wilayah IDC
2024-05-14,Middle East & Africa,Black Shark,605,Estimasi berbasis shipment Xiaomi 2024 dan struktur wilayah IDC
2024-05-14,Asia,Other,16757,Estimasi berbasis shipment Xiaomi 2024 dan struktur wilayah IDC
2024-05-14,Europe,Other,6934,Estimasi berbasis shipment Xiaomi 2024 dan struktur wilayah IDC
2024-05-14,Latin America,Other,2889,Estimasi berbasis shipment Xiaomi 2024 dan struktur wilayah IDC
2024-05-14,Middle East & Africa,Other,2311,Estimasi berbasis shipment Xiaomi 2024 dan struktur wilayah IDC
2024-05-15,Asia,Redmi,187132,Estimasi berbasis shipment Xiaomi 2024 dan struktur wilayah IDC
2024-05-15,Europe,Redmi,77434,Estimasi berbasis shipment Xiaomi 2024 dan struktur wilayah IDC
2024-05-15,Latin America,Redmi,32264,Estimasi berbasis shipment Xiaomi 2024 dan struktur wilayah IDC
2024-05-15,Middle East & Africa,Redmi,25811,Estimasi berbasis shipment Xiaomi 2024 dan struktur wilayah IDC
2024-05-15,Asia,Xiaomi Flagship,22067,Estimasi berbasis shipment Xiaomi 2024 dan struktur wilayah IDC
2024-05-15,Europe,Xiaomi Flagship,9131,Estimasi berbasis shipment Xiaomi 2024 dan struktur wilayah IDC
2024-05-15,Latin America,Xiaomi Flagship,3805,Estimasi berbasis shipment Xiaomi 2024 dan struktur wilayah IDC
2024-05-15,Middle East & Africa,Xiaomi Flagship,3044,Estimasi berbasis shipment Xiaomi 2024 dan struktur wilayah IDC
2024-05-15,Asia,POCO,31483,Estimasi berbasis shipment Xiaomi 2024 dan struktur wilayah IDC
2024-05-15,Europe,POCO,13027,Estimasi berbasis shipment Xiaomi 2024 dan struktur wilayah IDC
2024-05-15,Latin America,POCO,5428,Estimasi berbasis shipment Xiaomi 2024 dan struktur wilayah IDC
2024-05-15,Middle East & Africa,POCO,4342,Estimasi berbasis shipment Xiaomi 2024 dan struktur wilayah IDC
2024-05-15,Asia,Black Shark,5002,Estimasi berbasis shipment Xiaomi 2024 dan struktur wilayah IDC
2024-05-15,Europe,Black Shark,2070,Estimasi berbasis shipment Xiaomi 2024 dan struktur wilayah IDC
2024-05-15,Latin America,Black Shark,862,Estimasi berbasis shipment Xiaomi 2024 dan struktur wilayah IDC
2024-05-15,Middle East & Africa,Black Shark,690,Estimasi berbasis shipment Xiaomi 2024 dan struktur wilayah IDC
2024-05-15,Asia,Other,19125,Estimasi berbasis shipment Xiaomi 2024 dan struktur wilayah IDC
2024-05-15,Europe,Other,7914,Estimasi berbasis shipment Xiaomi 2024 dan struktur wilayah IDC
2024-05-15,Latin America,Other,3297,Estimasi berbasis shipment Xiaomi 2024 dan struktur wilayah IDC
2024-05-15,Middle East & Africa,Other,2638,Estimasi berbasis shipment Xiaomi 2024 dan struktur wilayah IDC
2024-05-16,Asia,Redmi,161655,Estimasi berbasis shipment Xiaomi 2024 dan struktur wilayah IDC
2024-05-16,Europe,Redmi,66892,Estimasi berbasis shipment Xiaomi 2024 dan struktur wilayah IDC
2024-05-16,Latin America,Redmi,27872,Estimasi berbasis shipment Xiaomi 2024 dan struktur wilayah IDC
2024-05-16,Middle East & Africa,Redmi,22297,Estimasi berbasis shipment Xiaomi 2024 dan struktur wilayah IDC
2024-05-16,Asia,Xiaomi Flagship,19063,Estimasi berbasis shipment Xiaomi 2024 dan struktur wilayah IDC
2024-05-16,Europe,Xiaomi Flagship,7888,Estimasi berbasis shipment Xiaomi 2024 dan struktur wilayah IDC
2024-05-16,Latin America,Xiaomi Flagship,3287,Estimasi berbasis shipment Xiaomi 2024 dan struktur wilayah IDC
2024-05-16,Middle East & Africa,Xiaomi Flagship,2629,Estimasi berbasis shipment Xiaomi 2024 dan struktur wilayah IDC
2024-05-16,Asia,POCO,27197,Estimasi berbasis shipment Xiaomi 2024 dan struktur wilayah IDC
2024-05-16,Europe,POCO,11254,Estimasi berbasis shipment Xiaomi 2024 dan struktur wilayah IDC
2024-05-16,Latin America,POCO,4689,Estimasi berbasis shipment Xiaomi 2024 dan struktur wilayah IDC
2024-05-16,Middle East & Africa,POCO,3751,Estimasi berbasis shipment Xiaomi 2024 dan struktur wilayah IDC
2024-05-16,Asia,Black Shark,4321,Estimasi berbasis shipment Xiaomi 2024 dan struktur wilayah IDC
2024-05-16,Europe,Black Shark,1788,Estimasi berbasis shipment Xiaomi 2024 dan struktur wilayah IDC
2024-05-16,Latin America,Black Shark,745,Estimasi berbasis shipment Xiaomi 2024 dan struktur wilayah IDC
2024-05-16,Middle East & Africa,Black Shark,596,Estimasi berbasis shipment Xiaomi 2024 dan struktur wilayah IDC
2024-05-16,Asia,Other,16521,Estimasi berbasis shipment Xiaomi 2024 dan struktur wilayah IDC
2024-05-16,Europe,Other,6836,Estimasi berbasis shipment Xiaomi 2024 dan struktur wilayah IDC
2024-05-16,Latin America,Other,2849,Estimasi berbasis shipment Xiaomi 2024 dan struktur wilayah IDC
2024-05-16,Middle East & Africa,Other,2279,Estimasi berbasis shipment Xiaomi 2024 dan struktur wilayah IDC
2024-05-17,Asia,Redmi,182096,Estimasi berbasis shipment Xiaomi 2024 dan struktur wilayah IDC
2024-05-17,Europe,Redmi,75350,Estimasi berbasis shipment Xiaomi 2024 dan struktur wilayah IDC
2024-05-17,Latin America,Redmi,31396,Estimasi berbasis shipment Xiaomi 2024 dan struktur wilayah IDC
2024-05-17,Middle East & Africa,Redmi,25117,Estimasi berbasis shipment Xiaomi 2024 dan struktur wilayah IDC
2024-05-17,Asia,Xiaomi Flagship,21474,Estimasi berbasis shipment Xiaomi 2024 dan struktur wilayah IDC
2024-05-17,Europe,Xiaomi Flagship,8886,Estimasi berbasis shipment Xiaomi 2024 dan struktur wilayah IDC
2024-05-17,Latin America,Xiaomi Flagship,3702,Estimasi berbasis shipment Xiaomi 2024 dan struktur wilayah IDC
2024-05-17,Middle East & Africa,Xiaomi Flagship,2962,Estimasi berbasis shipment Xiaomi 2024 dan struktur wilayah IDC
2024-05-17,Asia,POCO,30636,Estimasi berbasis shipment Xiaomi 2024 dan struktur wilayah IDC
2024-05-17,Europe,POCO,12677,Estimasi berbasis shipment Xiaomi 2024 dan struktur wilayah IDC
2024-05-17,Latin America,POCO,5282,Estimasi berbasis shipment Xiaomi 2024 dan struktur wilayah IDC
2024-05-17,Middle East & Africa,POCO,4226,Estimasi berbasis shipment Xiaomi 2024 dan struktur wilayah IDC
2024-05-17,Asia,Black Shark,4867,Estimasi berbasis shipment Xiaomi 2024 dan struktur wilayah IDC
2024-05-17,Europe,Black Shark,2014,Estimasi berbasis shipment Xiaomi 2024 dan struktur wilayah IDC
2024-05-17,Latin America,Black Shark,839,Estimasi berbasis shipment Xiaomi 2024 dan struktur wilayah IDC
2024-05-17,Middle East & Africa,Black Shark,671,Estimasi berbasis shipment Xiaomi 2024 dan struktur wilayah IDC
2024-05-17,Asia,Other,18610,Estimasi berbasis shipment Xiaomi 2024 dan struktur wilayah IDC
2024-05-17,Europe,Other,7701,Estimasi berbasis shipment Xiaomi 2024 dan struktur wilayah IDC
2024-05-17,Latin America,Other,3209,Estimasi berbasis shipment Xiaomi 2024 dan struktur wilayah IDC
2024-05-17,Middle East & Africa,Other,2567,Estimasi berbasis shipment Xiaomi 2024 dan struktur wilayah IDC
2024-05-18,Asia,Redmi,165559,Estimasi berbasis shipment Xiaomi 2024 dan struktur wilayah IDC
2024-05-18,Europe,Redmi,68507,Estimasi berbasis shipment Xiaomi 2024 dan struktur wilayah IDC
2024-05-18,Latin America,Redmi,28545,Estimasi berbasis shipment Xiaomi 2024 dan struktur wilayah IDC
2024-05-18,Middle East & Africa,Redmi,22836,Estimasi berbasis shipment Xiaomi 2024 dan struktur wilayah IDC
2024-05-18,Asia,Xiaomi Flagship,19523,Estimasi berbasis shipment Xiaomi 2024 dan struktur wilayah IDC
2024-05-18,Europe,Xiaomi Flagship,8079,Estimasi berbasis shipment Xiaomi 2024 dan struktur wilayah IDC
2024-05-18,Latin America,Xiaomi Flagship,3366,Estimasi berbasis shipment Xiaomi 2024 dan struktur wilayah IDC
2024-05-18,Middle East & Africa,Xiaomi Flagship,2693,Estimasi berbasis shipment Xiaomi 2024 dan struktur wilayah IDC
2024-05-18,Asia,POCO,27853,Estimasi berbasis shipment Xiaomi 2024 dan struktur wilayah IDC
2024-05-18,Europe,POCO,11526,Estimasi berbasis shipment Xiaomi 2024 dan struktur wilayah IDC
2024-05-18,Latin America,POCO,4802,Estimasi berbasis shipment Xiaomi 2024 dan struktur wilayah IDC
2024-05-18,Middle East & Africa,POCO,3842,Estimasi berbasis shipment Xiaomi 2024 dan struktur wilayah IDC
2024-05-18,Asia,Black Shark,4425,Estimasi berbasis shipment Xiaomi 2024 dan struktur wilayah IDC
2024-05-18,Europe,Black Shark,1831,Estimasi berbasis shipment Xiaomi 2024 dan struktur wilayah IDC
2024-05-18,Latin America,Black Shark,763,Estimasi berbasis shipment Xiaomi 2024 dan struktur wilayah IDC
2024-05-18,Middle East & Africa,Black Shark,610,Estimasi berbasis shipment Xiaomi 2024 dan struktur wilayah IDC
2024-05-18,Asia,Other,16920,Estimasi berbasis shipment Xiaomi 2024 dan struktur wilayah IDC
2024-05-18,Europe,Other,7002,Estimasi berbasis shipment Xiaomi 2024 dan struktur wilayah IDC
2024-05-18,Latin America,Other,2917,Estimasi berbasis shipment Xiaomi 2024 dan struktur wilayah IDC
2024-05-18,Middle East & Africa,Other,2334,Estimasi berbasis shipment Xiaomi 2024 dan struktur wilayah IDC
2024-05-19,Asia,Redmi,163086,Estimasi berbasis shipment Xiaomi 2024 dan struktur wilayah IDC
2024-05-19,Europe,Redmi,67484,Estimasi berbasis shipment Xiaomi 2024 dan struktur wilayah IDC
2024-05-19,Latin America,Redmi,28118,Estimasi berbasis shipment Xiaomi 2024 dan struktur wilayah IDC
2024-05-19,Middle East & Africa,Redmi,22495,Estimasi berbasis shipment Xiaomi 2024 dan struktur wilayah IDC
2024-05-19,Asia,Xiaomi Flagship,19232,Estimasi berbasis shipment Xiaomi 2024 dan struktur wilayah IDC
2024-05-19,Europe,Xiaomi Flagship,7958,Estimasi berbasis shipment Xiaomi 2024 dan struktur wilayah IDC
2024-05-19,Latin America,Xiaomi Flagship,3316,Estimasi berbasis shipment Xiaomi 2024 dan struktur wilayah IDC
2024-05-19,Middle East & Africa,Xiaomi Flagship,2653,Estimasi berbasis shipment Xiaomi 2024 dan struktur wilayah IDC
2024-05-19,Asia,POCO,27437,Estimasi berbasis shipment Xiaomi 2024 dan struktur wilayah IDC
2024-05-19,Europe,POCO,11353,Estimasi berbasis shipment Xiaomi 2024 dan struktur wilayah IDC
2024-05-19,Latin America,POCO,4731,Estimasi berbasis shipment Xiaomi 2024 dan struktur wilayah IDC
2024-05-19,Middle East & Africa,POCO,3784,Estimasi berbasis shipment Xiaomi 2024 dan struktur wilayah IDC
2024-05-19,Asia,Black Shark,4359,Estimasi berbasis shipment Xiaomi 2024 dan struktur wilayah IDC
2024-05-19,Europe,Black Shark,1804,Estimasi berbasis shipment Xiaomi 2024 dan struktur wilayah IDC
2024-05-19,Latin America,Black Shark,752,Estimasi berbasis shipment Xiaomi 2024 dan struktur wilayah IDC
2024-05-19,Middle East & Africa,Black Shark,601,Estimasi berbasis shipment Xiaomi 2024 dan struktur wilayah IDC
2024-05-19,Asia,Other,16668,Estimasi berbasis shipment Xiaomi 2024 dan struktur wilayah IDC
2024-05-19,Europe,Other,6897,Estimasi berbasis shipment Xiaomi 2024 dan struktur wilayah IDC
2024-05-19,Latin America,Other,2874,Estimasi berbasis shipment Xiaomi 2024 dan struktur wilayah IDC
2024-05-19,Middle East & Africa,Other,2299,Estimasi berbasis shipment Xiaomi 2024 dan struktur wilayah IDC
2024-05-20,Asia,Redmi,173096,Estimasi berbasis shipment Xiaomi 2024 dan struktur wilayah IDC
2024-05-20,Europe,Redmi,71626,Estimasi berbasis shipment Xiaomi 2024 dan struktur wilayah IDC
2024-05-20,Latin America,Redmi,29844,Estimasi berbasis shipment Xiaomi 2024 dan struktur wilayah IDC
2024-05-20,Middle East & Africa,Redmi,23875,Estimasi berbasis shipment Xiaomi 2024 dan struktur wilayah IDC
2024-05-20,Asia,Xiaomi Flagship,20412,Estimasi berbasis shipment Xiaomi 2024 dan struktur wilayah IDC
2024-05-20,Europe,Xiaomi Flagship,8446,Estimasi berbasis shipment Xiaomi 2024 dan struktur wilayah IDC
2024-05-20,Latin America,Xiaomi Flagship,3519,Estimasi berbasis shipment Xiaomi 2024 dan struktur wilayah IDC
2024-05-20,Middle East & Africa,Xiaomi Flagship,2815,Estimasi berbasis shipment Xiaomi 2024 dan struktur wilayah IDC
2024-05-20,Asia,POCO,29122,Estimasi berbasis shipment Xiaomi 2024 dan struktur wilayah IDC
2024-05-20,Europe,POCO,12050,Estimasi berbasis shipment Xiaomi 2024 dan struktur wilayah IDC
2024-05-20,Latin America,POCO,5021,Estimasi berbasis shipment Xiaomi 2024 dan struktur wilayah IDC
2024-05-20,Middle East & Africa,POCO,4017,Estimasi berbasis shipment Xiaomi 2024 dan struktur wilayah IDC
2024-05-20,Asia,Black Shark,4627,Estimasi berbasis shipment Xiaomi 2024 dan struktur wilayah IDC
2024-05-20,Europe,Black Shark,1915,Estimasi berbasis shipment Xiaomi 2024 dan struktur wilayah IDC
2024-05-20,Latin America,Black Shark,798,Estimasi berbasis shipment Xiaomi 2024 dan struktur wilayah IDC
2024-05-20,Middle East & Africa,Black Shark,638,Estimasi berbasis shipment Xiaomi 2024 dan struktur wilayah IDC
2024-05-20,Asia,Other,17691,Estimasi berbasis shipment Xiaomi 2024 dan struktur wilayah IDC
2024-05-20,Europe,Other,7320,Estimasi berbasis shipment Xiaomi 2024 dan struktur wilayah IDC
2024-05-20,Latin America,Other,3050,Estimasi berbasis shipment Xiaomi 2024 dan struktur wilayah IDC
2024-05-20,Middle East & Africa,Other,2440,Estimasi berbasis shipment Xiaomi 2024 dan struktur wilayah IDC
2024-05-21,Asia,Redmi,165620,Estimasi berbasis shipment Xiaomi 2024 dan struktur wilayah IDC
2024-05-21,Europe,Redmi,68533,Estimasi berbasis shipment Xiaomi 2024 dan struktur wilayah IDC
2024-05-21,Latin America,Redmi,28555,Estimasi berbasis shipment Xiaomi 2024 dan struktur wilayah IDC
2024-05-21,Middle East & Africa,Redmi,22844,Estimasi berbasis shipment Xiaomi 2024 dan struktur wilayah IDC
2024-05-21,Asia,Xiaomi Flagship,19531,Estimasi berbasis shipment Xiaomi 2024 dan struktur wilayah IDC
2024-05-21,Europe,Xiaomi Flagship,8082,Estimasi berbasis shipment Xiaomi 2024 dan struktur wilayah IDC
2024-05-21,Latin America,Xiaomi Flagship,3367,Estimasi berbasis shipment Xiaomi 2024 dan struktur wilayah IDC
2024-05-21,Middle East & Africa,Xiaomi Flagship,2694,Estimasi berbasis shipment Xiaomi 2024 dan struktur wilayah IDC
2024-05-21,Asia,POCO,27864,Estimasi berbasis shipment Xiaomi 2024 dan struktur wilayah IDC
2024-05-21,Europe,POCO,11530,Estimasi berbasis shipment Xiaomi 2024 dan struktur wilayah IDC
2024-05-21,Latin America,POCO,4804,Estimasi berbasis shipment Xiaomi 2024 dan struktur wilayah IDC
2024-05-21,Middle East & Africa,POCO,3843,Estimasi berbasis shipment Xiaomi 2024 dan struktur wilayah IDC
2024-05-21,Asia,Black Shark,4427,Estimasi berbasis shipment Xiaomi 2024 dan struktur wilayah IDC
2024-05-21,Europe,Black Shark,1832,Estimasi berbasis shipment Xiaomi 2024 dan struktur wilayah IDC
2024-05-21,Latin America,Black Shark,763,Estimasi berbasis shipment Xiaomi 2024 dan struktur wilayah IDC
2024-05-21,Middle East & Africa,Black Shark,611,Estimasi berbasis shipment Xiaomi 2024 dan struktur wilayah IDC
2024-05-21,Asia,Other,16927,Estimasi berbasis shipment Xiaomi 2024 dan struktur wilayah IDC
2024-05-21,Europe,Other,7004,Estimasi berbasis shipment Xiaomi 2024 dan struktur wilayah IDC
2024-05-21,Latin America,Other,2918,Estimasi berbasis shipment Xiaomi 2024 dan struktur wilayah IDC
2024-05-21,Middle East & Africa,Other,2335,Estimasi berbasis shipment Xiaomi 2024 dan struktur wilayah IDC
2024-05-22,Asia,Redmi,178244,Estimasi berbasis shipment Xiaomi 2024 dan struktur wilayah IDC
2024-05-22,Europe,Redmi,73756,Estimasi berbasis shipment Xiaomi 2024 dan struktur wilayah IDC
2024-05-22,Latin America,Redmi,30732,Estimasi berbasis shipment Xiaomi 2024 dan struktur wilayah IDC
2024-05-22,Middle East & Africa,Redmi,24585,Estimasi berbasis shipment Xiaomi 2024 dan struktur wilayah IDC
2024-05-22,Asia,Xiaomi Flagship,21019,Estimasi berbasis shipment Xiaomi 2024 dan struktur wilayah IDC
2024-05-22,Europe,Xiaomi Flagship,8698,Estimasi berbasis shipment Xiaomi 2024 dan struktur wilayah IDC
2024-05-22,Latin America,Xiaomi Flagship,3624,Estimasi berbasis shipment Xiaomi 2024 dan struktur wilayah IDC
2024-05-22,Middle East & Africa,Xiaomi Flagship,2899,Estimasi berbasis shipment Xiaomi 2024 dan struktur wilayah IDC
2024-05-22,Asia,POCO,29988,Estimasi berbasis shipment Xiaomi 2024 dan struktur wilayah IDC
2024-05-22,Europe,POCO,12409,Estimasi berbasis shipment Xiaomi 2024 dan struktur wilayah IDC
2024-05-22,Latin America,POCO,5170,Estimasi berbasis shipment Xiaomi 2024 dan struktur wilayah IDC
2024-05-22,Middle East & Africa,POCO,4136,Estimasi berbasis shipment Xiaomi 2024 dan struktur wilayah IDC
2024-05-22,Asia,Black Shark,4764,Estimasi berbasis shipment Xiaomi 2024 dan struktur wilayah IDC
2024-05-22,Europe,Black Shark,1971,Estimasi berbasis shipment Xiaomi 2024 dan struktur wilayah IDC
2024-05-22,Latin America,Black Shark,821,Estimasi berbasis shipment Xiaomi 2024 dan struktur wilayah IDC
2024-05-22,Middle East & Africa,Black Shark,657,Estimasi berbasis shipment Xiaomi 2024 dan struktur wilayah IDC
2024-05-22,Asia,Other,18217,Estimasi berbasis shipment Xiaomi 2024 dan struktur wilayah IDC
2024-05-22,Europe,Other,7538,Estimasi berbasis shipment Xiaomi 2024 dan struktur wilayah IDC
2024-05-22,Latin America,Other,3141,Estimasi berbasis shipment Xiaomi 2024 dan struktur wilayah IDC
2024-05-22,Middle East & Africa,Other,2513,Estimasi berbasis shipment Xiaomi 2024 dan struktur wilayah IDC
2024-05-23,Asia,Redmi,186327,Estimasi berbasis shipment Xiaomi 2024 dan struktur wilayah IDC
2024-05-23,Europe,Redmi,77101,Estimasi berbasis shipment Xiaomi 2024 dan struktur wilayah IDC
2024-05-23,Latin America,Redmi,32125,Estimasi berbasis shipment Xiaomi 2024 dan struktur wilayah IDC
2024-05-23,Middle East & Africa,Redmi,25700,Estimasi berbasis shipment Xiaomi 2024 dan struktur wilayah IDC
2024-05-23,Asia,Xiaomi Flagship,21973,Estimasi berbasis shipment Xiaomi 2024 dan struktur wilayah IDC
2024-05-23,Europe,Xiaomi Flagship,9092,Estimasi berbasis shipment Xiaomi 2024 dan struktur wilayah IDC
2024-05-23,Latin America,Xiaomi Flagship,3788,Estimasi berbasis shipment Xiaomi 2024 dan struktur wilayah IDC
2024-05-23,Middle East & Africa,Xiaomi Flagship,3031,Estimasi berbasis shipment Xiaomi 2024 dan struktur wilayah IDC
2024-05-23,Asia,POCO,31347,Estimasi berbasis shipment Xiaomi 2024 dan struktur wilayah IDC
2024-05-23,Europe,POCO,12971,Estimasi berbasis shipment Xiaomi 2024 dan struktur wilayah IDC
2024-05-23,Latin America,POCO,5405,Estimasi berbasis shipment Xiaomi 2024 dan struktur wilayah IDC
2024-05-23,Middle East & Africa,POCO,4324,Estimasi berbasis shipment Xiaomi 2024 dan struktur wilayah IDC
2024-05-23,Asia,Black Shark,4980,Estimasi berbasis shipment Xiaomi 2024 dan struktur wilayah IDC
2024-05-23,Europe,Black Shark,2061,Estimasi berbasis shipment Xiaomi 2024 dan struktur wilayah IDC
2024-05-23,Latin America,Black Shark,859,Estimasi berbasis shipment Xiaomi 2024 dan struktur wilayah IDC
2024-05-23,Middle East & Africa,Black Shark,687,Estimasi berbasis shipment Xiaomi 2024 dan struktur wilayah IDC
2024-05-23,Asia,Other,19043,Estimasi berbasis shipment Xiaomi 2024 dan struktur wilayah IDC
2024-05-23,Europe,Other,7880,Estimasi berbasis shipment Xiaomi 2024 dan struktur wilayah IDC
2024-05-23,Latin America,Other,3283,Estimasi berbasis shipment Xiaomi 2024 dan struktur wilayah IDC
2024-05-23,Middle East & Africa,Other,2627,Estimasi berbasis shipment Xiaomi 2024 dan struktur wilayah IDC
2024-05-24,Asia,Redmi,166003,Estimasi berbasis shipment Xiaomi 2024 dan struktur wilayah IDC
2024-05-24,Europe,Redmi,68691,Estimasi berbasis shipment Xiaomi 2024 dan struktur wilayah IDC
2024-05-24,Latin America,Redmi,28621,Estimasi berbasis shipment Xiaomi 2024 dan struktur wilayah IDC
2024-05-24,Middle East & Africa,Redmi,22897,Estimasi berbasis shipment Xiaomi 2024 dan struktur wilayah IDC
2024-05-24,Asia,Xiaomi Flagship,19576,Estimasi berbasis shipment Xiaomi 2024 dan struktur wilayah IDC
2024-05-24,Europe,Xiaomi Flagship,8100,Estimasi berbasis shipment Xiaomi 2024 dan struktur wilayah IDC
2024-05-24,Latin America,Xiaomi Flagship,3375,Estimasi berbasis shipment Xiaomi 2024 dan struktur wilayah IDC
2024-05-24,Middle East & Africa,Xiaomi Flagship,2700,Estimasi berbasis shipment Xiaomi 2024 dan struktur wilayah IDC
2024-05-24,Asia,POCO,27928,Estimasi berbasis shipment Xiaomi 2024 dan struktur wilayah IDC
2024-05-24,Europe,POCO,11556,Estimasi berbasis shipment Xiaomi 2024 dan struktur wilayah IDC
2024-05-24,Latin America,POCO,4815,Estimasi berbasis shipment Xiaomi 2024 dan struktur wilayah IDC
2024-05-24,Middle East & Africa,POCO,3852,Estimasi berbasis shipment Xiaomi 2024 dan struktur wilayah IDC
2024-05-24,Asia,Black Shark,4437,Estimasi berbasis shipment Xiaomi 2024 dan struktur wilayah IDC
2024-05-24,Europe,Black Shark,1836,Estimasi berbasis shipment Xiaomi 2024 dan struktur wilayah IDC
2024-05-24,Latin America,Black Shark,765,Estimasi berbasis shipment Xiaomi 2024 dan struktur wilayah IDC
2024-05-24,Middle East & Africa,Black Shark,612,Estimasi berbasis shipment Xiaomi 2024 dan struktur wilayah IDC
2024-05-24,Asia,Other,16966,Estimasi berbasis shipment Xiaomi 2024 dan struktur wilayah IDC
2024-05-24,Europe,Other,7020,Estimasi berbasis shipment Xiaomi 2024 dan struktur wilayah IDC
2024-05-24,Latin America,Other,2925,Estimasi berbasis shipment Xiaomi 2024 dan struktur wilayah IDC
2024-05-24,Middle East & Africa,Other,2340,Estimasi berbasis shipment Xiaomi 2024 dan struktur wilayah IDC
2024-05-25,Asia,Redmi,173350,Estimasi berbasis shipment Xiaomi 2024 dan struktur wilayah IDC
2024-05-25,Europe,Redmi,71731,Estimasi berbasis shipment Xiaomi 2024 dan struktur wilayah IDC
2024-05-25,Latin America,Redmi,29888,Estimasi berbasis shipment Xiaomi 2024 dan struktur wilayah IDC
2024-05-25,Middle East & Africa,Redmi,23910,Estimasi berbasis shipment Xiaomi 2024 dan struktur wilayah IDC
2024-05-25,Asia,Xiaomi Flagship,20442,Estimasi berbasis shipment Xiaomi 2024 dan struktur wilayah IDC
2024-05-25,Europe,Xiaomi Flagship,8459,Estimasi berbasis shipment Xiaomi 2024 dan struktur wilayah IDC
2024-05-25,Latin America,Xiaomi Flagship,3525,Estimasi berbasis shipment Xiaomi 2024 dan struktur wilayah IDC
2024-05-25,Middle East & Africa,Xiaomi Flagship,2820,Estimasi berbasis shipment Xiaomi 2024 dan struktur wilayah IDC
2024-05-25,Asia,POCO,29164,Estimasi berbasis shipment Xiaomi 2024 dan struktur wilayah IDC
2024-05-25,Europe,POCO,12068,Estimasi berbasis shipment Xiaomi 2024 dan struktur wilayah IDC
2024-05-25,Latin America,POCO,5028,Estimasi berbasis shipment Xiaomi 2024 dan struktur wilayah IDC
2024-05-25,Middle East & Africa,POCO,4023,Estimasi berbasis shipment Xiaomi 2024 dan struktur wilayah IDC
2024-05-25,Asia,Black Shark,4634,Estimasi berbasis shipment Xiaomi 2024 dan struktur wilayah IDC
2024-05-25,Europe,Black Shark,1917,Estimasi berbasis shipment Xiaomi 2024 dan struktur wilayah IDC
2024-05-25,Latin America,Black Shark,799,Estimasi berbasis shipment Xiaomi 2024 dan struktur wilayah IDC
2024-05-25,Middle East & Africa,Black Shark,639,Estimasi berbasis shipment Xiaomi 2024 dan struktur wilayah IDC
2024-05-25,Asia,Other,17717,Estimasi berbasis shipment Xiaomi 2024 dan struktur wilayah IDC
2024-05-25,Europe,Other,7331,Estimasi berbasis shipment Xiaomi 2024 dan struktur wilayah IDC
2024-05-25,Latin America,Other,3055,Estimasi berbasis shipment Xiaomi 2024 dan struktur wilayah IDC
2024-05-25,Middle East & Africa,Other,2444,Estimasi berbasis shipment Xiaomi 2024 dan struktur wilayah IDC
2024-05-26,Asia,Redmi,156502,Estimasi berbasis shipment Xiaomi 2024 dan struktur wilayah IDC
2024-05-26,Europe,Redmi,64759,Estimasi berbasis shipment Xiaomi 2024 dan struktur wilayah IDC
2024-05-26,Latin America,Redmi,26983,Estimasi berbasis shipment Xiaomi 2024 dan struktur wilayah IDC
2024-05-26,Middle East & Africa,Redmi,21586,Estimasi berbasis shipment Xiaomi 2024 dan struktur wilayah IDC
2024-05-26,Asia,Xiaomi Flagship,18455,Estimasi berbasis shipment Xiaomi 2024 dan struktur wilayah IDC
2024-05-26,Europe,Xiaomi Flagship,7637,Estimasi berbasis shipment Xiaomi 2024 dan struktur wilayah IDC
2024-05-26,Latin America,Xiaomi Flagship,3182,Estimasi berbasis shipment Xiaomi 2024 dan struktur wilayah IDC
2024-05-26,Middle East & Africa,Xiaomi Flagship,2546,Estimasi berbasis shipment Xiaomi 2024 dan struktur wilayah IDC
2024-05-26,Asia,POCO,26330,Estimasi berbasis shipment Xiaomi 2024 dan struktur wilayah IDC
2024-05-26,Europe,POCO,10895,Estimasi berbasis shipment Xiaomi 2024 dan struktur wilayah IDC
2024-05-26,Latin America,POCO,4540,Estimasi berbasis shipment Xiaomi 2024 dan struktur wilayah IDC
2024-05-26,Middle East & Africa,POCO,3632,Estimasi berbasis shipment Xiaomi 2024 dan struktur wilayah IDC
2024-05-26,Asia,Black Shark,4183,Estimasi berbasis shipment Xiaomi 2024 dan struktur wilayah IDC
2024-05-26,Europe,Black Shark,1731,Estimasi berbasis shipment Xiaomi 2024 dan struktur wilayah IDC
2024-05-26,Latin America,Black Shark,721,Estimasi berbasis shipment Xiaomi 2024 dan struktur wilayah IDC
2024-05-26,Middle East & Africa,Black Shark,577,Estimasi berbasis shipment Xiaomi 2024 dan struktur wilayah IDC
2024-05-26,Asia,Other,15995,Estimasi berbasis shipment Xiaomi 2024 dan struktur wilayah IDC
2024-05-26,Europe,Other,6618,Estimasi berbasis shipment Xiaomi 2024 dan struktur wilayah IDC
2024-05-26,Latin America,Other,2758,Estimasi berbasis shipment Xiaomi 2024 dan struktur wilayah IDC
2024-05-26,Middle East & Africa,Other,2206,Estimasi berbasis shipment Xiaomi 2024 dan struktur wilayah IDC
2024-05-27,Asia,Redmi,170683,Estimasi berbasis shipment Xiaomi 2024 dan struktur wilayah IDC
2024-05-27,Europe,Redmi,70628,Estimasi berbasis shipment Xiaomi 2024 dan struktur wilayah IDC
2024-05-27,Latin America,Redmi,29428,Estimasi berbasis shipment Xiaomi 2024 dan struktur wilayah IDC
2024-05-27,Middle East & Africa,Redmi,23543,Estimasi berbasis shipment Xiaomi 2024 dan struktur wilayah IDC
2024-05-27,Asia,Xiaomi Flagship,20128,Estimasi berbasis shipment Xiaomi 2024 dan struktur wilayah IDC
2024-05-27,Europe,Xiaomi Flagship,8329,Estimasi berbasis shipment Xiaomi 2024 dan struktur wilayah IDC
2024-05-27,Latin America,Xiaomi Flagship,3470,Estimasi berbasis shipment Xiaomi 2024 dan struktur wilayah IDC
2024-05-27,Middle East & Africa,Xiaomi Flagship,2776,Estimasi berbasis shipment Xiaomi 2024 dan struktur wilayah IDC
2024-05-27,Asia,POCO,28716,Estimasi berbasis shipment Xiaomi 2024 dan struktur wilayah IDC
2024-05-27,Europe,POCO,11882,Estimasi berbasis shipment Xiaomi 2024 dan struktur wilayah IDC
2024-05-27,Latin America,POCO,4951,Estimasi berbasis shipment Xiaomi 2024 dan struktur wilayah IDC
2024-05-27,Middle East & Africa,POCO,3961,Estimasi berbasis shipment Xiaomi 2024 dan struktur wilayah IDC
2024-05-27,Asia,Black Shark,4562,Estimasi berbasis shipment Xiaomi 2024 dan struktur wilayah IDC
2024-05-27,Europe,Black Shark,1888,Estimasi berbasis shipment Xiaomi 2024 dan struktur wilayah IDC
2024-05-27,Latin America,Black Shark,787,Estimasi berbasis shipment Xiaomi 2024 dan struktur wilayah IDC
2024-05-27,Middle East & Africa,Black Shark,629,Estimasi berbasis shipment Xiaomi 2024 dan struktur wilayah IDC
2024-05-27,Asia,Other,17444,Estimasi berbasis shipment Xiaomi 2024 dan struktur wilayah IDC
2024-05-27,Europe,Other,7218,Estimasi berbasis shipment Xiaomi 2024 dan struktur wilayah IDC
2024-05-27,Latin America,Other,3008,Estimasi berbasis shipment Xiaomi 2024 dan struktur wilayah IDC
2024-05-27,Middle East & Africa,Other,2406,Estimasi berbasis shipment Xiaomi 2024 dan struktur wilayah IDC
2024-05-28,Asia,Redmi,171138,Estimasi berbasis shipment Xiaomi 2024 dan struktur wilayah IDC
2024-05-28,Europe,Redmi,70816,Estimasi berbasis shipment Xiaomi 2024 dan struktur wilayah IDC
2024-05-28,Latin America,Redmi,29507,Estimasi berbasis shipment Xiaomi 2024 dan struktur wilayah IDC
2024-05-28,Middle East & Africa,Redmi,23605,Estimasi berbasis shipment Xiaomi 2024 dan struktur wilayah IDC
2024-05-28,Asia,Xiaomi Flagship,20181,Estimasi berbasis shipment Xiaomi 2024 dan struktur wilayah IDC
2024-05-28,Europe,Xiaomi Flagship,8351,Estimasi berbasis shipment Xiaomi 2024 dan struktur wilayah IDC
2024-05-28,Latin America,Xiaomi Flagship,3480,Estimasi berbasis shipment Xiaomi 2024 dan struktur wilayah IDC
2024-05-28,Middle East & Africa,Xiaomi Flagship,2784,Estimasi berbasis shipment Xiaomi 2024 dan struktur wilayah IDC
2024-05-28,Asia,POCO,28792,Estimasi berbasis shipment Xiaomi 2024 dan struktur wilayah IDC
2024-05-28,Europe,POCO,11914,Estimasi berbasis shipment Xiaomi 2024 dan struktur wilayah IDC
2024-05-28,Latin America,POCO,4964,Estimasi berbasis shipment Xiaomi 2024 dan struktur wilayah IDC
2024-05-28,Middle East & Africa,POCO,3971,Estimasi berbasis shipment Xiaomi 2024 dan struktur wilayah IDC
2024-05-28,Asia,Black Shark,4574,Estimasi berbasis shipment Xiaomi 2024 dan struktur wilayah IDC
2024-05-28,Europe,Black Shark,1893,Estimasi berbasis shipment Xiaomi 2024 dan struktur wilayah IDC
2024-05-28,Latin America,Black Shark,789,Estimasi berbasis shipment Xiaomi 2024 dan struktur wilayah IDC
2024-05-28,Middle East & Africa,Black Shark,631,Estimasi berbasis shipment Xiaomi 2024 dan struktur wilayah IDC
2024-05-28,Asia,Other,17491,Estimasi berbasis shipment Xiaomi 2024 dan struktur wilayah IDC
2024-05-28,Europe,Other,7237,Estimasi berbasis shipment Xiaomi 2024 dan struktur wilayah IDC
2024-05-28,Latin America,Other,3016,Estimasi berbasis shipment Xiaomi 2024 dan struktur wilayah IDC
2024-05-28,Middle East & Africa,Other,2412,Estimasi berbasis shipment Xiaomi 2024 dan struktur wilayah IDC
2024-05-29,Asia,Redmi,162541,Estimasi berbasis shipment Xiaomi 2024 dan struktur wilayah IDC
2024-05-29,Europe,Redmi,67259,Estimasi berbasis shipment Xiaomi 2024 dan struktur wilayah IDC
2024-05-29,Latin America,Redmi,28024,Estimasi berbasis shipment Xiaomi 2024 dan struktur wilayah IDC
2024-05-29,Middle East & Africa,Redmi,22420,Estimasi berbasis shipment Xiaomi 2024 dan struktur wilayah IDC
2024-05-29,Asia,Xiaomi Flagship,19168,Estimasi berbasis shipment Xiaomi 2024 dan struktur wilayah IDC
2024-05-29,Europe,Xiaomi Flagship,7931,Estimasi berbasis shipment Xiaomi 2024 dan struktur wilayah IDC
2024-05-29,Latin America,Xiaomi Flagship,3305,Estimasi berbasis shipment Xiaomi 2024 dan struktur wilayah IDC
2024-05-29,Middle East & Africa,Xiaomi Flagship,2644,Estimasi berbasis shipment Xiaomi 2024 dan struktur wilayah IDC
2024-05-29,Asia,POCO,27346,Estimasi berbasis shipment Xiaomi 2024 dan struktur wilayah IDC
2024-05-29,Europe,POCO,11316,Estimasi berbasis shipment Xiaomi 2024 dan struktur wilayah IDC
2024-05-29,Latin America,POCO,4715,Estimasi berbasis shipment Xiaomi 2024 dan struktur wilayah IDC
2024-05-29,Middle East & Africa,POCO,3772,Estimasi berbasis shipment Xiaomi 2024 dan struktur wilayah IDC
2024-05-29,Asia,Black Shark,4345,Estimasi berbasis shipment Xiaomi 2024 dan struktur wilayah IDC
2024-05-29,Europe,Black Shark,1798,Estimasi berbasis shipment Xiaomi 2024 dan struktur wilayah IDC
2024-05-29,Latin America,Black Shark,749,Estimasi berbasis shipment Xiaomi 2024 dan struktur wilayah IDC
2024-05-29,Middle East & Africa,Black Shark,599,Estimasi berbasis shipment Xiaomi 2024 dan struktur wilayah IDC
2024-05-29,Asia,Other,16612,Estimasi berbasis shipment Xiaomi 2024 dan struktur wilayah IDC
2024-05-29,Europe,Other,6874,Estimasi berbasis shipment Xiaomi 2024 dan struktur wilayah IDC
2024-05-29,Latin America,Other,2864,Estimasi berbasis shipment Xiaomi 2024 dan struktur wilayah IDC
2024-05-29,Middle East & Africa,Other,2291,Estimasi berbasis shipment Xiaomi 2024 dan struktur wilayah IDC
2024-05-30,Asia,Redmi,181034,Estimasi berbasis shipment Xiaomi 2024 dan struktur wilayah IDC
2024-05-30,Europe,Redmi,74911,Estimasi berbasis shipment Xiaomi 2024 dan struktur wilayah IDC
2024-05-30,Latin America,Redmi,31213,Estimasi berbasis shipment Xiaomi 2024 dan struktur wilayah IDC
2024-05-30,Middle East & Africa,Redmi,24970,Estimasi berbasis shipment Xiaomi 2024 dan struktur wilayah IDC
2024-05-30,Asia,Xiaomi Flagship,21348,Estimasi berbasis shipment Xiaomi 2024 dan struktur wilayah IDC
2024-05-30,Europe,Xiaomi Flagship,8834,Estimasi berbasis shipment Xiaomi 2024 dan struktur wilayah IDC
2024-05-30,Latin America,Xiaomi Flagship,3681,Estimasi berbasis shipment Xiaomi 2024 dan struktur wilayah IDC
2024-05-30,Middle East & Africa,Xiaomi Flagship,2945,Estimasi berbasis shipment Xiaomi 2024 dan struktur wilayah IDC
2024-05-30,Asia,POCO,30457,Estimasi berbasis shipment Xiaomi 2024 dan struktur wilayah IDC
2024-05-30,Europe,POCO,12603,Estimasi berbasis shipment Xiaomi 2024 dan struktur wilayah IDC
2024-05-30,Latin America,POCO,5251,Estimasi berbasis shipment Xiaomi 2024 dan struktur wilayah IDC
2024-05-30,Middle East & Africa,POCO,4201,Estimasi berbasis shipment Xiaomi 2024 dan struktur wilayah IDC
2024-05-30,Asia,Black Shark,4839,Estimasi berbasis shipment Xiaomi 2024 dan struktur wilayah IDC
2024-05-30,Europe,Black Shark,2002,Estimasi berbasis shipment Xiaomi 2024 dan struktur wilayah IDC
2024-05-30,Latin America,Black Shark,834,Estimasi berbasis shipment Xiaomi 2024 dan struktur wilayah IDC
2024-05-30,Middle East & Africa,Black Shark,667,Estimasi berbasis shipment Xiaomi 2024 dan struktur wilayah IDC
2024-05-30,Asia,Other,18502,Estimasi berbasis shipment Xiaomi 2024 dan struktur wilayah IDC
2024-05-30,Europe,Other,7656,Estimasi berbasis shipment Xiaomi 2024 dan struktur wilayah IDC
2024-05-30,Latin America,Other,3190,Estimasi berbasis shipment Xiaomi 2024 dan struktur wilayah IDC
2024-05-30,Middle East & Africa,Other,2552,Estimasi berbasis shipment Xiaomi 2024 dan struktur wilayah IDC
2024-05-31,Asia,Redmi,168295,Estimasi berbasis shipment Xiaomi 2024 dan struktur wilayah IDC
2024-05-31,Europe,Redmi,69639,Estimasi berbasis shipment Xiaomi 2024 dan struktur wilayah IDC
2024-05-31,Latin America,Redmi,29016,Estimasi berbasis shipment Xiaomi 2024 dan struktur wilayah IDC
2024-05-31,Middle East & Africa,Redmi,23213,Estimasi berbasis shipment Xiaomi 2024 dan struktur wilayah IDC
2024-05-31,Asia,Xiaomi Flagship,19846,Estimasi berbasis shipment Xiaomi 2024 dan struktur wilayah IDC
2024-05-31,Europe,Xiaomi Flagship,8212,Estimasi berbasis shipment Xiaomi 2024 dan struktur wilayah IDC
2024-05-31,Latin America,Xiaomi Flagship,3422,Estimasi berbasis shipment Xiaomi 2024 dan struktur wilayah IDC
2024-05-31,Middle East & Africa,Xiaomi Flagship,2737,Estimasi berbasis shipment Xiaomi 2024 dan struktur wilayah IDC
2024-05-31,Asia,POCO,28314,Estimasi berbasis shipment Xiaomi 2024 dan struktur wilayah IDC
2024-05-31,Europe,POCO,11716,Estimasi berbasis shipment Xiaomi 2024 dan struktur wilayah IDC
2024-05-31,Latin America,POCO,4882,Estimasi berbasis shipment Xiaomi 2024 dan struktur wilayah IDC
2024-05-31,Middle East & Africa,POCO,3905,Estimasi berbasis shipment Xiaomi 2024 dan struktur wilayah IDC
2024-05-31,Asia,Black Shark,4498,Estimasi berbasis shipment Xiaomi 2024 dan struktur wilayah IDC
2024-05-31,Europe,Black Shark,1861,Estimasi berbasis shipment Xiaomi 2024 dan struktur wilayah IDC
2024-05-31,Latin America,Black Shark,776,Estimasi berbasis shipment Xiaomi 2024 dan struktur wilayah IDC
2024-05-31,Middle East & Africa,Black Shark,620,Estimasi berbasis shipment Xiaomi 2024 dan struktur wilayah IDC
2024-05-31,Asia,Other,17200,Estimasi berbasis shipment Xiaomi 2024 dan struktur wilayah IDC
2024-05-31,Europe,Other,7117,Estimasi berbasis shipment Xiaomi 2024 dan struktur wilayah IDC
2024-05-31,Latin America,Other,2966,Estimasi berbasis shipment Xiaomi 2024 dan struktur wilayah IDC
2024-05-31,Middle East & Africa,Other,2372,Estimasi berbasis shipment Xiaomi 2024 dan struktur wilayah IDC
2024-06-01,Asia,Redmi,179761,Estimasi berbasis shipment Xiaomi 2024 dan struktur wilayah IDC
2024-06-01,Europe,Redmi,74384,Estimasi berbasis shipment Xiaomi 2024 dan struktur wilayah IDC
2024-06-01,Latin America,Redmi,30993,Estimasi berbasis shipment Xiaomi 2024 dan struktur wilayah IDC
2024-06-01,Middle East & Africa,Redmi,24795,Estimasi berbasis shipment Xiaomi 2024 dan struktur wilayah IDC
2024-06-01,Asia,Xiaomi Flagship,21198,Estimasi berbasis shipment Xiaomi 2024 dan struktur wilayah IDC
2024-06-01,Europe,Xiaomi Flagship,8772,Estimasi berbasis shipment Xiaomi 2024 dan struktur wilayah IDC
2024-06-01,Latin America,Xiaomi Flagship,3655,Estimasi berbasis shipment Xiaomi 2024 dan struktur wilayah IDC
2024-06-01,Middle East & Africa,Xiaomi Flagship,2924,Estimasi berbasis shipment Xiaomi 2024 dan struktur wilayah IDC
2024-06-01,Asia,POCO,30243,Estimasi berbasis shipment Xiaomi 2024 dan struktur wilayah IDC
2024-06-01,Europe,POCO,12514,Estimasi berbasis shipment Xiaomi 2024 dan struktur wilayah IDC
2024-06-01,Latin America,POCO,5214,Estimasi berbasis shipment Xiaomi 2024 dan struktur wilayah IDC
2024-06-01,Middle East & Africa,POCO,4171,Estimasi berbasis shipment Xiaomi 2024 dan struktur wilayah IDC
2024-06-01,Asia,Black Shark,4805,Estimasi berbasis shipment Xiaomi 2024 dan struktur wilayah IDC
2024-06-01,Europe,Black Shark,1988,Estimasi berbasis shipment Xiaomi 2024 dan struktur wilayah IDC
2024-06-01,Latin America,Black Shark,828,Estimasi berbasis shipment Xiaomi 2024 dan struktur wilayah IDC
2024-06-01,Middle East & Africa,Black Shark,663,Estimasi berbasis shipment Xiaomi 2024 dan struktur wilayah IDC
2024-06-01,Asia,Other,18372,Estimasi berbasis shipment Xiaomi 2024 dan struktur wilayah IDC
2024-06-01,Europe,Other,7602,Estimasi berbasis shipment Xiaomi 2024 dan struktur wilayah IDC
2024-06-01,Latin America,Other,3168,Estimasi berbasis shipment Xiaomi 2024 dan struktur wilayah IDC
2024-06-01,Middle East & Africa,Other,2534,Estimasi berbasis shipment Xiaomi 2024 dan struktur wilayah IDC
2024-06-02,Asia,Redmi,173437,Estimasi berbasis shipment Xiaomi 2024 dan struktur wilayah IDC
2024-06-02,Europe,Redmi,71767,Estimasi berbasis shipment Xiaomi 2024 dan struktur wilayah IDC
2024-06-02,Latin America,Redmi,29903,Estimasi berbasis shipment Xiaomi 2024 dan struktur wilayah IDC
2024-06-02,Middle East & Africa,Redmi,23922,Estimasi berbasis shipment Xiaomi 2024 dan struktur wilayah IDC
2024-06-02,Asia,Xiaomi Flagship,20452,Estimasi berbasis shipment Xiaomi 2024 dan struktur wilayah IDC
2024-06-02,Europe,Xiaomi Flagship,8463,Estimasi berbasis shipment Xiaomi 2024 dan struktur wilayah IDC
2024-06-02,Latin America,Xiaomi Flagship,3526,Estimasi berbasis shipment Xiaomi 2024 dan struktur wilayah IDC
2024-06-02,Middle East & Africa,Xiaomi Flagship,2821,Estimasi berbasis shipment Xiaomi 2024 dan struktur wilayah IDC
2024-06-02,Asia,POCO,29179,Estimasi berbasis shipment Xiaomi 2024 dan struktur wilayah IDC
2024-06-02,Europe,POCO,12074,Estimasi berbasis shipment Xiaomi 2024 dan struktur wilayah IDC
2024-06-02,Latin America,POCO,5031,Estimasi berbasis shipment Xiaomi 2024 dan struktur wilayah IDC
2024-06-02,Middle East & Africa,POCO,4025,Estimasi berbasis shipment Xiaomi 2024 dan struktur wilayah IDC
2024-06-02,Asia,Black Shark,4636,Estimasi berbasis shipment Xiaomi 2024 dan struktur wilayah IDC
2024-06-02,Europe,Black Shark,1918,Estimasi berbasis shipment Xiaomi 2024 dan struktur wilayah IDC
2024-06-02,Latin America,Black Shark,799,Estimasi berbasis shipment Xiaomi 2024 dan struktur wilayah IDC
2024-06-02,Middle East & Africa,Black Shark,639,Estimasi berbasis shipment Xiaomi 2024 dan struktur wilayah IDC
2024-06-02,Asia,Other,17725,Estimasi berbasis shipment Xiaomi 2024 dan struktur wilayah IDC
2024-06-02,Europe,Other,7335,Estimasi berbasis shipment Xiaomi 2024 dan struktur wilayah IDC
2024-06-02,Latin America,Other,3056,Estimasi berbasis shipment Xiaomi 2024 dan struktur wilayah IDC
2024-06-02,Middle East & Africa,Other,2445,Estimasi berbasis shipment Xiaomi 2024 dan struktur wilayah IDC
2024-06-03,Asia,Redmi,155020,Estimasi berbasis shipment Xiaomi 2024 dan struktur wilayah IDC
2024-06-03,Europe,Redmi,64146,Estimasi berbasis shipment Xiaomi 2024 dan struktur wilayah IDC
2024-06-03,Latin America,Redmi,26728,Estimasi berbasis shipment Xiaomi 2024 dan struktur wilayah IDC
2024-06-03,Middle East & Africa,Redmi,21382,Estimasi berbasis shipment Xiaomi 2024 dan struktur wilayah IDC
2024-06-03,Asia,Xiaomi Flagship,18281,Estimasi berbasis shipment Xiaomi 2024 dan struktur wilayah IDC
2024-06-03,Europe,Xiaomi Flagship,7564,Estimasi berbasis shipment Xiaomi 2024 dan struktur wilayah IDC
2024-06-03,Latin America,Xiaomi Flagship,3152,Estimasi berbasis shipment Xiaomi 2024 dan struktur wilayah IDC
2024-06-03,Middle East & Africa,Xiaomi Flagship,2521,Estimasi berbasis shipment Xiaomi 2024 dan struktur wilayah IDC
2024-06-03,Asia,POCO,26080,Estimasi berbasis shipment Xiaomi 2024 dan struktur wilayah IDC
2024-06-03,Europe,POCO,10792,Estimasi berbasis shipment Xiaomi 2024 dan struktur wilayah IDC
2024-06-03,Latin America,POCO,4497,Estimasi berbasis shipment Xiaomi 2024 dan struktur wilayah IDC
2024-06-03,Middle East & Africa,POCO,3597,Estimasi berbasis shipment Xiaomi 2024 dan struktur wilayah IDC
2024-06-03,Asia,Black Shark,4144,Estimasi berbasis shipment Xiaomi 2024 dan struktur wilayah IDC
2024-06-03,Europe,Black Shark,1715,Estimasi berbasis shipment Xiaomi 2024 dan struktur wilayah IDC
2024-06-03,Latin America,Black Shark,714,Estimasi berbasis shipment Xiaomi 2024 dan struktur wilayah IDC
2024-06-03,Middle East & Africa,Black Shark,572,Estimasi berbasis shipment Xiaomi 2024 dan struktur wilayah IDC
2024-06-03,Asia,Other,15843,Estimasi berbasis shipment Xiaomi 2024 dan struktur wilayah IDC
2024-06-03,Europe,Other,6556,Estimasi berbasis shipment Xiaomi 2024 dan struktur wilayah IDC
2024-06-03,Latin America,Other,2732,Estimasi berbasis shipment Xiaomi 2024 dan struktur wilayah IDC
2024-06-03,Middle East & Africa,Other,2185,Estimasi berbasis shipment Xiaomi 2024 dan struktur wilayah IDC
2024-06-04,Asia,Redmi,176935,Estimasi berbasis shipment Xiaomi 2024 dan struktur wilayah IDC
2024-06-04,Europe,Redmi,73214,Estimasi berbasis shipment Xiaomi 2024 dan struktur wilayah IDC
2024-06-04,Latin America,Redmi,30506,Estimasi berbasis shipment Xiaomi 2024 dan struktur wilayah IDC
2024-06-04,Middle East & Africa,Redmi,24405,Estimasi berbasis shipment Xiaomi 2024 dan struktur wilayah IDC
2024-06-04,Asia,Xiaomi Flagship,20865,Estimasi berbasis shipment Xiaomi 2024 dan struktur wilayah IDC
2024-06-04,Europe,Xiaomi Flagship,8634,Estimasi berbasis shipment Xiaomi 2024 dan struktur wilayah IDC
2024-06-04,Latin America,Xiaomi Flagship,3597,Estimasi berbasis shipment Xiaomi 2024 dan struktur wilayah IDC
2024-06-04,Middle East & Africa,Xiaomi Flagship,2878,Estimasi berbasis shipment Xiaomi 2024 dan struktur wilayah IDC
2024-06-04,Asia,POCO,29767,Estimasi berbasis shipment Xiaomi 2024 dan struktur wilayah IDC
2024-06-04,Europe,POCO,12318,Estimasi berbasis shipment Xiaomi 2024 dan struktur wilayah IDC
2024-06-04,Latin America,POCO,5132,Estimasi berbasis shipment Xiaomi 2024 dan struktur wilayah IDC
2024-06-04,Middle East & Africa,POCO,4106,Estimasi berbasis shipment Xiaomi 2024 dan struktur wilayah IDC
2024-06-04,Asia,Black Shark,4729,Estimasi berbasis shipment Xiaomi 2024 dan struktur wilayah IDC
2024-06-04,Europe,Black Shark,1957,Estimasi berbasis shipment Xiaomi 2024 dan struktur wilayah IDC
2024-06-04,Latin America,Black Shark,815,Estimasi berbasis shipment Xiaomi 2024 dan struktur wilayah IDC
2024-06-04,Middle East & Africa,Black Shark,652,Estimasi berbasis shipment Xiaomi 2024 dan struktur wilayah IDC
2024-06-04,Asia,Other,18083,Estimasi berbasis shipment Xiaomi 2024 dan struktur wilayah IDC
2024-06-04,Europe,Other,7483,Estimasi berbasis shipment Xiaomi 2024 dan struktur wilayah IDC
2024-06-04,Latin America,Other,3118,Estimasi berbasis shipment Xiaomi 2024 dan struktur wilayah IDC
2024-06-04,Middle East & Africa,Other,2494,Estimasi berbasis shipment Xiaomi 2024 dan struktur wilayah IDC
2024-06-05,Asia,Redmi,167837,Estimasi berbasis shipment Xiaomi 2024 dan struktur wilayah IDC
2024-06-05,Europe,Redmi,69450,Estimasi berbasis shipment Xiaomi 2024 dan struktur wilayah IDC
2024-06-05,Latin America,Redmi,28937,Estimasi berbasis shipment Xiaomi 2024 dan struktur wilayah IDC
2024-06-05,Middle East & Africa,Redmi,23150,Estimasi berbasis shipment Xiaomi 2024 dan struktur wilayah IDC
2024-06-05,Asia,Xiaomi Flagship,19792,Estimasi berbasis shipment Xiaomi 2024 dan struktur wilayah IDC
2024-06-05,Europe,Xiaomi Flagship,8190,Estimasi berbasis shipment Xiaomi 2024 dan struktur wilayah IDC
2024-06-05,Latin America,Xiaomi Flagship,3412,Estimasi berbasis shipment Xiaomi 2024 dan struktur wilayah IDC
2024-06-05,Middle East & Africa,Xiaomi Flagship,2730,Estimasi berbasis shipment Xiaomi 2024 dan struktur wilayah IDC
2024-06-05,Asia,POCO,28237,Estimasi berbasis shipment Xiaomi 2024 dan struktur wilayah IDC
2024-06-05,Europe,POCO,11684,Estimasi berbasis shipment Xiaomi 2024 dan struktur wilayah IDC
2024-06-05,Latin America,POCO,4868,Estimasi berbasis shipment Xiaomi 2024 dan struktur wilayah IDC
2024-06-05,Middle East & Africa,POCO,3895,Estimasi berbasis shipment Xiaomi 2024 dan struktur wilayah IDC
2024-06-05,Asia,Black Shark,4486,Estimasi berbasis shipment Xiaomi 2024 dan struktur wilayah IDC
2024-06-05,Europe,Black Shark,1856,Estimasi berbasis shipment Xiaomi 2024 dan struktur wilayah IDC
2024-06-05,Latin America,Black Shark,773,Estimasi berbasis shipment Xiaomi 2024 dan struktur wilayah IDC
2024-06-05,Middle East & Africa,Black Shark,619,Estimasi berbasis shipment Xiaomi 2024 dan struktur wilayah IDC
2024-06-05,Asia,Other,17153,Estimasi berbasis shipment Xiaomi 2024 dan struktur wilayah IDC
2024-06-05,Europe,Other,7098,Estimasi berbasis shipment Xiaomi 2024 dan struktur wilayah IDC
2024-06-05,Latin America,Other,2957,Estimasi berbasis shipment Xiaomi 2024 dan struktur wilayah IDC
2024-06-05,Middle East & Africa,Other,2366,Estimasi berbasis shipment Xiaomi 2024 dan struktur wilayah IDC
2024-06-06,Asia,Redmi,173144,Estimasi berbasis shipment Xiaomi 2024 dan struktur wilayah IDC
2024-06-06,Europe,Redmi,71646,Estimasi berbasis shipment Xiaomi 2024 dan struktur wilayah IDC
2024-06-06,Latin America,Redmi,29852,Estimasi berbasis shipment Xiaomi 2024 dan struktur wilayah IDC
2024-06-06,Middle East & Africa,Redmi,23882,Estimasi berbasis shipment Xiaomi 2024 dan struktur wilayah IDC
2024-06-06,Asia,Xiaomi Flagship,20418,Estimasi berbasis shipment Xiaomi 2024 dan struktur wilayah IDC
2024-06-06,Europe,Xiaomi Flagship,8449,Estimasi berbasis shipment Xiaomi 2024 dan struktur wilayah IDC
2024-06-06,Latin America,Xiaomi Flagship,3520,Estimasi berbasis shipment Xiaomi 2024 dan struktur wilayah IDC
2024-06-06,Middle East & Africa,Xiaomi Flagship,2816,Estimasi berbasis shipment Xiaomi 2024 dan struktur wilayah IDC
2024-06-06,Asia,POCO,29130,Estimasi berbasis shipment Xiaomi 2024 dan struktur wilayah IDC
2024-06-06,Europe,POCO,12054,Estimasi berbasis shipment Xiaomi 2024 dan struktur wilayah IDC
2024-06-06,Latin America,POCO,5022,Estimasi berbasis shipment Xiaomi 2024 dan struktur wilayah IDC
2024-06-06,Middle East & Africa,POCO,4018,Estimasi berbasis shipment Xiaomi 2024 dan struktur wilayah IDC
2024-06-06,Asia,Black Shark,4628,Estimasi berbasis shipment Xiaomi 2024 dan struktur wilayah IDC
2024-06-06,Europe,Black Shark,1915,Estimasi berbasis shipment Xiaomi 2024 dan struktur wilayah IDC
2024-06-06,Latin America,Black Shark,798,Estimasi berbasis shipment Xiaomi 2024 dan struktur wilayah IDC
2024-06-06,Middle East & Africa,Black Shark,638,Estimasi berbasis shipment Xiaomi 2024 dan struktur wilayah IDC
2024-06-06,Asia,Other,17696,Estimasi berbasis shipment Xiaomi 2024 dan struktur wilayah IDC
2024-06-06,Europe,Other,7322,Estimasi berbasis shipment Xiaomi 2024 dan struktur wilayah IDC
2024-06-06,Latin America,Other,3051,Estimasi berbasis shipment Xiaomi 2024 dan struktur wilayah IDC
2024-06-06,Middle East & Africa,Other,2441,Estimasi berbasis shipment Xiaomi 2024 dan struktur wilayah IDC
2024-06-07,Asia,Redmi,166471,Estimasi berbasis shipment Xiaomi 2024 dan struktur wilayah IDC
2024-06-07,Europe,Redmi,68885,Estimasi berbasis shipment Xiaomi 2024 dan struktur wilayah IDC
2024-06-07,Latin America,Redmi,28702,Estimasi berbasis shipment Xiaomi 2024 dan struktur wilayah IDC
2024-06-07,Middle East & Africa,Redmi,22962,Estimasi berbasis shipment Xiaomi 2024 dan struktur wilayah IDC
2024-06-07,Asia,Xiaomi Flagship,19631,Estimasi berbasis shipment Xiaomi 2024 dan struktur wilayah IDC
2024-06-07,Europe,Xiaomi Flagship,8123,Estimasi berbasis shipment Xiaomi 2024 dan struktur wilayah IDC
2024-06-07,Latin America,Xiaomi Flagship,3385,Estimasi berbasis shipment Xiaomi 2024 dan struktur wilayah IDC
2024-06-07,Middle East & Africa,Xiaomi Flagship,2708,Estimasi berbasis shipment Xiaomi 2024 dan struktur wilayah IDC
2024-06-07,Asia,POCO,28007,Estimasi berbasis shipment Xiaomi 2024 dan struktur wilayah IDC
2024-06-07,Europe,POCO,11589,Estimasi berbasis shipment Xiaomi 2024 dan struktur wilayah IDC
2024-06-07,Latin America,POCO,4829,Estimasi berbasis shipment Xiaomi 2024 dan struktur wilayah IDC
2024-06-07,Middle East & Africa,POCO,3863,Estimasi berbasis shipment Xiaomi 2024 dan struktur wilayah IDC
2024-06-07,Asia,Black Shark,4450,Estimasi berbasis shipment Xiaomi 2024 dan struktur wilayah IDC
2024-06-07,Europe,Black Shark,1841,Estimasi berbasis shipment Xiaomi 2024 dan struktur wilayah IDC
2024-06-07,Latin America,Black Shark,767,Estimasi berbasis shipment Xiaomi 2024 dan struktur wilayah IDC
2024-06-07,Middle East & Africa,Black Shark,614,Estimasi berbasis shipment Xiaomi 2024 dan struktur wilayah IDC
2024-06-07,Asia,Other,17014,Estimasi berbasis shipment Xiaomi 2024 dan struktur wilayah IDC
2024-06-07,Europe,Other,7040,Estimasi berbasis shipment Xiaomi 2024 dan struktur wilayah IDC
2024-06-07,Latin America,Other,2933,Estimasi berbasis shipment Xiaomi 2024 dan struktur wilayah IDC
2024-06-07,Middle East & Africa,Other,2347,Estimasi berbasis shipment Xiaomi 2024 dan struktur wilayah IDC
2024-06-08,Asia,Redmi,156557,Estimasi berbasis shipment Xiaomi 2024 dan struktur wilayah IDC
2024-06-08,Europe,Redmi,64782,Estimasi berbasis shipment Xiaomi 2024 dan struktur wilayah IDC
2024-06-08,Latin America,Redmi,26993,Estimasi berbasis shipment Xiaomi 2024 dan struktur wilayah IDC
2024-06-08,Middle East & Africa,Redmi,21594,Estimasi berbasis shipment Xiaomi 2024 dan struktur wilayah IDC
2024-06-08,Asia,Xiaomi Flagship,18462,Estimasi berbasis shipment Xiaomi 2024 dan struktur wilayah IDC
2024-06-08,Europe,Xiaomi Flagship,7639,Estimasi berbasis shipment Xiaomi 2024 dan struktur wilayah IDC
2024-06-08,Latin America,Xiaomi Flagship,3183,Estimasi berbasis shipment Xiaomi 2024 dan struktur wilayah IDC
2024-06-08,Middle East & Africa,Xiaomi Flagship,2546,Estimasi berbasis shipment Xiaomi 2024 dan struktur wilayah IDC
2024-06-08,Asia,POCO,26339,Estimasi berbasis shipment Xiaomi 2024 dan struktur wilayah IDC
2024-06-08,Europe,POCO,10899,Estimasi berbasis shipment Xiaomi 2024 dan struktur wilayah IDC
2024-06-08,Latin America,POCO,4541,Estimasi berbasis shipment Xiaomi 2024 dan struktur wilayah IDC
2024-06-08,Middle East & Africa,POCO,3633,Estimasi berbasis shipment Xiaomi 2024 dan struktur wilayah IDC
2024-06-08,Asia,Black Shark,4185,Estimasi berbasis shipment Xiaomi 2024 dan struktur wilayah IDC
2024-06-08,Europe,Black Shark,1732,Estimasi berbasis shipment Xiaomi 2024 dan struktur wilayah IDC
2024-06-08,Latin America,Black Shark,722,Estimasi berbasis shipment Xiaomi 2024 dan struktur wilayah IDC
2024-06-08,Middle East & Africa,Black Shark,577,Estimasi berbasis shipment Xiaomi 2024 dan struktur wilayah IDC
2024-06-08,Asia,Other,16000,Estimasi berbasis shipment Xiaomi 2024 dan struktur wilayah IDC
2024-06-08,Europe,Other,6621,Estimasi berbasis shipment Xiaomi 2024 dan struktur wilayah IDC
2024-06-08,Latin America,Other,2759,Estimasi berbasis shipment Xiaomi 2024 dan struktur wilayah IDC
2024-06-08,Middle East & Africa,Other,2207,Estimasi berbasis shipment Xiaomi 2024 dan struktur wilayah IDC
2024-06-09,Asia,Redmi,164509,Estimasi berbasis shipment Xiaomi 2024 dan struktur wilayah IDC
2024-06-09,Europe,Redmi,68073,Estimasi berbasis shipment Xiaomi 2024 dan struktur wilayah IDC
2024-06-09,Latin America,Redmi,28364,Estimasi berbasis shipment Xiaomi 2024 dan struktur wilayah IDC
2024-06-09,Middle East & Africa,Redmi,22691,Estimasi berbasis shipment Xiaomi 2024 dan struktur wilayah IDC
2024-06-09,Asia,Xiaomi Flagship,19400,Estimasi berbasis shipment Xiaomi 2024 dan struktur wilayah IDC
2024-06-09,Europe,Xiaomi Flagship,8027,Estimasi berbasis shipment Xiaomi 2024 dan struktur wilayah IDC
2024-06-09,Latin America,Xiaomi Flagship,3345,Estimasi berbasis shipment Xiaomi 2024 dan struktur wilayah IDC
2024-06-09,Middle East & Africa,Xiaomi Flagship,2676,Estimasi berbasis shipment Xiaomi 2024 dan struktur wilayah IDC
2024-06-09,Asia,POCO,27677,Estimasi berbasis shipment Xiaomi 2024 dan struktur wilayah IDC
2024-06-09,Europe,POCO,11452,Estimasi berbasis shipment Xiaomi 2024 dan struktur wilayah IDC
2024-06-09,Latin America,POCO,4772,Estimasi berbasis shipment Xiaomi 2024 dan struktur wilayah IDC
2024-06-09,Middle East & Africa,POCO,3817,Estimasi berbasis shipment Xiaomi 2024 dan struktur wilayah IDC
2024-06-09,Asia,Black Shark,4397,Estimasi berbasis shipment Xiaomi 2024 dan struktur wilayah IDC
2024-06-09,Europe,Black Shark,1820,Estimasi berbasis shipment Xiaomi 2024 dan struktur wilayah IDC
2024-06-09,Latin America,Black Shark,758,Estimasi berbasis shipment Xiaomi 2024 dan struktur wilayah IDC
2024-06-09,Middle East & Africa,Black Shark,607,Estimasi berbasis shipment Xiaomi 2024 dan struktur wilayah IDC
2024-06-09,Asia,Other,16813,Estimasi berbasis shipment Xiaomi 2024 dan struktur wilayah IDC
2024-06-09,Europe,Other,6957,Estimasi berbasis shipment Xiaomi 2024 dan struktur wilayah IDC
2024-06-09,Latin America,Other,2899,Estimasi berbasis shipment Xiaomi 2024 dan struktur wilayah IDC
2024-06-09,Middle East & Africa,Other,2319,Estimasi berbasis shipment Xiaomi 2024 dan struktur wilayah IDC
2024-06-10,Asia,Redmi,160431,Estimasi berbasis shipment Xiaomi 2024 dan struktur wilayah IDC
2024-06-10,Europe,Redmi,66385,Estimasi berbasis shipment Xiaomi 2024 dan struktur wilayah IDC
2024-06-10,Latin America,Redmi,27660,Estimasi berbasis shipment Xiaomi 2024 dan struktur wilayah IDC
2024-06-10,Middle East & Africa,Redmi,22128,Estimasi berbasis shipment Xiaomi 2024 dan struktur wilayah IDC
2024-06-10,Asia,Xiaomi Flagship,18919,Estimasi berbasis shipment Xiaomi 2024 dan struktur wilayah IDC
2024-06-10,Europe,Xiaomi Flagship,7828,Estimasi berbasis shipment Xiaomi 2024 dan struktur wilayah IDC
2024-06-10,Latin America,Xiaomi Flagship,3262,Estimasi berbasis shipment Xiaomi 2024 dan struktur wilayah IDC
2024-06-10,Middle East & Africa,Xiaomi Flagship,2609,Estimasi berbasis shipment Xiaomi 2024 dan struktur wilayah IDC
2024-06-10,Asia,POCO,26991,Estimasi berbasis shipment Xiaomi 2024 dan struktur wilayah IDC
2024-06-10,Europe,POCO,11169,Estimasi berbasis shipment Xiaomi 2024 dan struktur wilayah IDC
2024-06-10,Latin America,POCO,4654,Estimasi berbasis shipment Xiaomi 2024 dan struktur wilayah IDC
2024-06-10,Middle East & Africa,POCO,3723,Estimasi berbasis shipment Xiaomi 2024 dan struktur wilayah IDC
2024-06-10,Asia,Black Shark,4288,Estimasi berbasis shipment Xiaomi 2024 dan struktur wilayah IDC
2024-06-10,Europe,Black Shark,1774,Estimasi berbasis shipment Xiaomi 2024 dan struktur wilayah IDC
2024-06-10,Latin America,Black Shark,739,Estimasi berbasis shipment Xiaomi 2024 dan struktur wilayah IDC
2024-06-10,Middle East & Africa,Black Shark,591,Estimasi berbasis shipment Xiaomi 2024 dan struktur wilayah IDC
2024-06-10,Asia,Other,16396,Estimasi berbasis shipment Xiaomi 2024 dan struktur wilayah IDC
2024-06-10,Europe,Other,6785,Estimasi berbasis shipment Xiaomi 2024 dan struktur wilayah IDC
2024-06-10,Latin America,Other,2827,Estimasi berbasis shipment Xiaomi 2024 dan struktur wilayah IDC
2024-06-10,Middle East & Africa,Other,2262,Estimasi berbasis shipment Xiaomi 2024 dan struktur wilayah IDC
2024-06-11,Asia,Redmi,161086,Estimasi berbasis shipment Xiaomi 2024 dan struktur wilayah IDC
2024-06-11,Europe,Redmi,66656,Estimasi berbasis shipment Xiaomi 2024 dan struktur wilayah IDC
2024-06-11,Latin America,Redmi,27773,Estimasi berbasis shipment Xiaomi 2024 dan struktur wilayah IDC
2024-06-11,Middle East & Africa,Redmi,22219,Estimasi berbasis shipment Xiaomi 2024 dan struktur wilayah IDC
2024-06-11,Asia,Xiaomi Flagship,18996,Estimasi berbasis shipment Xiaomi 2024 dan struktur wilayah IDC
2024-06-11,Europe,Xiaomi Flagship,7860,Estimasi berbasis shipment Xiaomi 2024 dan struktur wilayah IDC
2024-06-11,Latin America,Xiaomi Flagship,3275,Estimasi berbasis shipment Xiaomi 2024 dan struktur wilayah IDC
2024-06-11,Middle East & Africa,Xiaomi Flagship,2620,Estimasi berbasis shipment Xiaomi 2024 dan struktur wilayah IDC
2024-06-11,Asia,POCO,27101,Estimasi berbasis shipment Xiaomi 2024 dan struktur wilayah IDC
2024-06-11,Europe,POCO,11214,Estimasi berbasis shipment Xiaomi 2024 dan struktur wilayah IDC
2024-06-11,Latin America,POCO,4673,Estimasi berbasis shipment Xiaomi 2024 dan struktur wilayah IDC
2024-06-11,Middle East & Africa,POCO,3738,Estimasi berbasis shipment Xiaomi 2024 dan struktur wilayah IDC
2024-06-11,Asia,Black Shark,4306,Estimasi berbasis shipment Xiaomi 2024 dan struktur wilayah IDC
2024-06-11,Europe,Black Shark,1782,Estimasi berbasis shipment Xiaomi 2024 dan struktur wilayah IDC
2024-06-11,Latin America,Black Shark,742,Estimasi berbasis shipment Xiaomi 2024 dan struktur wilayah IDC
2024-06-11,Middle East & Africa,Black Shark,594,Estimasi berbasis shipment Xiaomi 2024 dan struktur wilayah IDC
2024-06-11,Asia,Other,16463,Estimasi berbasis shipment Xiaomi 2024 dan struktur wilayah IDC
2024-06-11,Europe,Other,6812,Estimasi berbasis shipment Xiaomi 2024 dan struktur wilayah IDC
2024-06-11,Latin America,Other,2838,Estimasi berbasis shipment Xiaomi 2024 dan struktur wilayah IDC
2024-06-11,Middle East & Africa,Other,2271,Estimasi berbasis shipment Xiaomi 2024 dan struktur wilayah IDC
2024-06-12,Asia,Redmi,163982,Estimasi berbasis shipment Xiaomi 2024 dan struktur wilayah IDC
2024-06-12,Europe,Redmi,67854,Estimasi berbasis shipment Xiaomi 2024 dan struktur wilayah IDC
2024-06-12,Latin America,Redmi,28273,Estimasi berbasis shipment Xiaomi 2024 dan struktur wilayah IDC
2024-06-12,Middle East & Africa,Redmi,22618,Estimasi berbasis shipment Xiaomi 2024 dan struktur wilayah IDC
2024-06-12,Asia,Xiaomi Flagship,19337,Estimasi berbasis shipment Xiaomi 2024 dan struktur wilayah IDC
2024-06-12,Europe,Xiaomi Flagship,8002,Estimasi berbasis shipment Xiaomi 2024 dan struktur wilayah IDC
2024-06-12,Latin America,Xiaomi Flagship,3334,Estimasi berbasis shipment Xiaomi 2024 dan struktur wilayah IDC
2024-06-12,Middle East & Africa,Xiaomi Flagship,2667,Estimasi berbasis shipment Xiaomi 2024 dan struktur wilayah IDC
2024-06-12,Asia,POCO,27588,Estimasi berbasis shipment Xiaomi 2024 dan struktur wilayah IDC
2024-06-12,Europe,POCO,11416,Estimasi berbasis shipment Xiaomi 2024 dan struktur wilayah IDC
2024-06-12,Latin America,POCO,4757,Estimasi berbasis shipment Xiaomi 2024 dan struktur wilayah IDC
2024-06-12,Middle East & Africa,POCO,3805,Estimasi berbasis shipment Xiaomi 2024 dan struktur wilayah IDC
2024-06-12,Asia,Black Shark,4383,Estimasi berbasis shipment Xiaomi 2024 dan struktur wilayah IDC
2024-06-12,Europe,Black Shark,1814,Estimasi berbasis shipment Xiaomi 2024 dan struktur wilayah IDC
2024-06-12,Latin America,Black Shark,756,Estimasi berbasis shipment Xiaomi 2024 dan struktur wilayah IDC
2024-06-12,Middle East & Africa,Black Shark,605,Estimasi berbasis shipment Xiaomi 2024 dan struktur wilayah IDC
2024-06-12,Asia,Other,16759,Estimasi berbasis shipment Xiaomi 2024 dan struktur wilayah IDC
2024-06-12,Europe,Other,6935,Estimasi berbasis shipment Xiaomi 2024 dan struktur wilayah IDC
2024-06-12,Latin America,Other,2890,Estimasi berbasis shipment Xiaomi 2024 dan struktur wilayah IDC
2024-06-12,Middle East & Africa,Other,2312,Estimasi berbasis shipment Xiaomi 2024 dan struktur wilayah IDC
2024-06-13,Asia,Redmi,160819,Estimasi berbasis shipment Xiaomi 2024 dan struktur wilayah IDC
2024-06-13,Europe,Redmi,66546,Estimasi berbasis shipment Xiaomi 2024 dan struktur wilayah IDC
2024-06-13,Latin America,Redmi,27727,Estimasi berbasis shipment Xiaomi 2024 dan struktur wilayah IDC
2024-06-13,Middle East & Africa,Redmi,22182,Estimasi berbasis shipment Xiaomi 2024 dan struktur wilayah IDC
2024-06-13,Asia,Xiaomi Flagship,18965,Estimasi berbasis shipment Xiaomi 2024 dan struktur wilayah IDC
2024-06-13,Europe,Xiaomi Flagship,7847,Estimasi berbasis shipment Xiaomi 2024 dan struktur wilayah IDC
2024-06-13,Latin America,Xiaomi Flagship,3270,Estimasi berbasis shipment Xiaomi 2024 dan struktur wilayah IDC
2024-06-13,Middle East & Africa,Xiaomi Flagship,2616,Estimasi berbasis shipment Xiaomi 2024 dan struktur wilayah IDC
2024-06-13,Asia,POCO,27056,Estimasi berbasis shipment Xiaomi 2024 dan struktur wilayah IDC
2024-06-13,Europe,POCO,11196,Estimasi berbasis shipment Xiaomi 2024 dan struktur wilayah IDC
2024-06-13,Latin America,POCO,4665,Estimasi berbasis shipment Xiaomi 2024 dan struktur wilayah IDC
2024-06-13,Middle East & Africa,POCO,3732,Estimasi berbasis shipment Xiaomi 2024 dan struktur wilayah IDC
2024-06-13,Asia,Black Shark,4299,Estimasi berbasis shipment Xiaomi 2024 dan struktur wilayah IDC
2024-06-13,Europe,Black Shark,1779,Estimasi berbasis shipment Xiaomi 2024 dan struktur wilayah IDC
2024-06-13,Latin America,Black Shark,741,Estimasi berbasis shipment Xiaomi 2024 dan struktur wilayah IDC
2024-06-13,Middle East & Africa,Black Shark,593,Estimasi berbasis shipment Xiaomi 2024 dan struktur wilayah IDC
2024-06-13,Asia,Other,16436,Estimasi berbasis shipment Xiaomi 2024 dan struktur wilayah IDC
2024-06-13,Europe,Other,6801,Estimasi berbasis shipment Xiaomi 2024 dan struktur wilayah IDC
2024-06-13,Latin America,Other,2834,Estimasi berbasis shipment Xiaomi 2024 dan struktur wilayah IDC
2024-06-13,Middle East & Africa,Other,2267,Estimasi berbasis shipment Xiaomi 2024 dan struktur wilayah IDC
2024-06-14,Asia,Redmi,185920,Estimasi berbasis shipment Xiaomi 2024 dan struktur wilayah IDC
2024-06-14,Europe,Redmi,76932,Estimasi berbasis shipment Xiaomi 2024 dan struktur wilayah IDC
2024-06-14,Latin America,Redmi,32055,Estimasi berbasis shipment Xiaomi 2024 dan struktur wilayah IDC
2024-06-14,Middle East & Africa,Redmi,25644,Estimasi berbasis shipment Xiaomi 2024 dan struktur wilayah IDC
2024-06-14,Asia,Xiaomi Flagship,21925,Estimasi berbasis shipment Xiaomi 2024 dan struktur wilayah IDC
2024-06-14,Europe,Xiaomi Flagship,9072,Estimasi berbasis shipment Xiaomi 2024 dan struktur wilayah IDC
2024-06-14,Latin America,Xiaomi Flagship,3780,Estimasi berbasis shipment Xiaomi 2024 dan struktur wilayah IDC
2024-06-14,Middle East & Africa,Xiaomi Flagship,3024,Estimasi berbasis shipment Xiaomi 2024 dan struktur wilayah IDC
2024-06-14,Asia,POCO,31279,Estimasi berbasis shipment Xiaomi 2024 dan struktur wilayah IDC
2024-06-14,Europe,POCO,12943,Estimasi berbasis shipment Xiaomi 2024 dan struktur wilayah IDC
2024-06-14,Latin America,POCO,5393,Estimasi berbasis shipment Xiaomi 2024 dan struktur wilayah IDC
2024-06-14,Middle East & Africa,POCO,4314,Estimasi berbasis shipment Xiaomi 2024 dan struktur wilayah IDC
2024-06-14,Asia,Black Shark,4970,Estimasi berbasis shipment Xiaomi 2024 dan struktur wilayah IDC
2024-06-14,Europe,Black Shark,2056,Estimasi berbasis shipment Xiaomi 2024 dan struktur wilayah IDC
2024-06-14,Latin America,Black Shark,857,Estimasi berbasis shipment Xiaomi 2024 dan struktur wilayah IDC
2024-06-14,Middle East & Africa,Black Shark,685,Estimasi berbasis shipment Xiaomi 2024 dan struktur wilayah IDC
2024-06-14,Asia,Other,19001,Estimasi berbasis shipment Xiaomi 2024 dan struktur wilayah IDC
2024-06-14,Europe,Other,7863,Estimasi berbasis shipment Xiaomi 2024 dan struktur wilayah IDC
2024-06-14,Latin America,Other,3276,Estimasi berbasis shipment Xiaomi 2024 dan struktur wilayah IDC
2024-06-14,Middle East & Africa,Other,2621,Estimasi berbasis shipment Xiaomi 2024 dan struktur wilayah IDC
2024-06-15,Asia,Redmi,165786,Estimasi berbasis shipment Xiaomi 2024 dan struktur wilayah IDC
2024-06-15,Europe,Redmi,68601,Estimasi berbasis shipment Xiaomi 2024 dan struktur wilayah IDC
2024-06-15,Latin America,Redmi,28584,Estimasi berbasis shipment Xiaomi 2024 dan struktur wilayah IDC
2024-06-15,Middle East & Africa,Redmi,22867,Estimasi berbasis shipment Xiaomi 2024 dan struktur wilayah IDC
2024-06-15,Asia,Xiaomi Flagship,19550,Estimasi berbasis shipment Xiaomi 2024 dan struktur wilayah IDC
2024-06-15,Europe,Xiaomi Flagship,8090,Estimasi berbasis shipment Xiaomi 2024 dan struktur wilayah IDC
2024-06-15,Latin America,Xiaomi Flagship,3371,Estimasi berbasis shipment Xiaomi 2024 dan struktur wilayah IDC
2024-06-15,Middle East & Africa,Xiaomi Flagship,2697,Estimasi berbasis shipment Xiaomi 2024 dan struktur wilayah IDC
2024-06-15,Asia,POCO,27892,Estimasi berbasis shipment Xiaomi 2024 dan struktur wilayah IDC
2024-06-15,Europe,POCO,11541,Estimasi berbasis shipment Xiaomi 2024 dan struktur wilayah IDC
2024-06-15,Latin America,POCO,4809,Estimasi berbasis shipment Xiaomi 2024 dan struktur wilayah IDC
2024-06-15,Middle East & Africa,POCO,3847,Estimasi berbasis shipment Xiaomi 2024 dan struktur wilayah IDC
2024-06-15,Asia,Black Shark,4431,Estimasi berbasis shipment Xiaomi 2024 dan struktur wilayah IDC
2024-06-15,Europe,Black Shark,1834,Estimasi berbasis shipment Xiaomi 2024 dan struktur wilayah IDC
2024-06-15,Latin America,Black Shark,764,Estimasi berbasis shipment Xiaomi 2024 dan struktur wilayah IDC
2024-06-15,Middle East & Africa,Black Shark,611,Estimasi berbasis shipment Xiaomi 2024 dan struktur wilayah IDC
2024-06-15,Asia,Other,16944,Estimasi berbasis shipment Xiaomi 2024 dan struktur wilayah IDC
2024-06-15,Europe,Other,7011,Estimasi berbasis shipment Xiaomi 2024 dan struktur wilayah IDC
2024-06-15,Latin America,Other,2921,Estimasi berbasis shipment Xiaomi 2024 dan struktur wilayah IDC
2024-06-15,Middle East & Africa,Other,2337,Estimasi berbasis shipment Xiaomi 2024 dan struktur wilayah IDC
2024-06-16,Asia,Redmi,165557,Estimasi berbasis shipment Xiaomi 2024 dan struktur wilayah IDC
2024-06-16,Europe,Redmi,68506,Estimasi berbasis shipment Xiaomi 2024 dan struktur wilayah IDC
2024-06-16,Latin America,Redmi,28544,Estimasi berbasis shipment Xiaomi 2024 dan struktur wilayah IDC
2024-06-16,Middle East & Africa,Redmi,22835,Estimasi berbasis shipment Xiaomi 2024 dan struktur wilayah IDC
2024-06-16,Asia,Xiaomi Flagship,19523,Estimasi berbasis shipment Xiaomi 2024 dan struktur wilayah IDC
2024-06-16,Europe,Xiaomi Flagship,8079,Estimasi berbasis shipment Xiaomi 2024 dan struktur wilayah IDC
2024-06-16,Latin America,Xiaomi Flagship,3366,Estimasi berbasis shipment Xiaomi 2024 dan struktur wilayah IDC
2024-06-16,Middle East & Africa,Xiaomi Flagship,2693,Estimasi berbasis shipment Xiaomi 2024 dan struktur wilayah IDC
2024-06-16,Asia,POCO,27853,Estimasi berbasis shipment Xiaomi 2024 dan struktur wilayah IDC
2024-06-16,Europe,POCO,11525,Estimasi berbasis shipment Xiaomi 2024 dan struktur wilayah IDC
2024-06-16,Latin America,POCO,4802,Estimasi berbasis shipment Xiaomi 2024 dan struktur wilayah IDC
2024-06-16,Middle East & Africa,POCO,3842,Estimasi berbasis shipment Xiaomi 2024 dan struktur wilayah IDC
2024-06-16,Asia,Black Shark,4425,Estimasi berbasis shipment Xiaomi 2024 dan struktur wilayah IDC
2024-06-16,Europe,Black Shark,1831,Estimasi berbasis shipment Xiaomi 2024 dan struktur wilayah IDC
2024-06-16,Latin America,Black Shark,763,Estimasi berbasis shipment Xiaomi 2024 dan struktur wilayah IDC
2024-06-16,Middle East & Africa,Black Shark,610,Estimasi berbasis shipment Xiaomi 2024 dan struktur wilayah IDC
2024-06-16,Asia,Other,16920,Estimasi berbasis shipment Xiaomi 2024 dan struktur wilayah IDC
2024-06-16,Europe,Other,7001,Estimasi berbasis shipment Xiaomi 2024 dan struktur wilayah IDC
2024-06-16,Latin America,Other,2917,Estimasi berbasis shipment Xiaomi 2024 dan struktur wilayah IDC
2024-06-16,Middle East & Africa,Other,2334,Estimasi berbasis shipment Xiaomi 2024 dan struktur wilayah IDC
2024-06-17,Asia,Redmi,176581,Estimasi berbasis shipment Xiaomi 2024 dan struktur wilayah IDC
2024-06-17,Europe,Redmi,73068,Estimasi berbasis shipment Xiaomi 2024 dan struktur wilayah IDC
2024-06-17,Latin America,Redmi,30445,Estimasi berbasis shipment Xiaomi 2024 dan struktur wilayah IDC
2024-06-17,Middle East & Africa,Redmi,24356,Estimasi berbasis shipment Xiaomi 2024 dan struktur wilayah IDC
2024-06-17,Asia,Xiaomi Flagship,20823,Estimasi berbasis shipment Xiaomi 2024 dan struktur wilayah IDC
2024-06-17,Europe,Xiaomi Flagship,8617,Estimasi berbasis shipment Xiaomi 2024 dan struktur wilayah IDC
2024-06-17,Latin America,Xiaomi Flagship,3590,Estimasi berbasis shipment Xiaomi 2024 dan struktur wilayah IDC
2024-06-17,Middle East & Africa,Xiaomi Flagship,2872,Estimasi berbasis shipment Xiaomi 2024 dan struktur wilayah IDC
2024-06-17,Asia,POCO,29708,Estimasi berbasis shipment Xiaomi 2024 dan struktur wilayah IDC
2024-06-17,Europe,POCO,12293,Estimasi berbasis shipment Xiaomi 2024 dan struktur wilayah IDC
2024-06-17,Latin America,POCO,5122,Estimasi berbasis shipment Xiaomi 2024 dan struktur wilayah IDC
2024-06-17,Middle East & Africa,POCO,4098,Estimasi berbasis shipment Xiaomi 2024 dan struktur wilayah IDC
2024-06-17,Asia,Black Shark,4720,Estimasi berbasis shipment Xiaomi 2024 dan struktur wilayah IDC
2024-06-17,Europe,Black Shark,1953,Estimasi berbasis shipment Xiaomi 2024 dan struktur wilayah IDC
2024-06-17,Latin America,Black Shark,814,Estimasi berbasis shipment Xiaomi 2024 dan struktur wilayah IDC
2024-06-17,Middle East & Africa,Black Shark,651,Estimasi berbasis shipment Xiaomi 2024 dan struktur wilayah IDC
2024-06-17,Asia,Other,18047,Estimasi berbasis shipment Xiaomi 2024 dan struktur wilayah IDC
2024-06-17,Europe,Other,7468,Estimasi berbasis shipment Xiaomi 2024 dan struktur wilayah IDC
2024-06-17,Latin America,Other,3112,Estimasi berbasis shipment Xiaomi 2024 dan struktur wilayah IDC
2024-06-17,Middle East & Africa,Other,2489,Estimasi berbasis shipment Xiaomi 2024 dan struktur wilayah IDC
2024-06-18,Asia,Redmi,173428,Estimasi berbasis shipment Xiaomi 2024 dan struktur wilayah IDC
2024-06-18,Europe,Redmi,71763,Estimasi berbasis shipment Xiaomi 2024 dan struktur wilayah IDC
2024-06-18,Latin America,Redmi,29901,Estimasi berbasis shipment Xiaomi 2024 dan struktur wilayah IDC
2024-06-18,Middle East & Africa,Redmi,23921,Estimasi berbasis shipment Xiaomi 2024 dan struktur wilayah IDC
2024-06-18,Asia,Xiaomi Flagship,20451,Estimasi berbasis shipment Xiaomi 2024 dan struktur wilayah IDC
2024-06-18,Europe,Xiaomi Flagship,8463,Estimasi berbasis shipment Xiaomi 2024 dan struktur wilayah IDC
2024-06-18,Latin America,Xiaomi Flagship,3526,Estimasi berbasis shipment Xiaomi 2024 dan struktur wilayah IDC
2024-06-18,Middle East & Africa,Xiaomi Flagship,2821,Estimasi berbasis shipment Xiaomi 2024 dan struktur wilayah IDC
2024-06-18,Asia,POCO,29177,Estimasi berbasis shipment Xiaomi 2024 dan struktur wilayah IDC
2024-06-18,Europe,POCO,12073,Estimasi berbasis shipment Xiaomi 2024 dan struktur wilayah IDC
2024-06-18,Latin America,POCO,5031,Estimasi berbasis shipment Xiaomi 2024 dan struktur wilayah IDC
2024-06-18,Middle East & Africa,POCO,4024,Estimasi berbasis shipment Xiaomi 2024 dan struktur wilayah IDC
2024-06-18,Asia,Black Shark,4636,Estimasi berbasis shipment Xiaomi 2024 dan struktur wilayah IDC
2024-06-18,Europe,Black Shark,1918,Estimasi berbasis shipment Xiaomi 2024 dan struktur wilayah IDC
2024-06-18,Latin America,Black Shark,799,Estimasi berbasis shipment Xiaomi 2024 dan struktur wilayah IDC
2024-06-18,Middle East & Africa,Black Shark,639,Estimasi berbasis shipment Xiaomi 2024 dan struktur wilayah IDC
2024-06-18,Asia,Other,17725,Estimasi berbasis shipment Xiaomi 2024 dan struktur wilayah IDC
2024-06-18,Europe,Other,7334,Estimasi berbasis shipment Xiaomi 2024 dan struktur wilayah IDC
2024-06-18,Latin America,Other,3056,Estimasi berbasis shipment Xiaomi 2024 dan struktur wilayah IDC
2024-06-18,Middle East & Africa,Other,2445,Estimasi berbasis shipment Xiaomi 2024 dan struktur wilayah IDC
2024-06-19,Asia,Redmi,184042,Estimasi berbasis shipment Xiaomi 2024 dan struktur wilayah IDC
2024-06-19,Europe,Redmi,76156,Estimasi berbasis shipment Xiaomi 2024 dan struktur wilayah IDC
2024-06-19,Latin America,Redmi,31731,Estimasi berbasis shipment Xiaomi 2024 dan struktur wilayah IDC
2024-06-19,Middle East & Africa,Redmi,25385,Estimasi berbasis shipment Xiaomi 2024 dan struktur wilayah IDC
2024-06-19,Asia,Xiaomi Flagship,21703,Estimasi berbasis shipment Xiaomi 2024 dan struktur wilayah IDC
2024-06-19,Europe,Xiaomi Flagship,8981,Estimasi berbasis shipment Xiaomi 2024 dan struktur wilayah IDC
2024-06-19,Latin America,Xiaomi Flagship,3742,Estimasi berbasis shipment Xiaomi 2024 dan struktur wilayah IDC
2024-06-19,Middle East & Africa,Xiaomi Flagship,2994,Estimasi berbasis shipment Xiaomi 2024 dan struktur wilayah IDC
2024-06-19,Asia,POCO,30963,Estimasi berbasis shipment Xiaomi 2024 dan struktur wilayah IDC
2024-06-19,Europe,POCO,12812,Estimasi berbasis shipment Xiaomi 2024 dan struktur wilayah IDC
2024-06-19,Latin America,POCO,5338,Estimasi berbasis shipment Xiaomi 2024 dan struktur wilayah IDC
2024-06-19,Middle East & Africa,POCO,4271,Estimasi berbasis shipment Xiaomi 2024 dan struktur wilayah IDC
2024-06-19,Asia,Black Shark,4919,Estimasi berbasis shipment Xiaomi 2024 dan struktur wilayah IDC
2024-06-19,Europe,Black Shark,2036,Estimasi berbasis shipment Xiaomi 2024 dan struktur wilayah IDC
2024-06-19,Latin America,Black Shark,848,Estimasi berbasis shipment Xiaomi 2024 dan struktur wilayah IDC
2024-06-19,Middle East & Africa,Black Shark,679,Estimasi berbasis shipment Xiaomi 2024 dan struktur wilayah IDC
2024-06-19,Asia,Other,18809,Estimasi berbasis shipment Xiaomi 2024 dan struktur wilayah IDC
2024-06-19,Europe,Other,7783,Estimasi berbasis shipment Xiaomi 2024 dan struktur wilayah IDC
2024-06-19,Latin America,Other,3243,Estimasi berbasis shipment Xiaomi 2024 dan struktur wilayah IDC
2024-06-19,Middle East & Africa,Other,2594,Estimasi berbasis shipment Xiaomi 2024 dan struktur wilayah IDC
2024-06-20,Asia,Redmi,181675,Estimasi berbasis shipment Xiaomi 2024 dan struktur wilayah IDC
2024-06-20,Europe,Redmi,75176,Estimasi berbasis shipment Xiaomi 2024 dan struktur wilayah IDC
2024-06-20,Latin America,Redmi,31323,Estimasi berbasis shipment Xiaomi 2024 dan struktur wilayah IDC
2024-06-20,Middle East & Africa,Redmi,25059,Estimasi berbasis shipment Xiaomi 2024 dan struktur wilayah IDC
2024-06-20,Asia,Xiaomi Flagship,21424,Estimasi berbasis shipment Xiaomi 2024 dan struktur wilayah IDC
2024-06-20,Europe,Xiaomi Flagship,8865,Estimasi berbasis shipment Xiaomi 2024 dan struktur wilayah IDC
2024-06-20,Latin America,Xiaomi Flagship,3694,Estimasi berbasis shipment Xiaomi 2024 dan struktur wilayah IDC
2024-06-20,Middle East & Africa,Xiaomi Flagship,2955,Estimasi berbasis shipment Xiaomi 2024 dan struktur wilayah IDC
2024-06-20,Asia,POCO,30565,Estimasi berbasis shipment Xiaomi 2024 dan struktur wilayah IDC
2024-06-20,Europe,POCO,12648,Estimasi berbasis shipment Xiaomi 2024 dan struktur wilayah IDC
2024-06-20,Latin America,POCO,5270,Estimasi berbasis shipment Xiaomi 2024 dan struktur wilayah IDC
2024-06-20,Middle East & Africa,POCO,4216,Estimasi berbasis shipment Xiaomi 2024 dan struktur wilayah IDC
2024-06-20,Asia,Black Shark,4856,Estimasi berbasis shipment Xiaomi 2024 dan struktur wilayah IDC
2024-06-20,Europe,Black Shark,2009,Estimasi berbasis shipment Xiaomi 2024 dan struktur wilayah IDC
2024-06-20,Latin America,Black Shark,837,Estimasi berbasis shipment Xiaomi 2024 dan struktur wilayah IDC
2024-06-20,Middle East & Africa,Black Shark,670,Estimasi berbasis shipment Xiaomi 2024 dan struktur wilayah IDC
2024-06-20,Asia,Other,18567,Estimasi berbasis shipment Xiaomi 2024 dan struktur wilayah IDC
2024-06-20,Europe,Other,7683,Estimasi berbasis shipment Xiaomi 2024 dan struktur wilayah IDC
2024-06-20,Latin America,Other,3201,Estimasi berbasis shipment Xiaomi 2024 dan struktur wilayah IDC
2024-06-20,Middle East & Africa,Other,2561,Estimasi berbasis shipment Xiaomi 2024 dan struktur wilayah IDC
2024-06-21,Asia,Redmi,173277,Estimasi berbasis shipment Xiaomi 2024 dan struktur wilayah IDC
2024-06-21,Europe,Redmi,71701,Estimasi berbasis shipment Xiaomi 2024 dan struktur wilayah IDC
2024-06-21,Latin America,Redmi,29875,Estimasi berbasis shipment Xiaomi 2024 dan struktur wilayah IDC
2024-06-21,Middle East & Africa,Redmi,23900,Estimasi berbasis shipment Xiaomi 2024 dan struktur wilayah IDC
2024-06-21,Asia,Xiaomi Flagship,20434,Estimasi berbasis shipment Xiaomi 2024 dan struktur wilayah IDC
2024-06-21,Europe,Xiaomi Flagship,8455,Estimasi berbasis shipment Xiaomi 2024 dan struktur wilayah IDC
2024-06-21,Latin America,Xiaomi Flagship,3523,Estimasi berbasis shipment Xiaomi 2024 dan struktur wilayah IDC
2024-06-21,Middle East & Africa,Xiaomi Flagship,2818,Estimasi berbasis shipment Xiaomi 2024 dan struktur wilayah IDC
2024-06-21,Asia,POCO,29152,Estimasi berbasis shipment Xiaomi 2024 dan struktur wilayah IDC
2024-06-21,Europe,POCO,12063,Estimasi berbasis shipment Xiaomi 2024 dan struktur wilayah IDC
2024-06-21,Latin America,POCO,5026,Estimasi berbasis shipment Xiaomi 2024 dan struktur wilayah IDC
2024-06-21,Middle East & Africa,POCO,4021,Estimasi berbasis shipment Xiaomi 2024 dan struktur wilayah IDC
2024-06-21,Asia,Black Shark,4632,Estimasi berbasis shipment Xiaomi 2024 dan struktur wilayah IDC
2024-06-21,Europe,Black Shark,1917,Estimasi berbasis shipment Xiaomi 2024 dan struktur wilayah IDC
2024-06-21,Latin America,Black Shark,799,Estimasi berbasis shipment Xiaomi 2024 dan struktur wilayah IDC
2024-06-21,Middle East & Africa,Black Shark,639,Estimasi berbasis shipment Xiaomi 2024 dan struktur wilayah IDC
2024-06-21,Asia,Other,17709,Estimasi berbasis shipment Xiaomi 2024 dan struktur wilayah IDC
2024-06-21,Europe,Other,7328,Estimasi berbasis shipment Xiaomi 2024 dan struktur wilayah IDC
2024-06-21,Latin America,Other,3053,Estimasi berbasis shipment Xiaomi 2024 dan struktur wilayah IDC
2024-06-21,Middle East & Africa,Other,2443,Estimasi berbasis shipment Xiaomi 2024 dan struktur wilayah IDC
2024-06-22,Asia,Redmi,161681,Estimasi berbasis shipment Xiaomi 2024 dan struktur wilayah IDC
2024-06-22,Europe,Redmi,66902,Estimasi berbasis shipment Xiaomi 2024 dan struktur wilayah IDC
2024-06-22,Latin America,Redmi,27876,Estimasi berbasis shipment Xiaomi 2024 dan struktur wilayah IDC
2024-06-22,Middle East & Africa,Redmi,22301,Estimasi berbasis shipment Xiaomi 2024 dan struktur wilayah IDC
2024-06-22,Asia,Xiaomi Flagship,19066,Estimasi berbasis shipment Xiaomi 2024 dan struktur wilayah IDC
2024-06-22,Europe,Xiaomi Flagship,7889,Estimasi berbasis shipment Xiaomi 2024 dan struktur wilayah IDC
2024-06-22,Latin America,Xiaomi Flagship,3287,Estimasi berbasis shipment Xiaomi 2024 dan struktur wilayah IDC
2024-06-22,Middle East & Africa,Xiaomi Flagship,2630,Estimasi berbasis shipment Xiaomi 2024 dan struktur wilayah IDC
2024-06-22,Asia,POCO,27201,Estimasi berbasis shipment Xiaomi 2024 dan struktur wilayah IDC
2024-06-22,Europe,POCO,11256,Estimasi berbasis shipment Xiaomi 2024 dan struktur wilayah IDC
2024-06-22,Latin America,POCO,4690,Estimasi berbasis shipment Xiaomi 2024 dan struktur wilayah IDC
2024-06-22,Middle East & Africa,POCO,3752,Estimasi berbasis shipment Xiaomi 2024 dan struktur wilayah IDC
2024-06-22,Asia,Black Shark,4322,Estimasi berbasis shipment Xiaomi 2024 dan struktur wilayah IDC
2024-06-22,Europe,Black Shark,1788,Estimasi berbasis shipment Xiaomi 2024 dan struktur wilayah IDC
2024-06-22,Latin America,Black Shark,745,Estimasi berbasis shipment Xiaomi 2024 dan struktur wilayah IDC
2024-06-22,Middle East & Africa,Black Shark,596,Estimasi berbasis shipment Xiaomi 2024 dan struktur wilayah IDC
2024-06-22,Asia,Other,16524,Estimasi berbasis shipment Xiaomi 2024 dan struktur wilayah IDC
2024-06-22,Europe,Other,6838,Estimasi berbasis shipment Xiaomi 2024 dan struktur wilayah IDC
2024-06-22,Latin America,Other,2849,Estimasi berbasis shipment Xiaomi 2024 dan struktur wilayah IDC
2024-06-22,Middle East & Africa,Other,2279,Estimasi berbasis shipment Xiaomi 2024 dan struktur wilayah IDC
2024-06-23,Asia,Redmi,157816,Estimasi berbasis shipment Xiaomi 2024 dan struktur wilayah IDC
2024-06-23,Europe,Redmi,65303,Estimasi berbasis shipment Xiaomi 2024 dan struktur wilayah IDC
2024-06-23,Latin America,Redmi,27210,Estimasi berbasis shipment Xiaomi 2024 dan struktur wilayah IDC
2024-06-23,Middle East & Africa,Redmi,21768,Estimasi berbasis shipment Xiaomi 2024 dan struktur wilayah IDC
2024-06-23,Asia,Xiaomi Flagship,18610,Estimasi berbasis shipment Xiaomi 2024 dan struktur wilayah IDC
2024-06-23,Europe,Xiaomi Flagship,7701,Estimasi berbasis shipment Xiaomi 2024 dan struktur wilayah IDC
2024-06-23,Latin America,Xiaomi Flagship,3209,Estimasi berbasis shipment Xiaomi 2024 dan struktur wilayah IDC
2024-06-23,Middle East & Africa,Xiaomi Flagship,2567,Estimasi berbasis shipment Xiaomi 2024 dan struktur wilayah IDC
2024-06-23,Asia,POCO,26551,Estimasi berbasis shipment Xiaomi 2024 dan struktur wilayah IDC
2024-06-23,Europe,POCO,10987,Estimasi berbasis shipment Xiaomi 2024 dan struktur wilayah IDC
2024-06-23,Latin America,POCO,4578,Estimasi berbasis shipment Xiaomi 2024 dan struktur wilayah IDC
2024-06-23,Middle East & Africa,POCO,3662,Estimasi berbasis shipment Xiaomi 2024 dan struktur wilayah IDC
2024-06-23,Asia,Black Shark,4218,Estimasi berbasis shipment Xiaomi 2024 dan struktur wilayah IDC
2024-06-23,Europe,Black Shark,1746,Estimasi berbasis shipment Xiaomi 2024 dan struktur wilayah IDC
2024-06-23,Latin America,Black Shark,727,Estimasi berbasis shipment Xiaomi 2024 dan struktur wilayah IDC
2024-06-23,Middle East & Africa,Black Shark,582,Estimasi berbasis shipment Xiaomi 2024 dan struktur wilayah IDC
2024-06-23,Asia,Other,16129,Estimasi berbasis shipment Xiaomi 2024 dan struktur wilayah IDC
2024-06-23,Europe,Other,6674,Estimasi berbasis shipment Xiaomi 2024 dan struktur wilayah IDC
2024-06-23,Latin America,Other,2781,Estimasi berbasis shipment Xiaomi 2024 dan struktur wilayah IDC
2024-06-23,Middle East & Africa,Other,2225,Estimasi berbasis shipment Xiaomi 2024 dan struktur wilayah IDC
2024-06-24,Asia,Redmi,172773,Estimasi berbasis shipment Xiaomi 2024 dan struktur wilayah IDC
2024-06-24,Europe,Redmi,71492,Estimasi berbasis shipment Xiaomi 2024 dan struktur wilayah IDC
2024-06-24,Latin America,Redmi,29788,Estimasi berbasis shipment Xiaomi 2024 dan struktur wilayah IDC
2024-06-24,Middle East & Africa,Redmi,23831,Estimasi berbasis shipment Xiaomi 2024 dan struktur wilayah IDC
2024-06-24,Asia,Xiaomi Flagship,20374,Estimasi berbasis shipment Xiaomi 2024 dan struktur wilayah IDC
2024-06-24,Europe,Xiaomi Flagship,8431,Estimasi berbasis shipment Xiaomi 2024 dan struktur wilayah IDC
2024-06-24,Latin America,Xiaomi Flagship,3513,Estimasi berbasis shipment Xiaomi 2024 dan struktur wilayah IDC
2024-06-24,Middle East & Africa,Xiaomi Flagship,2810,Estimasi berbasis shipment Xiaomi 2024 dan struktur wilayah IDC
2024-06-24,Asia,POCO,29067,Estimasi berbasis shipment Xiaomi 2024 dan struktur wilayah IDC
2024-06-24,Europe,POCO,12028,Estimasi berbasis shipment Xiaomi 2024 dan struktur wilayah IDC
2024-06-24,Latin America,POCO,5012,Estimasi berbasis shipment Xiaomi 2024 dan struktur wilayah IDC
2024-06-24,Middle East & Africa,POCO,4009,Estimasi berbasis shipment Xiaomi 2024 dan struktur wilayah IDC
2024-06-24,Asia,Black Shark,4618,Estimasi berbasis shipment Xiaomi 2024 dan struktur wilayah IDC
2024-06-24,Europe,Black Shark,1911,Estimasi berbasis shipment Xiaomi 2024 dan struktur wilayah IDC
2024-06-24,Latin America,Black Shark,796,Estimasi berbasis shipment Xiaomi 2024 dan struktur wilayah IDC
2024-06-24,Middle East & Africa,Black Shark,637,Estimasi berbasis shipment Xiaomi 2024 dan struktur wilayah IDC
2024-06-24,Asia,Other,17658,Estimasi berbasis shipment Xiaomi 2024 dan struktur wilayah IDC
2024-06-24,Europe,Other,7307,Estimasi berbasis shipment Xiaomi 2024 dan struktur wilayah IDC
2024-06-24,Latin America,Other,3044,Estimasi berbasis shipment Xiaomi 2024 dan struktur wilayah IDC
2024-06-24,Middle East & Africa,Other,2436,Estimasi berbasis shipment Xiaomi 2024 dan struktur wilayah IDC
2024-06-25,Asia,Redmi,169530,Estimasi berbasis shipment Xiaomi 2024 dan struktur wilayah IDC
2024-06-25,Europe,Redmi,70150,Estimasi berbasis shipment Xiaomi 2024 dan struktur wilayah IDC
2024-06-25,Latin America,Redmi,29229,Estimasi berbasis shipment Xiaomi 2024 dan struktur wilayah IDC
2024-06-25,Middle East & Africa,Redmi,23383,Estimasi berbasis shipment Xiaomi 2024 dan struktur wilayah IDC
2024-06-25,Asia,Xiaomi Flagship,19992,Estimasi berbasis shipment Xiaomi 2024 dan struktur wilayah IDC
2024-06-25,Europe,Xiaomi Flagship,8272,Estimasi berbasis shipment Xiaomi 2024 dan struktur wilayah IDC
2024-06-25,Latin America,Xiaomi Flagship,3447,Estimasi berbasis shipment Xiaomi 2024 dan struktur wilayah IDC
2024-06-25,Middle East & Africa,Xiaomi Flagship,2757,Estimasi berbasis shipment Xiaomi 2024 dan struktur wilayah IDC
2024-06-25,Asia,POCO,28522,Estimasi berbasis shipment Xiaomi 2024 dan struktur wilayah IDC
2024-06-25,Europe,POCO,11802,Estimasi berbasis shipment Xiaomi 2024 dan struktur wilayah IDC
2024-06-25,Latin America,POCO,4918,Estimasi berbasis shipment Xiaomi 2024 dan struktur wilayah IDC
2024-06-25,Middle East & Africa,POCO,3934,Estimasi berbasis shipment Xiaomi 2024 dan struktur wilayah IDC
2024-06-25,Asia,Black Shark,4531,Estimasi berbasis shipment Xiaomi 2024 dan struktur wilayah IDC
2024-06-25,Europe,Black Shark,1875,Estimasi berbasis shipment Xiaomi 2024 dan struktur wilayah IDC
2024-06-25,Latin America,Black Shark,781,Estimasi berbasis shipment Xiaomi 2024 dan struktur wilayah IDC
2024-06-25,Middle East & Africa,Black Shark,625,Estimasi berbasis shipment Xiaomi 2024 dan struktur wilayah IDC
2024-06-25,Asia,Other,17326,Estimasi berbasis shipment Xiaomi 2024 dan struktur wilayah IDC
2024-06-25,Europe,Other,7169,Estimasi berbasis shipment Xiaomi 2024 dan struktur wilayah IDC
2024-06-25,Latin America,Other,2987,Estimasi berbasis shipment Xiaomi 2024 dan struktur wilayah IDC
2024-06-25,Middle East & Africa,Other,2390,Estimasi berbasis shipment Xiaomi 2024 dan struktur wilayah IDC
2024-06-26,Asia,Redmi,156081,Estimasi berbasis shipment Xiaomi 2024 dan struktur wilayah IDC
2024-06-26,Europe,Redmi,64585,Estimasi berbasis shipment Xiaomi 2024 dan struktur wilayah IDC
2024-06-26,Latin America,Redmi,26911,Estimasi berbasis shipment Xiaomi 2024 dan struktur wilayah IDC
2024-06-26,Middle East & Africa,Redmi,21528,Estimasi berbasis shipment Xiaomi 2024 dan struktur wilayah IDC
2024-06-26,Asia,Xiaomi Flagship,18406,Estimasi berbasis shipment Xiaomi 2024 dan struktur wilayah IDC
2024-06-26,Europe,Xiaomi Flagship,7616,Estimasi berbasis shipment Xiaomi 2024 dan struktur wilayah IDC
2024-06-26,Latin America,Xiaomi Flagship,3173,Estimasi berbasis shipment Xiaomi 2024 dan struktur wilayah IDC
2024-06-26,Middle East & Africa,Xiaomi Flagship,2539,Estimasi berbasis shipment Xiaomi 2024 dan struktur wilayah IDC
2024-06-26,Asia,POCO,26259,Estimasi berbasis shipment Xiaomi 2024 dan struktur wilayah IDC
2024-06-26,Europe,POCO,10866,Estimasi berbasis shipment Xiaomi 2024 dan struktur wilayah IDC
2024-06-26,Latin America,POCO,4527,Estimasi berbasis shipment Xiaomi 2024 dan struktur wilayah IDC
2024-06-26,Middle East & Africa,POCO,3622,Estimasi berbasis shipment Xiaomi 2024 dan struktur wilayah IDC
2024-06-26,Asia,Black Shark,4172,Estimasi berbasis shipment Xiaomi 2024 dan struktur wilayah IDC
2024-06-26,Europe,Black Shark,1726,Estimasi berbasis shipment Xiaomi 2024 dan struktur wilayah IDC
2024-06-26,Latin America,Black Shark,719,Estimasi berbasis shipment Xiaomi 2024 dan struktur wilayah IDC
2024-06-26,Middle East & Africa,Black Shark,575,Estimasi berbasis shipment Xiaomi 2024 dan struktur wilayah IDC
2024-06-26,Asia,Other,15952,Estimasi berbasis shipment Xiaomi 2024 dan struktur wilayah IDC
2024-06-26,Europe,Other,6601,Estimasi berbasis shipment Xiaomi 2024 dan struktur wilayah IDC
2024-06-26,Latin America,Other,2750,Estimasi berbasis shipment Xiaomi 2024 dan struktur wilayah IDC
2024-06-26,Middle East & Africa,Other,2200,Estimasi berbasis shipment Xiaomi 2024 dan struktur wilayah IDC
2024-06-27,Asia,Redmi,158456,Estimasi berbasis shipment Xiaomi 2024 dan struktur wilayah IDC
2024-06-27,Europe,Redmi,65568,Estimasi berbasis shipment Xiaomi 2024 dan struktur wilayah IDC
2024-06-27,Latin America,Redmi,27320,Estimasi berbasis shipment Xiaomi 2024 dan struktur wilayah IDC
2024-06-27,Middle East & Africa,Redmi,21856,Estimasi berbasis shipment Xiaomi 2024 dan struktur wilayah IDC
2024-06-27,Asia,Xiaomi Flagship,18686,Estimasi berbasis shipment Xiaomi 2024 dan struktur wilayah IDC
2024-06-27,Europe,Xiaomi Flagship,7732,Estimasi berbasis shipment Xiaomi 2024 dan struktur wilayah IDC
2024-06-27,Latin America,Xiaomi Flagship,3222,Estimasi berbasis shipment Xiaomi 2024 dan struktur wilayah IDC
2024-06-27,Middle East & Africa,Xiaomi Flagship,2577,Estimasi berbasis shipment Xiaomi 2024 dan struktur wilayah IDC
2024-06-27,Asia,POCO,26659,Estimasi berbasis shipment Xiaomi 2024 dan struktur wilayah IDC
2024-06-27,Europe,POCO,11031,Estimasi berbasis shipment Xiaomi 2024 dan struktur wilayah IDC
2024-06-27,Latin America,POCO,4596,Estimasi berbasis shipment Xiaomi 2024 dan struktur wilayah IDC
2024-06-27,Middle East & Africa,POCO,3677,Estimasi berbasis shipment Xiaomi 2024 dan struktur wilayah IDC
2024-06-27,Asia,Black Shark,4235,Estimasi berbasis shipment Xiaomi 2024 dan struktur wilayah IDC
2024-06-27,Europe,Black Shark,1753,Estimasi berbasis shipment Xiaomi 2024 dan struktur wilayah IDC
2024-06-27,Latin America,Black Shark,730,Estimasi berbasis shipment Xiaomi 2024 dan struktur wilayah IDC
2024-06-27,Middle East & Africa,Black Shark,584,Estimasi berbasis shipment Xiaomi 2024 dan struktur wilayah IDC
2024-06-27,Asia,Other,16194,Estimasi berbasis shipment Xiaomi 2024 dan struktur wilayah IDC
2024-06-27,Europe,Other,6701,Estimasi berbasis shipment Xiaomi 2024 dan struktur wilayah IDC
2024-06-27,Latin America,Other,2792,Estimasi berbasis shipment Xiaomi 2024 dan struktur wilayah IDC
2024-06-27,Middle East & Africa,Other,2234,Estimasi berbasis shipment Xiaomi 2024 dan struktur wilayah IDC
2024-06-28,Asia,Redmi,183775,Estimasi berbasis shipment Xiaomi 2024 dan struktur wilayah IDC
2024-06-28,Europe,Redmi,76045,Estimasi berbasis shipment Xiaomi 2024 dan struktur wilayah IDC
2024-06-28,Latin America,Redmi,31685,Estimasi berbasis shipment Xiaomi 2024 dan struktur wilayah IDC
2024-06-28,Middle East & Africa,Redmi,25348,Estimasi berbasis shipment Xiaomi 2024 dan struktur wilayah IDC
2024-06-28,Asia,Xiaomi Flagship,21672,Estimasi berbasis shipment Xiaomi 2024 dan struktur wilayah IDC
2024-06-28,Europe,Xiaomi Flagship,8968,Estimasi berbasis shipment Xiaomi 2024 dan struktur wilayah IDC
2024-06-28,Latin America,Xiaomi Flagship,3736,Estimasi berbasis shipment Xiaomi 2024 dan struktur wilayah IDC
2024-06-28,Middle East & Africa,Xiaomi Flagship,2989,Estimasi berbasis shipment Xiaomi 2024 dan struktur wilayah IDC
2024-06-28,Asia,POCO,30918,Estimasi berbasis shipment Xiaomi 2024 dan struktur wilayah IDC
2024-06-28,Europe,POCO,12794,Estimasi berbasis shipment Xiaomi 2024 dan struktur wilayah IDC
2024-06-28,Latin America,POCO,5331,Estimasi berbasis shipment Xiaomi 2024 dan struktur wilayah IDC
2024-06-28,Middle East & Africa,POCO,4265,Estimasi berbasis shipment Xiaomi 2024 dan struktur wilayah IDC
2024-06-28,Asia,Black Shark,4912,Estimasi berbasis shipment Xiaomi 2024 dan struktur wilayah IDC
2024-06-28,Europe,Black Shark,2033,Estimasi berbasis shipment Xiaomi 2024 dan struktur wilayah IDC
2024-06-28,Latin America,Black Shark,847,Estimasi berbasis shipment Xiaomi 2024 dan struktur wilayah IDC
2024-06-28,Middle East & Africa,Black Shark,678,Estimasi berbasis shipment Xiaomi 2024 dan struktur wilayah IDC
2024-06-28,Asia,Other,18782,Estimasi berbasis shipment Xiaomi 2024 dan struktur wilayah IDC
2024-06-28,Europe,Other,7772,Estimasi berbasis shipment Xiaomi 2024 dan struktur wilayah IDC
2024-06-28,Latin America,Other,3238,Estimasi berbasis shipment Xiaomi 2024 dan struktur wilayah IDC
2024-06-28,Middle East & Africa,Other,2591,Estimasi berbasis shipment Xiaomi 2024 dan struktur wilayah IDC
2024-06-29,Asia,Redmi,187051,Estimasi berbasis shipment Xiaomi 2024 dan struktur wilayah IDC
2024-06-29,Europe,Redmi,77400,Estimasi berbasis shipment Xiaomi 2024 dan struktur wilayah IDC
2024-06-29,Latin America,Redmi,32250,Estimasi berbasis shipment Xiaomi 2024 dan struktur wilayah IDC
2024-06-29,Middle East & Africa,Redmi,25800,Estimasi berbasis shipment Xiaomi 2024 dan struktur wilayah IDC
2024-06-29,Asia,Xiaomi Flagship,22058,Estimasi berbasis shipment Xiaomi 2024 dan struktur wilayah IDC
2024-06-29,Europe,Xiaomi Flagship,9127,Estimasi berbasis shipment Xiaomi 2024 dan struktur wilayah IDC
2024-06-29,Latin America,Xiaomi Flagship,3803,Estimasi berbasis shipment Xiaomi 2024 dan struktur wilayah IDC
2024-06-29,Middle East & Africa,Xiaomi Flagship,3042,Estimasi berbasis shipment Xiaomi 2024 dan struktur wilayah IDC
2024-06-29,Asia,POCO,31469,Estimasi berbasis shipment Xiaomi 2024 dan struktur wilayah IDC
2024-06-29,Europe,POCO,13022,Estimasi berbasis shipment Xiaomi 2024 dan struktur wilayah IDC
2024-06-29,Latin America,POCO,5426,Estimasi berbasis shipment Xiaomi 2024 dan struktur wilayah IDC
2024-06-29,Middle East & Africa,POCO,4341,Estimasi berbasis shipment Xiaomi 2024 dan struktur wilayah IDC
2024-06-29,Asia,Black Shark,5000,Estimasi berbasis shipment Xiaomi 2024 dan struktur wilayah IDC
2024-06-29,Europe,Black Shark,2069,Estimasi berbasis shipment Xiaomi 2024 dan struktur wilayah IDC
2024-06-29,Latin America,Black Shark,862,Estimasi berbasis shipment Xiaomi 2024 dan struktur wilayah IDC
2024-06-29,Middle East & Africa,Black Shark,690,Estimasi berbasis shipment Xiaomi 2024 dan struktur wilayah IDC
2024-06-29,Asia,Other,19117,Estimasi berbasis shipment Xiaomi 2024 dan struktur wilayah IDC
2024-06-29,Europe,Other,7910,Estimasi berbasis shipment Xiaomi 2024 dan struktur wilayah IDC
2024-06-29,Latin America,Other,3296,Estimasi berbasis shipment Xiaomi 2024 dan struktur wilayah IDC
2024-06-29,Middle East & Africa,Other,2637,Estimasi berbasis shipment Xiaomi 2024 dan struktur wilayah IDC
2024-06-30,Asia,Redmi,162049,Estimasi berbasis shipment Xiaomi 2024 dan struktur wilayah IDC
2024-06-30,Europe,Redmi,67055,Estimasi berbasis shipment Xiaomi 2024 dan struktur wilayah IDC
2024-06-30,Latin America,Redmi,27940,Estimasi berbasis shipment Xiaomi 2024 dan struktur wilayah IDC
2024-06-30,Middle East & Africa,Redmi,22352,Estimasi berbasis shipment Xiaomi 2024 dan struktur wilayah IDC
2024-06-30,Asia,Xiaomi Flagship,19110,Estimasi berbasis shipment Xiaomi 2024 dan struktur wilayah IDC
2024-06-30,Europe,Xiaomi Flagship,7907,Estimasi berbasis shipment Xiaomi 2024 dan struktur wilayah IDC
2024-06-30,Latin America,Xiaomi Flagship,3295,Estimasi berbasis shipment Xiaomi 2024 dan struktur wilayah IDC
2024-06-30,Middle East & Africa,Xiaomi Flagship,2636,Estimasi berbasis shipment Xiaomi 2024 dan struktur wilayah IDC
2024-06-30,Asia,POCO,27263,Estimasi berbasis shipment Xiaomi 2024 dan struktur wilayah IDC
2024-06-30,Europe,POCO,11281,Estimasi berbasis shipment Xiaomi 2024 dan struktur wilayah IDC
2024-06-30,Latin America,POCO,4701,Estimasi berbasis shipment Xiaomi 2024 dan struktur wilayah IDC
2024-06-30,Middle East & Africa,POCO,3760,Estimasi berbasis shipment Xiaomi 2024 dan struktur wilayah IDC
2024-06-30,Asia,Black Shark,4332,Estimasi berbasis shipment Xiaomi 2024 dan struktur wilayah IDC
2024-06-30,Europe,Black Shark,1792,Estimasi berbasis shipment Xiaomi 2024 dan struktur wilayah IDC
2024-06-30,Latin America,Black Shark,747,Estimasi berbasis shipment Xiaomi 2024 dan struktur wilayah IDC
2024-06-30,Middle East & Africa,Black Shark,597,Estimasi berbasis shipment Xiaomi 2024 dan struktur wilayah IDC
2024-06-30,Asia,Other,16562,Estimasi berbasis shipment Xiaomi 2024 dan struktur wilayah IDC
2024-06-30,Europe,Other,6853,Estimasi berbasis shipment Xiaomi 2024 dan struktur wilayah IDC
2024-06-30,Latin America,Other,2855,Estimasi berbasis shipment Xiaomi 2024 dan struktur wilayah IDC
2024-06-30,Middle East & Africa,Other,2284,Estimasi berbasis shipment Xiaomi 2024 dan struktur wilayah IDC
2024-07-01,Asia,Redmi,161703,Estimasi berbasis shipment Xiaomi 2024 dan struktur wilayah IDC
2024-07-01,Europe,Redmi,66912,Estimasi berbasis shipment Xiaomi 2024 dan struktur wilayah IDC
2024-07-01,Latin America,Redmi,27880,Estimasi berbasis shipment Xiaomi 2024 dan struktur wilayah IDC
2024-07-01,Middle East & Africa,Redmi,22304,Estimasi berbasis shipment Xiaomi 2024 dan struktur wilayah IDC
2024-07-01,Asia,Xiaomi Flagship,19069,Estimasi berbasis shipment Xiaomi 2024 dan struktur wilayah IDC
2024-07-01,Europe,Xiaomi Flagship,7891,Estimasi berbasis shipment Xiaomi 2024 dan struktur wilayah IDC
2024-07-01,Latin America,Xiaomi Flagship,3288,Estimasi berbasis shipment Xiaomi 2024 dan struktur wilayah IDC
2024-07-01,Middle East & Africa,Xiaomi Flagship,2630,Estimasi berbasis shipment Xiaomi 2024 dan struktur wilayah IDC
2024-07-01,Asia,POCO,27205,Estimasi berbasis shipment Xiaomi 2024 dan struktur wilayah IDC
2024-07-01,Europe,POCO,11257,Estimasi berbasis shipment Xiaomi 2024 dan struktur wilayah IDC
2024-07-01,Latin America,POCO,4690,Estimasi berbasis shipment Xiaomi 2024 dan struktur wilayah IDC
2024-07-01,Middle East & Africa,POCO,3752,Estimasi berbasis shipment Xiaomi 2024 dan struktur wilayah IDC
2024-07-01,Asia,Black Shark,4322,Estimasi berbasis shipment Xiaomi 2024 dan struktur wilayah IDC
2024-07-01,Europe,Black Shark,1789,Estimasi berbasis shipment Xiaomi 2024 dan struktur wilayah IDC
2024-07-01,Latin America,Black Shark,745,Estimasi berbasis shipment Xiaomi 2024 dan struktur wilayah IDC
2024-07-01,Middle East & Africa,Black Shark,596,Estimasi berbasis shipment Xiaomi 2024 dan struktur wilayah IDC
2024-07-01,Asia,Other,16526,Estimasi berbasis shipment Xiaomi 2024 dan struktur wilayah IDC
2024-07-01,Europe,Other,6838,Estimasi berbasis shipment Xiaomi 2024 dan struktur wilayah IDC
2024-07-01,Latin America,Other,2849,Estimasi berbasis shipment Xiaomi 2024 dan struktur wilayah IDC
2024-07-01,Middle East & Africa,Other,2279,Estimasi berbasis shipment Xiaomi 2024 dan struktur wilayah IDC
2024-07-02,Asia,Redmi,162425,Estimasi berbasis shipment Xiaomi 2024 dan struktur wilayah IDC
2024-07-02,Europe,Redmi,67210,Estimasi berbasis shipment Xiaomi 2024 dan struktur wilayah IDC
2024-07-02,Latin America,Redmi,28004,Estimasi berbasis shipment Xiaomi 2024 dan struktur wilayah IDC
2024-07-02,Middle East & Africa,Redmi,22403,Estimasi berbasis shipment Xiaomi 2024 dan struktur wilayah IDC
2024-07-02,Asia,Xiaomi Flagship,19154,Estimasi berbasis shipment Xiaomi 2024 dan struktur wilayah IDC
2024-07-02,Europe,Xiaomi Flagship,7926,Estimasi berbasis shipment Xiaomi 2024 dan struktur wilayah IDC
2024-07-02,Latin America,Xiaomi Flagship,3302,Estimasi berbasis shipment Xiaomi 2024 dan struktur wilayah IDC
2024-07-02,Middle East & Africa,Xiaomi Flagship,2642,Estimasi berbasis shipment Xiaomi 2024 dan struktur wilayah IDC
2024-07-02,Asia,POCO,27326,Estimasi berbasis shipment Xiaomi 2024 dan struktur wilayah IDC
2024-07-02,Europe,POCO,11307,Estimasi berbasis shipment Xiaomi 2024 dan struktur wilayah IDC
2024-07-02,Latin America,POCO,4711,Estimasi berbasis shipment Xiaomi 2024 dan struktur wilayah IDC
2024-07-02,Middle East & Africa,POCO,3769,Estimasi berbasis shipment Xiaomi 2024 dan struktur wilayah IDC
2024-07-02,Asia,Black Shark,4342,Estimasi berbasis shipment Xiaomi 2024 dan struktur wilayah IDC
2024-07-02,Europe,Black Shark,1797,Estimasi berbasis shipment Xiaomi 2024 dan struktur wilayah IDC
2024-07-02,Latin America,Black Shark,749,Estimasi berbasis shipment Xiaomi 2024 dan struktur wilayah IDC
2024-07-02,Middle East & Africa,Black Shark,599,Estimasi berbasis shipment Xiaomi 2024 dan struktur wilayah IDC
2024-07-02,Asia,Other,16600,Estimasi berbasis shipment Xiaomi 2024 dan struktur wilayah IDC
2024-07-02,Europe,Other,6869,Estimasi berbasis shipment Xiaomi 2024 dan struktur wilayah IDC
2024-07-02,Latin America,Other,2862,Estimasi berbasis shipment Xiaomi 2024 dan struktur wilayah IDC
2024-07-02,Middle East & Africa,Other,2290,Estimasi berbasis shipment Xiaomi 2024 dan struktur wilayah IDC
2024-07-03,Asia,Redmi,165352,Estimasi berbasis shipment Xiaomi 2024 dan struktur wilayah IDC
2024-07-03,Europe,Redmi,68422,Estimasi berbasis shipment Xiaomi 2024 dan struktur wilayah IDC
2024-07-03,Latin America,Redmi,28509,Estimasi berbasis shipment Xiaomi 2024 dan struktur wilayah IDC
2024-07-03,Middle East & Africa,Redmi,22807,Estimasi berbasis shipment Xiaomi 2024 dan struktur wilayah IDC
2024-07-03,Asia,Xiaomi Flagship,19499,Estimasi berbasis shipment Xiaomi 2024 dan struktur wilayah IDC
2024-07-03,Europe,Xiaomi Flagship,8069,Estimasi berbasis shipment Xiaomi 2024 dan struktur wilayah IDC
2024-07-03,Latin America,Xiaomi Flagship,3362,Estimasi berbasis shipment Xiaomi 2024 dan struktur wilayah IDC
2024-07-03,Middle East & Africa,Xiaomi Flagship,2690,Estimasi berbasis shipment Xiaomi 2024 dan struktur wilayah IDC
2024-07-03,Asia,POCO,27819,Estimasi berbasis shipment Xiaomi 2024 dan struktur wilayah IDC
2024-07-03,Europe,POCO,11511,Estimasi berbasis shipment Xiaomi 2024 dan struktur wilayah IDC
2024-07-03,Latin America,POCO,4796,Estimasi berbasis shipment Xiaomi 2024 dan struktur wilayah IDC
2024-07-03,Middle East & Africa,POCO,3837,Estimasi berbasis shipment Xiaomi 2024 dan struktur wilayah IDC
2024-07-03,Asia,Black Shark,4420,Estimasi berbasis shipment Xiaomi 2024 dan struktur wilayah IDC
2024-07-03,Europe,Black Shark,1829,Estimasi berbasis shipment Xiaomi 2024 dan struktur wilayah IDC
2024-07-03,Latin America,Black Shark,762,Estimasi berbasis shipment Xiaomi 2024 dan struktur wilayah IDC
2024-07-03,Middle East & Africa,Black Shark,610,Estimasi berbasis shipment Xiaomi 2024 dan struktur wilayah IDC
2024-07-03,Asia,Other,16899,Estimasi berbasis shipment Xiaomi 2024 dan struktur wilayah IDC
2024-07-03,Europe,Other,6993,Estimasi berbasis shipment Xiaomi 2024 dan struktur wilayah IDC
2024-07-03,Latin America,Other,2914,Estimasi berbasis shipment Xiaomi 2024 dan struktur wilayah IDC
2024-07-03,Middle East & Africa,Other,2331,Estimasi berbasis shipment Xiaomi 2024 dan struktur wilayah IDC
2024-07-04,Asia,Redmi,167015,Estimasi berbasis shipment Xiaomi 2024 dan struktur wilayah IDC
2024-07-04,Europe,Redmi,69110,Estimasi berbasis shipment Xiaomi 2024 dan struktur wilayah IDC
2024-07-04,Latin America,Redmi,28796,Estimasi berbasis shipment Xiaomi 2024 dan struktur wilayah IDC
2024-07-04,Middle East & Africa,Redmi,23037,Estimasi berbasis shipment Xiaomi 2024 dan struktur wilayah IDC
2024-07-04,Asia,Xiaomi Flagship,19695,Estimasi berbasis shipment Xiaomi 2024 dan struktur wilayah IDC
2024-07-04,Europe,Xiaomi Flagship,8150,Estimasi berbasis shipment Xiaomi 2024 dan struktur wilayah IDC
2024-07-04,Latin America,Xiaomi Flagship,3396,Estimasi berbasis shipment Xiaomi 2024 dan struktur wilayah IDC
2024-07-04,Middle East & Africa,Xiaomi Flagship,2717,Estimasi berbasis shipment Xiaomi 2024 dan struktur wilayah IDC
2024-07-04,Asia,POCO,28098,Estimasi berbasis shipment Xiaomi 2024 dan struktur wilayah IDC
2024-07-04,Europe,POCO,11627,Estimasi berbasis shipment Xiaomi 2024 dan struktur wilayah IDC
2024-07-04,Latin America,POCO,4845,Estimasi berbasis shipment Xiaomi 2024 dan struktur wilayah IDC
2024-07-04,Middle East & Africa,POCO,3876,Estimasi berbasis shipment Xiaomi 2024 dan struktur wilayah IDC
2024-07-04,Asia,Black Shark,4464,Estimasi berbasis shipment Xiaomi 2024 dan struktur wilayah IDC
2024-07-04,Europe,Black Shark,1847,Estimasi berbasis shipment Xiaomi 2024 dan struktur wilayah IDC
2024-07-04,Latin America,Black Shark,770,Estimasi berbasis shipment Xiaomi 2024 dan struktur wilayah IDC
2024-07-04,Middle East & Africa,Black Shark,616,Estimasi berbasis shipment Xiaomi 2024 dan struktur wilayah IDC
2024-07-04,Asia,Other,17069,Estimasi berbasis shipment Xiaomi 2024 dan struktur wilayah IDC
2024-07-04,Europe,Other,7063,Estimasi berbasis shipment Xiaomi 2024 dan struktur wilayah IDC
2024-07-04,Latin America,Other,2943,Estimasi berbasis shipment Xiaomi 2024 dan struktur wilayah IDC
2024-07-04,Middle East & Africa,Other,2354,Estimasi berbasis shipment Xiaomi 2024 dan struktur wilayah IDC
2024-07-05,Asia,Redmi,162472,Estimasi berbasis shipment Xiaomi 2024 dan struktur wilayah IDC
2024-07-05,Europe,Redmi,67230,Estimasi berbasis shipment Xiaomi 2024 dan struktur wilayah IDC
2024-07-05,Latin America,Redmi,28012,Estimasi berbasis shipment Xiaomi 2024 dan struktur wilayah IDC
2024-07-05,Middle East & Africa,Redmi,22410,Estimasi berbasis shipment Xiaomi 2024 dan struktur wilayah IDC
2024-07-05,Asia,Xiaomi Flagship,19159,Estimasi berbasis shipment Xiaomi 2024 dan struktur wilayah IDC
2024-07-05,Europe,Xiaomi Flagship,7928,Estimasi berbasis shipment Xiaomi 2024 dan struktur wilayah IDC
2024-07-05,Latin America,Xiaomi Flagship,3303,Estimasi berbasis shipment Xiaomi 2024 dan struktur wilayah IDC
2024-07-05,Middle East & Africa,Xiaomi Flagship,2643,Estimasi berbasis shipment Xiaomi 2024 dan struktur wilayah IDC
2024-07-05,Asia,POCO,27334,Estimasi berbasis shipment Xiaomi 2024 dan struktur wilayah IDC
2024-07-05,Europe,POCO,11311,Estimasi berbasis shipment Xiaomi 2024 dan struktur wilayah IDC
2024-07-05,Latin America,POCO,4713,Estimasi berbasis shipment Xiaomi 2024 dan struktur wilayah IDC
2024-07-05,Middle East & Africa,POCO,3770,Estimasi berbasis shipment Xiaomi 2024 dan struktur wilayah IDC
2024-07-05,Asia,Black Shark,4343,Estimasi berbasis shipment Xiaomi 2024 dan struktur wilayah IDC
2024-07-05,Europe,Black Shark,1797,Estimasi berbasis shipment Xiaomi 2024 dan struktur wilayah IDC
2024-07-05,Latin America,Black Shark,749,Estimasi berbasis shipment Xiaomi 2024 dan struktur wilayah IDC
2024-07-05,Middle East & Africa,Black Shark,599,Estimasi berbasis shipment Xiaomi 2024 dan struktur wilayah IDC
2024-07-05,Asia,Other,16605,Estimasi berbasis shipment Xiaomi 2024 dan struktur wilayah IDC
2024-07-05,Europe,Other,6871,Estimasi berbasis shipment Xiaomi 2024 dan struktur wilayah IDC
2024-07-05,Latin America,Other,2863,Estimasi berbasis shipment Xiaomi 2024 dan struktur wilayah IDC
2024-07-05,Middle East & Africa,Other,2290,Estimasi berbasis shipment Xiaomi 2024 dan struktur wilayah IDC
2024-07-06,Asia,Redmi,169614,Estimasi berbasis shipment Xiaomi 2024 dan struktur wilayah IDC
2024-07-06,Europe,Redmi,70185,Estimasi berbasis shipment Xiaomi 2024 dan struktur wilayah IDC
2024-07-06,Latin America,Redmi,29244,Estimasi berbasis shipment Xiaomi 2024 dan struktur wilayah IDC
2024-07-06,Middle East & Africa,Redmi,23395,Estimasi berbasis shipment Xiaomi 2024 dan struktur wilayah IDC
2024-07-06,Asia,Xiaomi Flagship,20002,Estimasi berbasis shipment Xiaomi 2024 dan struktur wilayah IDC
2024-07-06,Europe,Xiaomi Flagship,8277,Estimasi berbasis shipment Xiaomi 2024 dan struktur wilayah IDC
2024-07-06,Latin America,Xiaomi Flagship,3449,Estimasi berbasis shipment Xiaomi 2024 dan struktur wilayah IDC
2024-07-06,Middle East & Africa,Xiaomi Flagship,2759,Estimasi berbasis shipment Xiaomi 2024 dan struktur wilayah IDC
2024-07-06,Asia,POCO,28536,Estimasi berbasis shipment Xiaomi 2024 dan struktur wilayah IDC
2024-07-06,Europe,POCO,11808,Estimasi berbasis shipment Xiaomi 2024 dan struktur wilayah IDC
2024-07-06,Latin America,POCO,4920,Estimasi berbasis shipment Xiaomi 2024 dan struktur wilayah IDC
2024-07-06,Middle East & Africa,POCO,3936,Estimasi berbasis shipment Xiaomi 2024 dan struktur wilayah IDC
2024-07-06,Asia,Black Shark,4534,Estimasi berbasis shipment Xiaomi 2024 dan struktur wilayah IDC
2024-07-06,Europe,Black Shark,1876,Estimasi berbasis shipment Xiaomi 2024 dan struktur wilayah IDC
2024-07-06,Latin America,Black Shark,782,Estimasi berbasis shipment Xiaomi 2024 dan struktur wilayah IDC
2024-07-06,Middle East & Africa,Black Shark,625,Estimasi berbasis shipment Xiaomi 2024 dan struktur wilayah IDC
2024-07-06,Asia,Other,17335,Estimasi berbasis shipment Xiaomi 2024 dan struktur wilayah IDC
2024-07-06,Europe,Other,7173,Estimasi berbasis shipment Xiaomi 2024 dan struktur wilayah IDC
2024-07-06,Latin America,Other,2989,Estimasi berbasis shipment Xiaomi 2024 dan struktur wilayah IDC
2024-07-06,Middle East & Africa,Other,2391,Estimasi berbasis shipment Xiaomi 2024 dan struktur wilayah IDC
2024-07-07,Asia,Redmi,163396,Estimasi berbasis shipment Xiaomi 2024 dan struktur wilayah IDC
2024-07-07,Europe,Redmi,67612,Estimasi berbasis shipment Xiaomi 2024 dan struktur wilayah IDC
2024-07-07,Latin America,Redmi,28172,Estimasi berbasis shipment Xiaomi 2024 dan struktur wilayah IDC
2024-07-07,Middle East & Africa,Redmi,22537,Estimasi berbasis shipment Xiaomi 2024 dan struktur wilayah IDC
2024-07-07,Asia,Xiaomi Flagship,19268,Estimasi berbasis shipment Xiaomi 2024 dan struktur wilayah IDC
2024-07-07,Europe,Xiaomi Flagship,7973,Estimasi berbasis shipment Xiaomi 2024 dan struktur wilayah IDC
2024-07-07,Latin America,Xiaomi Flagship,3322,Estimasi berbasis shipment Xiaomi 2024 dan struktur wilayah IDC
2024-07-07,Middle East & Africa,Xiaomi Flagship,2658,Estimasi berbasis shipment Xiaomi 2024 dan struktur wilayah IDC
2024-07-07,Asia,POCO,27490,Estimasi berbasis shipment Xiaomi 2024 dan struktur wilayah IDC
2024-07-07,Europe,POCO,11375,Estimasi berbasis shipment Xiaomi 2024 dan struktur wilayah IDC
2024-07-07,Latin America,POCO,4740,Estimasi berbasis shipment Xiaomi 2024 dan struktur wilayah IDC
2024-07-07,Middle East & Africa,POCO,3792,Estimasi berbasis shipment Xiaomi 2024 dan struktur wilayah IDC
2024-07-07,Asia,Black Shark,4368,Estimasi berbasis shipment Xiaomi 2024 dan struktur wilayah IDC
2024-07-07,Europe,Black Shark,1807,Estimasi berbasis shipment Xiaomi 2024 dan struktur wilayah IDC
2024-07-07,Latin America,Black Shark,753,Estimasi berbasis shipment Xiaomi 2024 dan struktur wilayah IDC
2024-07-07,Middle East & Africa,Black Shark,602,Estimasi berbasis shipment Xiaomi 2024 dan struktur wilayah IDC
2024-07-07,Asia,Other,16699,Estimasi berbasis shipment Xiaomi 2024 dan struktur wilayah IDC
2024-07-07,Europe,Other,6910,Estimasi berbasis shipment Xiaomi 2024 dan struktur wilayah IDC
2024-07-07,Latin America,Other,2879,Estimasi berbasis shipment Xiaomi 2024 dan struktur wilayah IDC
2024-07-07,Middle East & Africa,Other,2303,Estimasi berbasis shipment Xiaomi 2024 dan struktur wilayah IDC
2024-07-08,Asia,Redmi,154983,Estimasi berbasis shipment Xiaomi 2024 dan struktur wilayah IDC
2024-07-08,Europe,Redmi,64131,Estimasi berbasis shipment Xiaomi 2024 dan struktur wilayah IDC
2024-07-08,Latin America,Redmi,26721,Estimasi berbasis shipment Xiaomi 2024 dan struktur wilayah IDC
2024-07-08,Middle East & Africa,Redmi,21377,Estimasi berbasis shipment Xiaomi 2024 dan struktur wilayah IDC
2024-07-08,Asia,Xiaomi Flagship,18276,Estimasi berbasis shipment Xiaomi 2024 dan struktur wilayah IDC
2024-07-08,Europe,Xiaomi Flagship,7563,Estimasi berbasis shipment Xiaomi 2024 dan struktur wilayah IDC
2024-07-08,Latin America,Xiaomi Flagship,3151,Estimasi berbasis shipment Xiaomi 2024 dan struktur wilayah IDC
2024-07-08,Middle East & Africa,Xiaomi Flagship,2521,Estimasi berbasis shipment Xiaomi 2024 dan struktur wilayah IDC
2024-07-08,Asia,POCO,26074,Estimasi berbasis shipment Xiaomi 2024 dan struktur wilayah IDC
2024-07-08,Europe,POCO,10789,Estimasi berbasis shipment Xiaomi 2024 dan struktur wilayah IDC
2024-07-08,Latin America,POCO,4496,Estimasi berbasis shipment Xiaomi 2024 dan struktur wilayah IDC
2024-07-08,Middle East & Africa,POCO,3596,Estimasi berbasis shipment Xiaomi 2024 dan struktur wilayah IDC
2024-07-08,Asia,Black Shark,4143,Estimasi berbasis shipment Xiaomi 2024 dan struktur wilayah IDC
2024-07-08,Europe,Black Shark,1714,Estimasi berbasis shipment Xiaomi 2024 dan struktur wilayah IDC
2024-07-08,Latin America,Black Shark,714,Estimasi berbasis shipment Xiaomi 2024 dan struktur wilayah IDC
2024-07-08,Middle East & Africa,Black Shark,571,Estimasi berbasis shipment Xiaomi 2024 dan struktur wilayah IDC
2024-07-08,Asia,Other,15839,Estimasi berbasis shipment Xiaomi 2024 dan struktur wilayah IDC
2024-07-08,Europe,Other,6554,Estimasi berbasis shipment Xiaomi 2024 dan struktur wilayah IDC
2024-07-08,Latin America,Other,2731,Estimasi berbasis shipment Xiaomi 2024 dan struktur wilayah IDC
2024-07-08,Middle East & Africa,Other,2185,Estimasi berbasis shipment Xiaomi 2024 dan struktur wilayah IDC
2024-07-09,Asia,Redmi,173301,Estimasi berbasis shipment Xiaomi 2024 dan struktur wilayah IDC
2024-07-09,Europe,Redmi,71711,Estimasi berbasis shipment Xiaomi 2024 dan struktur wilayah IDC
2024-07-09,Latin America,Redmi,29879,Estimasi berbasis shipment Xiaomi 2024 dan struktur wilayah IDC
2024-07-09,Middle East & Africa,Redmi,23904,Estimasi berbasis shipment Xiaomi 2024 dan struktur wilayah IDC
2024-07-09,Asia,Xiaomi Flagship,20436,Estimasi berbasis shipment Xiaomi 2024 dan struktur wilayah IDC
2024-07-09,Europe,Xiaomi Flagship,8456,Estimasi berbasis shipment Xiaomi 2024 dan struktur wilayah IDC
2024-07-09,Latin America,Xiaomi Flagship,3524,Estimasi berbasis shipment Xiaomi 2024 dan struktur wilayah IDC
2024-07-09,Middle East & Africa,Xiaomi Flagship,2819,Estimasi berbasis shipment Xiaomi 2024 dan struktur wilayah IDC
2024-07-09,Asia,POCO,29156,Estimasi berbasis shipment Xiaomi 2024 dan struktur wilayah IDC
2024-07-09,Europe,POCO,12065,Estimasi berbasis shipment Xiaomi 2024 dan struktur wilayah IDC
2024-07-09,Latin America,POCO,5027,Estimasi berbasis shipment Xiaomi 2024 dan struktur wilayah IDC
2024-07-09,Middle East & Africa,POCO,4022,Estimasi berbasis shipment Xiaomi 2024 dan struktur wilayah IDC
2024-07-09,Asia,Black Shark,4632,Estimasi berbasis shipment Xiaomi 2024 dan struktur wilayah IDC
2024-07-09,Europe,Black Shark,1917,Estimasi berbasis shipment Xiaomi 2024 dan struktur wilayah IDC
2024-07-09,Latin America,Black Shark,799,Estimasi berbasis shipment Xiaomi 2024 dan struktur wilayah IDC
2024-07-09,Middle East & Africa,Black Shark,639,Estimasi berbasis shipment Xiaomi 2024 dan struktur wilayah IDC
2024-07-09,Asia,Other,17712,Estimasi berbasis shipment Xiaomi 2024 dan struktur wilayah IDC
2024-07-09,Europe,Other,7329,Estimasi berbasis shipment Xiaomi 2024 dan struktur wilayah IDC
2024-07-09,Latin America,Other,3054,Estimasi berbasis shipment Xiaomi 2024 dan struktur wilayah IDC
2024-07-09,Middle East & Africa,Other,2443,Estimasi berbasis shipment Xiaomi 2024 dan struktur wilayah IDC
2024-07-10,Asia,Redmi,156683,Estimasi berbasis shipment Xiaomi 2024 dan struktur wilayah IDC
2024-07-10,Europe,Redmi,64834,Estimasi berbasis shipment Xiaomi 2024 dan struktur wilayah IDC
2024-07-10,Latin America,Redmi,27014,Estimasi berbasis shipment Xiaomi 2024 dan struktur wilayah IDC
2024-07-10,Middle East & Africa,Redmi,21611,Estimasi berbasis shipment Xiaomi 2024 dan struktur wilayah IDC
2024-07-10,Asia,Xiaomi Flagship,18477,Estimasi berbasis shipment Xiaomi 2024 dan struktur wilayah IDC
2024-07-10,Europe,Xiaomi Flagship,7646,Estimasi berbasis shipment Xiaomi 2024 dan struktur wilayah IDC
2024-07-10,Latin America,Xiaomi Flagship,3186,Estimasi berbasis shipment Xiaomi 2024 dan struktur wilayah IDC
2024-07-10,Middle East & Africa,Xiaomi Flagship,2549,Estimasi berbasis shipment Xiaomi 2024 dan struktur wilayah IDC
2024-07-10,Asia,POCO,26360,Estimasi berbasis shipment Xiaomi 2024 dan struktur wilayah IDC
2024-07-10,Europe,POCO,10908,Estimasi berbasis shipment Xiaomi 2024 dan struktur wilayah IDC
2024-07-10,Latin America,POCO,4545,Estimasi berbasis shipment Xiaomi 2024 dan struktur wilayah IDC
2024-07-10,Middle East & Africa,POCO,3636,Estimasi berbasis shipment Xiaomi 2024 dan struktur wilayah IDC
2024-07-10,Asia,Black Shark,4188,Estimasi berbasis shipment Xiaomi 2024 dan struktur wilayah IDC
2024-07-10,Europe,Black Shark,1733,Estimasi berbasis shipment Xiaomi 2024 dan struktur wilayah IDC
2024-07-10,Latin America,Black Shark,722,Estimasi berbasis shipment Xiaomi 2024 dan struktur wilayah IDC
2024-07-10,Middle East & Africa,Black Shark,578,Estimasi berbasis shipment Xiaomi 2024 dan struktur wilayah IDC
2024-07-10,Asia,Other,16013,Estimasi berbasis shipment Xiaomi 2024 dan struktur wilayah IDC
2024-07-10,Europe,Other,6626,Estimasi berbasis shipment Xiaomi 2024 dan struktur wilayah IDC
2024-07-10,Latin America,Other,2761,Estimasi berbasis shipment Xiaomi 2024 dan struktur wilayah IDC
2024-07-10,Middle East & Africa,Other,2209,Estimasi berbasis shipment Xiaomi 2024 dan struktur wilayah IDC
2024-07-11,Asia,Redmi,174442,Estimasi berbasis shipment Xiaomi 2024 dan struktur wilayah IDC
2024-07-11,Europe,Redmi,72183,Estimasi berbasis shipment Xiaomi 2024 dan struktur wilayah IDC
2024-07-11,Latin America,Redmi,30076,Estimasi berbasis shipment Xiaomi 2024 dan struktur wilayah IDC
2024-07-11,Middle East & Africa,Redmi,24061,Estimasi berbasis shipment Xiaomi 2024 dan struktur wilayah IDC
2024-07-11,Asia,Xiaomi Flagship,20571,Estimasi berbasis shipment Xiaomi 2024 dan struktur wilayah IDC
2024-07-11,Europe,Xiaomi Flagship,8512,Estimasi berbasis shipment Xiaomi 2024 dan struktur wilayah IDC
2024-07-11,Latin America,Xiaomi Flagship,3547,Estimasi berbasis shipment Xiaomi 2024 dan struktur wilayah IDC
2024-07-11,Middle East & Africa,Xiaomi Flagship,2837,Estimasi berbasis shipment Xiaomi 2024 dan struktur wilayah IDC
2024-07-11,Asia,POCO,29348,Estimasi berbasis shipment Xiaomi 2024 dan struktur wilayah IDC
2024-07-11,Europe,POCO,12144,Estimasi berbasis shipment Xiaomi 2024 dan struktur wilayah IDC
2024-07-11,Latin America,POCO,5060,Estimasi berbasis shipment Xiaomi 2024 dan struktur wilayah IDC
2024-07-11,Middle East & Africa,POCO,4048,Estimasi berbasis shipment Xiaomi 2024 dan struktur wilayah IDC
2024-07-11,Asia,Black Shark,4663,Estimasi berbasis shipment Xiaomi 2024 dan struktur wilayah IDC
2024-07-11,Europe,Black Shark,1929,Estimasi berbasis shipment Xiaomi 2024 dan struktur wilayah IDC
2024-07-11,Latin America,Black Shark,804,Estimasi berbasis shipment Xiaomi 2024 dan struktur wilayah IDC
2024-07-11,Middle East & Africa,Black Shark,643,Estimasi berbasis shipment Xiaomi 2024 dan struktur wilayah IDC
2024-07-11,Asia,Other,17828,Estimasi berbasis shipment Xiaomi 2024 dan struktur wilayah IDC
2024-07-11,Europe,Other,7377,Estimasi berbasis shipment Xiaomi 2024 dan struktur wilayah IDC
2024-07-11,Latin America,Other,3074,Estimasi berbasis shipment Xiaomi 2024 dan struktur wilayah IDC
2024-07-11,Middle East & Africa,Other,2459,Estimasi berbasis shipment Xiaomi 2024 dan struktur wilayah IDC
2024-07-12,Asia,Redmi,164912,Estimasi berbasis shipment Xiaomi 2024 dan struktur wilayah IDC
2024-07-12,Europe,Redmi,68239,Estimasi berbasis shipment Xiaomi 2024 dan struktur wilayah IDC
2024-07-12,Latin America,Redmi,28433,Estimasi berbasis shipment Xiaomi 2024 dan struktur wilayah IDC
2024-07-12,Middle East & Africa,Redmi,22746,Estimasi berbasis shipment Xiaomi 2024 dan struktur wilayah IDC
2024-07-12,Asia,Xiaomi Flagship,19447,Estimasi berbasis shipment Xiaomi 2024 dan struktur wilayah IDC
2024-07-12,Europe,Xiaomi Flagship,8047,Estimasi berbasis shipment Xiaomi 2024 dan struktur wilayah IDC
2024-07-12,Latin America,Xiaomi Flagship,3353,Estimasi berbasis shipment Xiaomi 2024 dan struktur wilayah IDC
2024-07-12,Middle East & Africa,Xiaomi Flagship,2682,Estimasi berbasis shipment Xiaomi 2024 dan struktur wilayah IDC
2024-07-12,Asia,POCO,27745,Estimasi berbasis shipment Xiaomi 2024 dan struktur wilayah IDC
2024-07-12,Europe,POCO,11481,Estimasi berbasis shipment Xiaomi 2024 dan struktur wilayah IDC
2024-07-12,Latin America,POCO,4784,Estimasi berbasis shipment Xiaomi 2024 dan struktur wilayah IDC
2024-07-12,Middle East & Africa,POCO,3827,Estimasi berbasis shipment Xiaomi 2024 dan struktur wilayah IDC
2024-07-12,Asia,Black Shark,4408,Estimasi berbasis shipment Xiaomi 2024 dan struktur wilayah IDC
2024-07-12,Europe,Black Shark,1824,Estimasi berbasis shipment Xiaomi 2024 dan struktur wilayah IDC
2024-07-12,Latin America,Black Shark,760,Estimasi berbasis shipment Xiaomi 2024 dan struktur wilayah IDC
2024-07-12,Middle East & Africa,Black Shark,608,Estimasi berbasis shipment Xiaomi 2024 dan struktur wilayah IDC
2024-07-12,Asia,Other,16854,Estimasi berbasis shipment Xiaomi 2024 dan struktur wilayah IDC
2024-07-12,Europe,Other,6974,Estimasi berbasis shipment Xiaomi 2024 dan struktur wilayah IDC
2024-07-12,Latin America,Other,2906,Estimasi berbasis shipment Xiaomi 2024 dan struktur wilayah IDC
2024-07-12,Middle East & Africa,Other,2325,Estimasi berbasis shipment Xiaomi 2024 dan struktur wilayah IDC
2024-07-13,Asia,Redmi,168371,Estimasi berbasis shipment Xiaomi 2024 dan struktur wilayah IDC
2024-07-13,Europe,Redmi,69671,Estimasi berbasis shipment Xiaomi 2024 dan struktur wilayah IDC
2024-07-13,Latin America,Redmi,29030,Estimasi berbasis shipment Xiaomi 2024 dan struktur wilayah IDC
2024-07-13,Middle East & Africa,Redmi,23224,Estimasi berbasis shipment Xiaomi 2024 dan struktur wilayah IDC
2024-07-13,Asia,Xiaomi Flagship,19855,Estimasi berbasis shipment Xiaomi 2024 dan struktur wilayah IDC
2024-07-13,Europe,Xiaomi Flagship,8216,Estimasi berbasis shipment Xiaomi 2024 dan struktur wilayah IDC
2024-07-13,Latin America,Xiaomi Flagship,3423,Estimasi berbasis shipment Xiaomi 2024 dan struktur wilayah IDC
2024-07-13,Middle East & Africa,Xiaomi Flagship,2739,Estimasi berbasis shipment Xiaomi 2024 dan struktur wilayah IDC
2024-07-13,Asia,POCO,28327,Estimasi berbasis shipment Xiaomi 2024 dan struktur wilayah IDC
2024-07-13,Europe,POCO,11721,Estimasi berbasis shipment Xiaomi 2024 dan struktur wilayah IDC
2024-07-13,Latin America,POCO,4884,Estimasi berbasis shipment Xiaomi 2024 dan struktur wilayah IDC
2024-07-13,Middle East & Africa,POCO,3907,Estimasi berbasis shipment Xiaomi 2024 dan struktur wilayah IDC
2024-07-13,Asia,Black Shark,4500,Estimasi berbasis shipment Xiaomi 2024 dan struktur wilayah IDC
2024-07-13,Europe,Black Shark,1862,Estimasi berbasis shipment Xiaomi 2024 dan struktur wilayah IDC
2024-07-13,Latin America,Black Shark,776,Estimasi berbasis shipment Xiaomi 2024 dan struktur wilayah IDC
2024-07-13,Middle East & Africa,Black Shark,621,Estimasi berbasis shipment Xiaomi 2024 dan struktur wilayah IDC
2024-07-13,Asia,Other,17208,Estimasi berbasis shipment Xiaomi 2024 dan struktur wilayah IDC
2024-07-13,Europe,Other,7120,Estimasi berbasis shipment Xiaomi 2024 dan struktur wilayah IDC
2024-07-13,Latin America,Other,2967,Estimasi berbasis shipment Xiaomi 2024 dan struktur wilayah IDC
2024-07-13,Middle East & Africa,Other,2373,Estimasi berbasis shipment Xiaomi 2024 dan struktur wilayah IDC
2024-07-14,Asia,Redmi,165322,Estimasi berbasis shipment Xiaomi 2024 dan struktur wilayah IDC
2024-07-14,Europe,Redmi,68409,Estimasi berbasis shipment Xiaomi 2024 dan struktur wilayah IDC
2024-07-14,Latin America,Redmi,28504,Estimasi berbasis shipment Xiaomi 2024 dan struktur wilayah IDC
2024-07-14,Middle East & Africa,Redmi,22803,Estimasi berbasis shipment Xiaomi 2024 dan struktur wilayah IDC
2024-07-14,Asia,Xiaomi Flagship,19495,Estimasi berbasis shipment Xiaomi 2024 dan struktur wilayah IDC
2024-07-14,Europe,Xiaomi Flagship,8067,Estimasi berbasis shipment Xiaomi 2024 dan struktur wilayah IDC
2024-07-14,Latin America,Xiaomi Flagship,3361,Estimasi berbasis shipment Xiaomi 2024 dan struktur wilayah IDC
2024-07-14,Middle East & Africa,Xiaomi Flagship,2689,Estimasi berbasis shipment Xiaomi 2024 dan struktur wilayah IDC
2024-07-14,Asia,POCO,27814,Estimasi berbasis shipment Xiaomi 2024 dan struktur wilayah IDC
2024-07-14,Europe,POCO,11509,Estimasi berbasis shipment Xiaomi 2024 dan struktur wilayah IDC
2024-07-14,Latin America,POCO,4795,Estimasi berbasis shipment Xiaomi 2024 dan struktur wilayah IDC
2024-07-14,Middle East & Africa,POCO,3836,Estimasi berbasis shipment Xiaomi 2024 dan struktur wilayah IDC
2024-07-14,Asia,Black Shark,4419,Estimasi berbasis shipment Xiaomi 2024 dan struktur wilayah IDC
2024-07-14,Europe,Black Shark,1829,Estimasi berbasis shipment Xiaomi 2024 dan struktur wilayah IDC
2024-07-14,Latin America,Black Shark,762,Estimasi berbasis shipment Xiaomi 2024 dan struktur wilayah IDC
2024-07-14,Middle East & Africa,Black Shark,610,Estimasi berbasis shipment Xiaomi 2024 dan struktur wilayah IDC
2024-07-14,Asia,Other,16896,Estimasi berbasis shipment Xiaomi 2024 dan struktur wilayah IDC
2024-07-14,Europe,Other,6991,Estimasi berbasis shipment Xiaomi 2024 dan struktur wilayah IDC
2024-07-14,Latin America,Other,2913,Estimasi berbasis shipment Xiaomi 2024 dan struktur wilayah IDC
2024-07-14,Middle East & Africa,Other,2330,Estimasi berbasis shipment Xiaomi 2024 dan struktur wilayah IDC
2024-07-15,Asia,Redmi,147394,Estimasi berbasis shipment Xiaomi 2024 dan struktur wilayah IDC
2024-07-15,Europe,Redmi,60991,Estimasi berbasis shipment Xiaomi 2024 dan struktur wilayah IDC
2024-07-15,Latin America,Redmi,25413,Estimasi berbasis shipment Xiaomi 2024 dan struktur wilayah IDC
2024-07-15,Middle East & Africa,Redmi,20330,Estimasi berbasis shipment Xiaomi 2024 dan struktur wilayah IDC
2024-07-15,Asia,Xiaomi Flagship,17381,Estimasi berbasis shipment Xiaomi 2024 dan struktur wilayah IDC
2024-07-15,Europe,Xiaomi Flagship,7192,Estimasi berbasis shipment Xiaomi 2024 dan struktur wilayah IDC
2024-07-15,Latin America,Xiaomi Flagship,2997,Estimasi berbasis shipment Xiaomi 2024 dan struktur wilayah IDC
2024-07-15,Middle East & Africa,Xiaomi Flagship,2397,Estimasi berbasis shipment Xiaomi 2024 dan struktur wilayah IDC
2024-07-15,Asia,POCO,24797,Estimasi berbasis shipment Xiaomi 2024 dan struktur wilayah IDC
2024-07-15,Europe,POCO,10261,Estimasi berbasis shipment Xiaomi 2024 dan struktur wilayah IDC
2024-07-15,Latin America,POCO,4275,Estimasi berbasis shipment Xiaomi 2024 dan struktur wilayah IDC
2024-07-15,Middle East & Africa,POCO,3420,Estimasi berbasis shipment Xiaomi 2024 dan struktur wilayah IDC
2024-07-15,Asia,Black Shark,3940,Estimasi berbasis shipment Xiaomi 2024 dan struktur wilayah IDC
2024-07-15,Europe,Black Shark,1630,Estimasi berbasis shipment Xiaomi 2024 dan struktur wilayah IDC
2024-07-15,Latin America,Black Shark,679,Estimasi berbasis shipment Xiaomi 2024 dan struktur wilayah IDC
2024-07-15,Middle East & Africa,Black Shark,543,Estimasi berbasis shipment Xiaomi 2024 dan struktur wilayah IDC
2024-07-15,Asia,Other,15064,Estimasi berbasis shipment Xiaomi 2024 dan struktur wilayah IDC
2024-07-15,Europe,Other,6233,Estimasi berbasis shipment Xiaomi 2024 dan struktur wilayah IDC
2024-07-15,Latin America,Other,2597,Estimasi berbasis shipment Xiaomi 2024 dan struktur wilayah IDC
2024-07-15,Middle East & Africa,Other,2078,Estimasi berbasis shipment Xiaomi 2024 dan struktur wilayah IDC
2024-07-16,Asia,Redmi,174148,Estimasi berbasis shipment Xiaomi 2024 dan struktur wilayah IDC
2024-07-16,Europe,Redmi,72061,Estimasi berbasis shipment Xiaomi 2024 dan struktur wilayah IDC
2024-07-16,Latin America,Redmi,30026,Estimasi berbasis shipment Xiaomi 2024 dan struktur wilayah IDC
2024-07-16,Middle East & Africa,Redmi,24020,Estimasi berbasis shipment Xiaomi 2024 dan struktur wilayah IDC
2024-07-16,Asia,Xiaomi Flagship,20536,Estimasi berbasis shipment Xiaomi 2024 dan struktur wilayah IDC
2024-07-16,Europe,Xiaomi Flagship,8498,Estimasi berbasis shipment Xiaomi 2024 dan struktur wilayah IDC
2024-07-16,Latin America,Xiaomi Flagship,3541,Estimasi berbasis shipment Xiaomi 2024 dan struktur wilayah IDC
2024-07-16,Middle East & Africa,Xiaomi Flagship,2833,Estimasi berbasis shipment Xiaomi 2024 dan struktur wilayah IDC
2024-07-16,Asia,POCO,29299,Estimasi berbasis shipment Xiaomi 2024 dan struktur wilayah IDC
2024-07-16,Europe,POCO,12124,Estimasi berbasis shipment Xiaomi 2024 dan struktur wilayah IDC
2024-07-16,Latin America,POCO,5051,Estimasi berbasis shipment Xiaomi 2024 dan struktur wilayah IDC
2024-07-16,Middle East & Africa,POCO,4041,Estimasi berbasis shipment Xiaomi 2024 dan struktur wilayah IDC
2024-07-16,Asia,Black Shark,4655,Estimasi berbasis shipment Xiaomi 2024 dan struktur wilayah IDC
2024-07-16,Europe,Black Shark,1926,Estimasi berbasis shipment Xiaomi 2024 dan struktur wilayah IDC
2024-07-16,Latin America,Black Shark,803,Estimasi berbasis shipment Xiaomi 2024 dan struktur wilayah IDC
2024-07-16,Middle East & Africa,Black Shark,642,Estimasi berbasis shipment Xiaomi 2024 dan struktur wilayah IDC
2024-07-16,Asia,Other,17798,Estimasi berbasis shipment Xiaomi 2024 dan struktur wilayah IDC
2024-07-16,Europe,Other,7365,Estimasi berbasis shipment Xiaomi 2024 dan struktur wilayah IDC
2024-07-16,Latin America,Other,3069,Estimasi berbasis shipment Xiaomi 2024 dan struktur wilayah IDC
2024-07-16,Middle East & Africa,Other,2455,Estimasi berbasis shipment Xiaomi 2024 dan struktur wilayah IDC
2024-07-17,Asia,Redmi,156972,Estimasi berbasis shipment Xiaomi 2024 dan struktur wilayah IDC
2024-07-17,Europe,Redmi,64954,Estimasi berbasis shipment Xiaomi 2024 dan struktur wilayah IDC
2024-07-17,Latin America,Redmi,27064,Estimasi berbasis shipment Xiaomi 2024 dan struktur wilayah IDC
2024-07-17,Middle East & Africa,Redmi,21651,Estimasi berbasis shipment Xiaomi 2024 dan struktur wilayah IDC
2024-07-17,Asia,Xiaomi Flagship,18511,Estimasi berbasis shipment Xiaomi 2024 dan struktur wilayah IDC
2024-07-17,Europe,Xiaomi Flagship,7660,Estimasi berbasis shipment Xiaomi 2024 dan struktur wilayah IDC
2024-07-17,Latin America,Xiaomi Flagship,3192,Estimasi berbasis shipment Xiaomi 2024 dan struktur wilayah IDC
2024-07-17,Middle East & Africa,Xiaomi Flagship,2553,Estimasi berbasis shipment Xiaomi 2024 dan struktur wilayah IDC
2024-07-17,Asia,POCO,26409,Estimasi berbasis shipment Xiaomi 2024 dan struktur wilayah IDC
2024-07-17,Europe,POCO,10928,Estimasi berbasis shipment Xiaomi 2024 dan struktur wilayah IDC
2024-07-17,Latin America,POCO,4553,Estimasi berbasis shipment Xiaomi 2024 dan struktur wilayah IDC
2024-07-17,Middle East & Africa,POCO,3643,Estimasi berbasis shipment Xiaomi 2024 dan struktur wilayah IDC
2024-07-17,Asia,Black Shark,4196,Estimasi berbasis shipment Xiaomi 2024 dan struktur wilayah IDC
2024-07-17,Europe,Black Shark,1736,Estimasi berbasis shipment Xiaomi 2024 dan struktur wilayah IDC
2024-07-17,Latin America,Black Shark,723,Estimasi berbasis shipment Xiaomi 2024 dan struktur wilayah IDC
2024-07-17,Middle East & Africa,Black Shark,579,Estimasi berbasis shipment Xiaomi 2024 dan struktur wilayah IDC
2024-07-17,Asia,Other,16043,Estimasi berbasis shipment Xiaomi 2024 dan struktur wilayah IDC
2024-07-17,Europe,Other,6638,Estimasi berbasis shipment Xiaomi 2024 dan struktur wilayah IDC
2024-07-17,Latin America,Other,2766,Estimasi berbasis shipment Xiaomi 2024 dan struktur wilayah IDC
2024-07-17,Middle East & Africa,Other,2213,Estimasi berbasis shipment Xiaomi 2024 dan struktur wilayah IDC
2024-07-18,Asia,Redmi,155386,Estimasi berbasis shipment Xiaomi 2024 dan struktur wilayah IDC
2024-07-18,Europe,Redmi,64298,Estimasi berbasis shipment Xiaomi 2024 dan struktur wilayah IDC
2024-07-18,Latin America,Redmi,26791,Estimasi berbasis shipment Xiaomi 2024 dan struktur wilayah IDC
2024-07-18,Middle East & Africa,Redmi,21433,Estimasi berbasis shipment Xiaomi 2024 dan struktur wilayah IDC
2024-07-18,Asia,Xiaomi Flagship,18324,Estimasi berbasis shipment Xiaomi 2024 dan struktur wilayah IDC
2024-07-18,Europe,Xiaomi Flagship,7582,Estimasi berbasis shipment Xiaomi 2024 dan struktur wilayah IDC
2024-07-18,Latin America,Xiaomi Flagship,3159,Estimasi berbasis shipment Xiaomi 2024 dan struktur wilayah IDC
2024-07-18,Middle East & Africa,Xiaomi Flagship,2527,Estimasi berbasis shipment Xiaomi 2024 dan struktur wilayah IDC
2024-07-18,Asia,POCO,26142,Estimasi berbasis shipment Xiaomi 2024 dan struktur wilayah IDC
2024-07-18,Europe,POCO,10817,Estimasi berbasis shipment Xiaomi 2024 dan struktur wilayah IDC
2024-07-18,Latin America,POCO,4507,Estimasi berbasis shipment Xiaomi 2024 dan struktur wilayah IDC
2024-07-18,Middle East & Africa,POCO,3606,Estimasi berbasis shipment Xiaomi 2024 dan struktur wilayah IDC
2024-07-18,Asia,Black Shark,4153,Estimasi berbasis shipment Xiaomi 2024 dan struktur wilayah IDC
2024-07-18,Europe,Black Shark,1719,Estimasi berbasis shipment Xiaomi 2024 dan struktur wilayah IDC
2024-07-18,Latin America,Black Shark,716,Estimasi berbasis shipment Xiaomi 2024 dan struktur wilayah IDC
2024-07-18,Middle East & Africa,Black Shark,573,Estimasi berbasis shipment Xiaomi 2024 dan struktur wilayah IDC
2024-07-18,Asia,Other,15881,Estimasi berbasis shipment Xiaomi 2024 dan struktur wilayah IDC
2024-07-18,Europe,Other,6571,Estimasi berbasis shipment Xiaomi 2024 dan struktur wilayah IDC
2024-07-18,Latin America,Other,2738,Estimasi berbasis shipment Xiaomi 2024 dan struktur wilayah IDC
2024-07-18,Middle East & Africa,Other,2190,Estimasi berbasis shipment Xiaomi 2024 dan struktur wilayah IDC
2024-07-19,Asia,Redmi,156604,Estimasi berbasis shipment Xiaomi 2024 dan struktur wilayah IDC
2024-07-19,Europe,Redmi,64802,Estimasi berbasis shipment Xiaomi 2024 dan struktur wilayah IDC
2024-07-19,Latin America,Redmi,27001,Estimasi berbasis shipment Xiaomi 2024 dan struktur wilayah IDC
2024-07-19,Middle East & Africa,Redmi,21601,Estimasi berbasis shipment Xiaomi 2024 dan struktur wilayah IDC
2024-07-19,Asia,Xiaomi Flagship,18467,Estimasi berbasis shipment Xiaomi 2024 dan struktur wilayah IDC
2024-07-19,Europe,Xiaomi Flagship,7642,Estimasi berbasis shipment Xiaomi 2024 dan struktur wilayah IDC
2024-07-19,Latin America,Xiaomi Flagship,3184,Estimasi berbasis shipment Xiaomi 2024 dan struktur wilayah IDC
2024-07-19,Middle East & Africa,Xiaomi Flagship,2547,Estimasi berbasis shipment Xiaomi 2024 dan struktur wilayah IDC
2024-07-19,Asia,POCO,26347,Estimasi berbasis shipment Xiaomi 2024 dan struktur wilayah IDC
2024-07-19,Europe,POCO,10902,Estimasi berbasis shipment Xiaomi 2024 dan struktur wilayah IDC
2024-07-19,Latin America,POCO,4543,Estimasi berbasis shipment Xiaomi 2024 dan struktur wilayah IDC
2024-07-19,Middle East & Africa,POCO,3634,Estimasi berbasis shipment Xiaomi 2024 dan struktur wilayah IDC
2024-07-19,Asia,Black Shark,4186,Estimasi berbasis shipment Xiaomi 2024 dan struktur wilayah IDC
2024-07-19,Europe,Black Shark,1732,Estimasi berbasis shipment Xiaomi 2024 dan struktur wilayah IDC
2024-07-19,Latin America,Black Shark,722,Estimasi berbasis shipment Xiaomi 2024 dan struktur wilayah IDC
2024-07-19,Middle East & Africa,Black Shark,577,Estimasi berbasis shipment Xiaomi 2024 dan struktur wilayah IDC
2024-07-19,Asia,Other,16005,Estimasi berbasis shipment Xiaomi 2024 dan struktur wilayah IDC
2024-07-19,Europe,Other,6623,Estimasi berbasis shipment Xiaomi 2024 dan struktur wilayah IDC
2024-07-19,Latin America,Other,2760,Estimasi berbasis shipment Xiaomi 2024 dan struktur wilayah IDC
2024-07-19,Middle East & Africa,Other,2208,Estimasi berbasis shipment Xiaomi 2024 dan struktur wilayah IDC
2024-07-20,Asia,Redmi,150345,Estimasi berbasis shipment Xiaomi 2024 dan struktur wilayah IDC
2024-07-20,Europe,Redmi,62212,Estimasi berbasis shipment Xiaomi 2024 dan struktur wilayah IDC
2024-07-20,Latin America,Redmi,25921,Estimasi berbasis shipment Xiaomi 2024 dan struktur wilayah IDC
2024-07-20,Middle East & Africa,Redmi,20737,Estimasi berbasis shipment Xiaomi 2024 dan struktur wilayah IDC
2024-07-20,Asia,Xiaomi Flagship,17729,Estimasi berbasis shipment Xiaomi 2024 dan struktur wilayah IDC
2024-07-20,Europe,Xiaomi Flagship,7336,Estimasi berbasis shipment Xiaomi 2024 dan struktur wilayah IDC
2024-07-20,Latin America,Xiaomi Flagship,3057,Estimasi berbasis shipment Xiaomi 2024 dan struktur wilayah IDC
2024-07-20,Middle East & Africa,Xiaomi Flagship,2445,Estimasi berbasis shipment Xiaomi 2024 dan struktur wilayah IDC
2024-07-20,Asia,POCO,25294,Estimasi berbasis shipment Xiaomi 2024 dan struktur wilayah IDC
2024-07-20,Europe,POCO,10466,Estimasi berbasis shipment Xiaomi 2024 dan struktur wilayah IDC
2024-07-20,Latin America,POCO,4361,Estimasi berbasis shipment Xiaomi 2024 dan struktur wilayah IDC
2024-07-20,Middle East & Africa,POCO,3489,Estimasi berbasis shipment Xiaomi 2024 dan struktur wilayah IDC
2024-07-20,Asia,Black Shark,4019,Estimasi berbasis shipment Xiaomi 2024 dan struktur wilayah IDC
2024-07-20,Europe,Black Shark,1663,Estimasi berbasis shipment Xiaomi 2024 dan struktur wilayah IDC
2024-07-20,Latin America,Black Shark,693,Estimasi berbasis shipment Xiaomi 2024 dan struktur wilayah IDC
2024-07-20,Middle East & Africa,Black Shark,554,Estimasi berbasis shipment Xiaomi 2024 dan struktur wilayah IDC
2024-07-20,Asia,Other,15365,Estimasi berbasis shipment Xiaomi 2024 dan struktur wilayah IDC
2024-07-20,Europe,Other,6358,Estimasi berbasis shipment Xiaomi 2024 dan struktur wilayah IDC
2024-07-20,Latin America,Other,2649,Estimasi berbasis shipment Xiaomi 2024 dan struktur wilayah IDC
2024-07-20,Middle East & Africa,Other,2119,Estimasi berbasis shipment Xiaomi 2024 dan struktur wilayah IDC
2024-07-21,Asia,Redmi,164482,Estimasi berbasis shipment Xiaomi 2024 dan struktur wilayah IDC
2024-07-21,Europe,Redmi,68061,Estimasi berbasis shipment Xiaomi 2024 dan struktur wilayah IDC
2024-07-21,Latin America,Redmi,28359,Estimasi berbasis shipment Xiaomi 2024 dan struktur wilayah IDC
2024-07-21,Middle East & Africa,Redmi,22687,Estimasi berbasis shipment Xiaomi 2024 dan struktur wilayah IDC
2024-07-21,Asia,Xiaomi Flagship,19396,Estimasi berbasis shipment Xiaomi 2024 dan struktur wilayah IDC
2024-07-21,Europe,Xiaomi Flagship,8026,Estimasi berbasis shipment Xiaomi 2024 dan struktur wilayah IDC
2024-07-21,Latin America,Xiaomi Flagship,3344,Estimasi berbasis shipment Xiaomi 2024 dan struktur wilayah IDC
2024-07-21,Middle East & Africa,Xiaomi Flagship,2675,Estimasi berbasis shipment Xiaomi 2024 dan struktur wilayah IDC
2024-07-21,Asia,POCO,27672,Estimasi berbasis shipment Xiaomi 2024 dan struktur wilayah IDC
2024-07-21,Europe,POCO,11451,Estimasi berbasis shipment Xiaomi 2024 dan struktur wilayah IDC
2024-07-21,Latin America,POCO,4771,Estimasi berbasis shipment Xiaomi 2024 dan struktur wilayah IDC
2024-07-21,Middle East & Africa,POCO,3817,Estimasi berbasis shipment Xiaomi 2024 dan struktur wilayah IDC
2024-07-21,Asia,Black Shark,4397,Estimasi berbasis shipment Xiaomi 2024 dan struktur wilayah IDC
2024-07-21,Europe,Black Shark,1819,Estimasi berbasis shipment Xiaomi 2024 dan struktur wilayah IDC
2024-07-21,Latin America,Black Shark,758,Estimasi berbasis shipment Xiaomi 2024 dan struktur wilayah IDC
2024-07-21,Middle East & Africa,Black Shark,606,Estimasi berbasis shipment Xiaomi 2024 dan struktur wilayah IDC
2024-07-21,Asia,Other,16810,Estimasi berbasis shipment Xiaomi 2024 dan struktur wilayah IDC
2024-07-21,Europe,Other,6956,Estimasi berbasis shipment Xiaomi 2024 dan struktur wilayah IDC
2024-07-21,Latin America,Other,2898,Estimasi berbasis shipment Xiaomi 2024 dan struktur wilayah IDC
2024-07-21,Middle East & Africa,Other,2319,Estimasi berbasis shipment Xiaomi 2024 dan struktur wilayah IDC
2024-07-22,Asia,Redmi,150230,Estimasi berbasis shipment Xiaomi 2024 dan struktur wilayah IDC
2024-07-22,Europe,Redmi,62164,Estimasi berbasis shipment Xiaomi 2024 dan struktur wilayah IDC
2024-07-22,Latin America,Redmi,25902,Estimasi berbasis shipment Xiaomi 2024 dan struktur wilayah IDC
2024-07-22,Middle East & Africa,Redmi,20721,Estimasi berbasis shipment Xiaomi 2024 dan struktur wilayah IDC
2024-07-22,Asia,Xiaomi Flagship,17716,Estimasi berbasis shipment Xiaomi 2024 dan struktur wilayah IDC
2024-07-22,Europe,Xiaomi Flagship,7331,Estimasi berbasis shipment Xiaomi 2024 dan struktur wilayah IDC
2024-07-22,Latin America,Xiaomi Flagship,3054,Estimasi berbasis shipment Xiaomi 2024 dan struktur wilayah IDC
2024-07-22,Middle East & Africa,Xiaomi Flagship,2444,Estimasi berbasis shipment Xiaomi 2024 dan struktur wilayah IDC
2024-07-22,Asia,POCO,25275,Estimasi berbasis shipment Xiaomi 2024 dan struktur wilayah IDC
2024-07-22,Europe,POCO,10458,Estimasi berbasis shipment Xiaomi 2024 dan struktur wilayah IDC
2024-07-22,Latin America,POCO,4358,Estimasi berbasis shipment Xiaomi 2024 dan struktur wilayah IDC
2024-07-22,Middle East & Africa,POCO,3486,Estimasi berbasis shipment Xiaomi 2024 dan struktur wilayah IDC
2024-07-22,Asia,Black Shark,4016,Estimasi berbasis shipment Xiaomi 2024 dan struktur wilayah IDC
2024-07-22,Europe,Black Shark,1662,Estimasi berbasis shipment Xiaomi 2024 dan struktur wilayah IDC
2024-07-22,Latin America,Black Shark,692,Estimasi berbasis shipment Xiaomi 2024 dan struktur wilayah IDC
2024-07-22,Middle East & Africa,Black Shark,554,Estimasi berbasis shipment Xiaomi 2024 dan struktur wilayah IDC
2024-07-22,Asia,Other,15354,Estimasi berbasis shipment Xiaomi 2024 dan struktur wilayah IDC
2024-07-22,Europe,Other,6353,Estimasi berbasis shipment Xiaomi 2024 dan struktur wilayah IDC
2024-07-22,Latin America,Other,2647,Estimasi berbasis shipment Xiaomi 2024 dan struktur wilayah IDC
2024-07-22,Middle East & Africa,Other,2118,Estimasi berbasis shipment Xiaomi 2024 dan struktur wilayah IDC
2024-07-23,Asia,Redmi,171573,Estimasi berbasis shipment Xiaomi 2024 dan struktur wilayah IDC
2024-07-23,Europe,Redmi,70996,Estimasi berbasis shipment Xiaomi 2024 dan struktur wilayah IDC
2024-07-23,Latin America,Redmi,29582,Estimasi berbasis shipment Xiaomi 2024 dan struktur wilayah IDC
2024-07-23,Middle East & Africa,Redmi,23665,Estimasi berbasis shipment Xiaomi 2024 dan struktur wilayah IDC
2024-07-23,Asia,Xiaomi Flagship,20233,Estimasi berbasis shipment Xiaomi 2024 dan struktur wilayah IDC
2024-07-23,Europe,Xiaomi Flagship,8372,Estimasi berbasis shipment Xiaomi 2024 dan struktur wilayah IDC
2024-07-23,Latin America,Xiaomi Flagship,3488,Estimasi berbasis shipment Xiaomi 2024 dan struktur wilayah IDC
2024-07-23,Middle East & Africa,Xiaomi Flagship,2791,Estimasi berbasis shipment Xiaomi 2024 dan struktur wilayah IDC
2024-07-23,Asia,POCO,28865,Estimasi berbasis shipment Xiaomi 2024 dan struktur wilayah IDC
2024-07-23,Europe,POCO,11944,Estimasi berbasis shipment Xiaomi 2024 dan struktur wilayah IDC
2024-07-23,Latin America,POCO,4977,Estimasi berbasis shipment Xiaomi 2024 dan struktur wilayah IDC
2024-07-23,Middle East & Africa,POCO,3981,Estimasi berbasis shipment Xiaomi 2024 dan struktur wilayah IDC
2024-07-23,Asia,Black Shark,4586,Estimasi berbasis shipment Xiaomi 2024 dan struktur wilayah IDC
2024-07-23,Europe,Black Shark,1898,Estimasi berbasis shipment Xiaomi 2024 dan struktur wilayah IDC
2024-07-23,Latin America,Black Shark,791,Estimasi berbasis shipment Xiaomi 2024 dan struktur wilayah IDC
2024-07-23,Middle East & Africa,Black Shark,633,Estimasi berbasis shipment Xiaomi 2024 dan struktur wilayah IDC
2024-07-23,Asia,Other,17535,Estimasi berbasis shipment Xiaomi 2024 dan struktur wilayah IDC
2024-07-23,Europe,Other,7256,Estimasi berbasis shipment Xiaomi 2024 dan struktur wilayah IDC
2024-07-23,Latin America,Other,3023,Estimasi berbasis shipment Xiaomi 2024 dan struktur wilayah IDC
2024-07-23,Middle East & Africa,Other,2419,Estimasi berbasis shipment Xiaomi 2024 dan struktur wilayah IDC
2024-07-24,Asia,Redmi,147125,Estimasi berbasis shipment Xiaomi 2024 dan struktur wilayah IDC
2024-07-24,Europe,Redmi,60879,Estimasi berbasis shipment Xiaomi 2024 dan struktur wilayah IDC
2024-07-24,Latin America,Redmi,25366,Estimasi berbasis shipment Xiaomi 2024 dan struktur wilayah IDC
2024-07-24,Middle East & Africa,Redmi,20293,Estimasi berbasis shipment Xiaomi 2024 dan struktur wilayah IDC
2024-07-24,Asia,Xiaomi Flagship,17350,Estimasi berbasis shipment Xiaomi 2024 dan struktur wilayah IDC
2024-07-24,Europe,Xiaomi Flagship,7179,Estimasi berbasis shipment Xiaomi 2024 dan struktur wilayah IDC
2024-07-24,Latin America,Xiaomi Flagship,2991,Estimasi berbasis shipment Xiaomi 2024 dan struktur wilayah IDC
2024-07-24,Middle East & Africa,Xiaomi Flagship,2393,Estimasi berbasis shipment Xiaomi 2024 dan struktur wilayah IDC
2024-07-24,Asia,POCO,24752,Estimasi berbasis shipment Xiaomi 2024 dan struktur wilayah IDC
2024-07-24,Europe,POCO,10242,Estimasi berbasis shipment Xiaomi 2024 dan struktur wilayah IDC
2024-07-24,Latin America,POCO,4268,Estimasi berbasis shipment Xiaomi 2024 dan struktur wilayah IDC
2024-07-24,Middle East & Africa,POCO,3414,Estimasi berbasis shipment Xiaomi 2024 dan struktur wilayah IDC
2024-07-24,Asia,Black Shark,3933,Estimasi berbasis shipment Xiaomi 2024 dan struktur wilayah IDC
2024-07-24,Europe,Black Shark,1627,Estimasi berbasis shipment Xiaomi 2024 dan struktur wilayah IDC
2024-07-24,Latin America,Black Shark,678,Estimasi berbasis shipment Xiaomi 2024 dan struktur wilayah IDC
2024-07-24,Middle East & Africa,Black Shark,542,Estimasi berbasis shipment Xiaomi 2024 dan struktur wilayah IDC
2024-07-24,Asia,Other,15036,Estimasi berbasis shipment Xiaomi 2024 dan struktur wilayah IDC
2024-07-24,Europe,Other,6222,Estimasi berbasis shipment Xiaomi 2024 dan struktur wilayah IDC
2024-07-24,Latin America,Other,2592,Estimasi berbasis shipment Xiaomi 2024 dan struktur wilayah IDC
2024-07-24,Middle East & Africa,Other,2074,Estimasi berbasis shipment Xiaomi 2024 dan struktur wilayah IDC
2024-07-25,Asia,Redmi,152228,Estimasi berbasis shipment Xiaomi 2024 dan struktur wilayah IDC
2024-07-25,Europe,Redmi,62991,Estimasi berbasis shipment Xiaomi 2024 dan struktur wilayah IDC
2024-07-25,Latin America,Redmi,26246,Estimasi berbasis shipment Xiaomi 2024 dan struktur wilayah IDC
2024-07-25,Middle East & Africa,Redmi,20997,Estimasi berbasis shipment Xiaomi 2024 dan struktur wilayah IDC
2024-07-25,Asia,Xiaomi Flagship,17951,Estimasi berbasis shipment Xiaomi 2024 dan struktur wilayah IDC
2024-07-25,Europe,Xiaomi Flagship,7428,Estimasi berbasis shipment Xiaomi 2024 dan struktur wilayah IDC
2024-07-25,Latin America,Xiaomi Flagship,3095,Estimasi berbasis shipment Xiaomi 2024 dan struktur wilayah IDC
2024-07-25,Middle East & Africa,Xiaomi Flagship,2476,Estimasi berbasis shipment Xiaomi 2024 dan struktur wilayah IDC
2024-07-25,Asia,POCO,25611,Estimasi berbasis shipment Xiaomi 2024 dan struktur wilayah IDC
2024-07-25,Europe,POCO,10598,Estimasi berbasis shipment Xiaomi 2024 dan struktur wilayah IDC
2024-07-25,Latin America,POCO,4416,Estimasi berbasis shipment Xiaomi 2024 dan struktur wilayah IDC
2024-07-25,Middle East & Africa,POCO,3533,Estimasi berbasis shipment Xiaomi 2024 dan struktur wilayah IDC
2024-07-25,Asia,Black Shark,4069,Estimasi berbasis shipment Xiaomi 2024 dan struktur wilayah IDC
2024-07-25,Europe,Black Shark,1684,Estimasi berbasis shipment Xiaomi 2024 dan struktur wilayah IDC
2024-07-25,Latin America,Black Shark,702,Estimasi berbasis shipment Xiaomi 2024 dan struktur wilayah IDC
2024-07-25,Middle East & Africa,Black Shark,561,Estimasi berbasis shipment Xiaomi 2024 dan struktur wilayah IDC
2024-07-25,Asia,Other,15558,Estimasi berbasis shipment Xiaomi 2024 dan struktur wilayah IDC
2024-07-25,Europe,Other,6438,Estimasi berbasis shipment Xiaomi 2024 dan struktur wilayah IDC
2024-07-25,Latin America,Other,2682,Estimasi berbasis shipment Xiaomi 2024 dan struktur wilayah IDC
2024-07-25,Middle East & Africa,Other,2146,Estimasi berbasis shipment Xiaomi 2024 dan struktur wilayah IDC
2024-07-26,Asia,Redmi,164012,Estimasi berbasis shipment Xiaomi 2024 dan struktur wilayah IDC
2024-07-26,Europe,Redmi,67867,Estimasi berbasis shipment Xiaomi 2024 dan struktur wilayah IDC
2024-07-26,Latin America,Redmi,28278,Estimasi berbasis shipment Xiaomi 2024 dan struktur wilayah IDC
2024-07-26,Middle East & Africa,Redmi,22622,Estimasi berbasis shipment Xiaomi 2024 dan struktur wilayah IDC
2024-07-26,Asia,Xiaomi Flagship,19341,Estimasi berbasis shipment Xiaomi 2024 dan struktur wilayah IDC
2024-07-26,Europe,Xiaomi Flagship,8003,Estimasi berbasis shipment Xiaomi 2024 dan struktur wilayah IDC
2024-07-26,Latin America,Xiaomi Flagship,3335,Estimasi berbasis shipment Xiaomi 2024 dan struktur wilayah IDC
2024-07-26,Middle East & Africa,Xiaomi Flagship,2668,Estimasi berbasis shipment Xiaomi 2024 dan struktur wilayah IDC
2024-07-26,Asia,POCO,27593,Estimasi berbasis shipment Xiaomi 2024 dan struktur wilayah IDC
2024-07-26,Europe,POCO,11418,Estimasi berbasis shipment Xiaomi 2024 dan struktur wilayah IDC
2024-07-26,Latin America,POCO,4757,Estimasi berbasis shipment Xiaomi 2024 dan struktur wilayah IDC
2024-07-26,Middle East & Africa,POCO,3806,Estimasi berbasis shipment Xiaomi 2024 dan struktur wilayah IDC
2024-07-26,Asia,Black Shark,4384,Estimasi berbasis shipment Xiaomi 2024 dan struktur wilayah IDC
2024-07-26,Europe,Black Shark,1814,Estimasi berbasis shipment Xiaomi 2024 dan struktur wilayah IDC
2024-07-26,Latin America,Black Shark,756,Estimasi berbasis shipment Xiaomi 2024 dan struktur wilayah IDC
2024-07-26,Middle East & Africa,Black Shark,605,Estimasi berbasis shipment Xiaomi 2024 dan struktur wilayah IDC
2024-07-26,Asia,Other,16762,Estimasi berbasis shipment Xiaomi 2024 dan struktur wilayah IDC
2024-07-26,Europe,Other,6936,Estimasi berbasis shipment Xiaomi 2024 dan struktur wilayah IDC
2024-07-26,Latin America,Other,2890,Estimasi berbasis shipment Xiaomi 2024 dan struktur wilayah IDC
2024-07-26,Middle East & Africa,Other,2312,Estimasi berbasis shipment Xiaomi 2024 dan struktur wilayah IDC
2024-07-27,Asia,Redmi,168722,Estimasi berbasis shipment Xiaomi 2024 dan struktur wilayah IDC
2024-07-27,Europe,Redmi,69816,Estimasi berbasis shipment Xiaomi 2024 dan struktur wilayah IDC
2024-07-27,Latin America,Redmi,29090,Estimasi berbasis shipment Xiaomi 2024 dan struktur wilayah IDC
2024-07-27,Middle East & Africa,Redmi,23272,Estimasi berbasis shipment Xiaomi 2024 dan struktur wilayah IDC
2024-07-27,Asia,Xiaomi Flagship,19896,Estimasi berbasis shipment Xiaomi 2024 dan struktur wilayah IDC
2024-07-27,Europe,Xiaomi Flagship,8233,Estimasi berbasis shipment Xiaomi 2024 dan struktur wilayah IDC
2024-07-27,Latin America,Xiaomi Flagship,3430,Estimasi berbasis shipment Xiaomi 2024 dan struktur wilayah IDC
2024-07-27,Middle East & Africa,Xiaomi Flagship,2744,Estimasi berbasis shipment Xiaomi 2024 dan struktur wilayah IDC
2024-07-27,Asia,POCO,28386,Estimasi berbasis shipment Xiaomi 2024 dan struktur wilayah IDC
2024-07-27,Europe,POCO,11746,Estimasi berbasis shipment Xiaomi 2024 dan struktur wilayah IDC
2024-07-27,Latin America,POCO,4894,Estimasi berbasis shipment Xiaomi 2024 dan struktur wilayah IDC
2024-07-27,Middle East & Africa,POCO,3915,Estimasi berbasis shipment Xiaomi 2024 dan struktur wilayah IDC
2024-07-27,Asia,Black Shark,4510,Estimasi berbasis shipment Xiaomi 2024 dan struktur wilayah IDC
2024-07-27,Europe,Black Shark,1866,Estimasi berbasis shipment Xiaomi 2024 dan struktur wilayah IDC
2024-07-27,Latin America,Black Shark,778,Estimasi berbasis shipment Xiaomi 2024 dan struktur wilayah IDC
2024-07-27,Middle East & Africa,Black Shark,622,Estimasi berbasis shipment Xiaomi 2024 dan struktur wilayah IDC
2024-07-27,Asia,Other,17244,Estimasi berbasis shipment Xiaomi 2024 dan struktur wilayah IDC
2024-07-27,Europe,Other,7135,Estimasi berbasis shipment Xiaomi 2024 dan struktur wilayah IDC
2024-07-27,Latin America,Other,2973,Estimasi berbasis shipment Xiaomi 2024 dan struktur wilayah IDC
2024-07-27,Middle East & Africa,Other,2378,Estimasi berbasis shipment Xiaomi 2024 dan struktur wilayah IDC
2024-07-28,Asia,Redmi,171868,Estimasi berbasis shipment Xiaomi 2024 dan struktur wilayah IDC
2024-07-28,Europe,Redmi,71118,Estimasi berbasis shipment Xiaomi 2024 dan struktur wilayah IDC
2024-07-28,Latin America,Redmi,29632,Estimasi berbasis shipment Xiaomi 2024 dan struktur wilayah IDC
2024-07-28,Middle East & Africa,Redmi,23706,Estimasi berbasis shipment Xiaomi 2024 dan struktur wilayah IDC
2024-07-28,Asia,Xiaomi Flagship,20267,Estimasi berbasis shipment Xiaomi 2024 dan struktur wilayah IDC
2024-07-28,Europe,Xiaomi Flagship,8387,Estimasi berbasis shipment Xiaomi 2024 dan struktur wilayah IDC
2024-07-28,Latin America,Xiaomi Flagship,3494,Estimasi berbasis shipment Xiaomi 2024 dan struktur wilayah IDC
2024-07-28,Middle East & Africa,Xiaomi Flagship,2796,Estimasi berbasis shipment Xiaomi 2024 dan struktur wilayah IDC
2024-07-28,Asia,POCO,28915,Estimasi berbasis shipment Xiaomi 2024 dan struktur wilayah IDC
2024-07-28,Europe,POCO,11965,Estimasi berbasis shipment Xiaomi 2024 dan struktur wilayah IDC
2024-07-28,Latin America,POCO,4985,Estimasi berbasis shipment Xiaomi 2024 dan struktur wilayah IDC
2024-07-28,Middle East & Africa,POCO,3988,Estimasi berbasis shipment Xiaomi 2024 dan struktur wilayah IDC
2024-07-28,Asia,Black Shark,4594,Estimasi berbasis shipment Xiaomi 2024 dan struktur wilayah IDC
2024-07-28,Europe,Black Shark,1901,Estimasi berbasis shipment Xiaomi 2024 dan struktur wilayah IDC
2024-07-28,Latin America,Black Shark,792,Estimasi berbasis shipment Xiaomi 2024 dan struktur wilayah IDC
2024-07-28,Middle East & Africa,Black Shark,634,Estimasi berbasis shipment Xiaomi 2024 dan struktur wilayah IDC
2024-07-28,Asia,Other,17565,Estimasi berbasis shipment Xiaomi 2024 dan struktur wilayah IDC
2024-07-28,Europe,Other,7268,Estimasi berbasis shipment Xiaomi 2024 dan struktur wilayah IDC
2024-07-28,Latin America,Other,3028,Estimasi berbasis shipment Xiaomi 2024 dan struktur wilayah IDC
2024-07-28,Middle East & Africa,Other,2423,Estimasi berbasis shipment Xiaomi 2024 dan struktur wilayah IDC
2024-07-29,Asia,Redmi,160189,Estimasi berbasis shipment Xiaomi 2024 dan struktur wilayah IDC
2024-07-29,Europe,Redmi,66285,Estimasi berbasis shipment Xiaomi 2024 dan struktur wilayah IDC
2024-07-29,Latin America,Redmi,27619,Estimasi berbasis shipment Xiaomi 2024 dan struktur wilayah IDC
2024-07-29,Middle East & Africa,Redmi,22095,Estimasi berbasis shipment Xiaomi 2024 dan struktur wilayah IDC
2024-07-29,Asia,Xiaomi Flagship,18890,Estimasi berbasis shipment Xiaomi 2024 dan struktur wilayah IDC
2024-07-29,Europe,Xiaomi Flagship,7817,Estimasi berbasis shipment Xiaomi 2024 dan struktur wilayah IDC
2024-07-29,Latin America,Xiaomi Flagship,3257,Estimasi berbasis shipment Xiaomi 2024 dan struktur wilayah IDC
2024-07-29,Middle East & Africa,Xiaomi Flagship,2606,Estimasi berbasis shipment Xiaomi 2024 dan struktur wilayah IDC
2024-07-29,Asia,POCO,26950,Estimasi berbasis shipment Xiaomi 2024 dan struktur wilayah IDC
2024-07-29,Europe,POCO,11152,Estimasi berbasis shipment Xiaomi 2024 dan struktur wilayah IDC
2024-07-29,Latin America,POCO,4647,Estimasi berbasis shipment Xiaomi 2024 dan struktur wilayah IDC
2024-07-29,Middle East & Africa,POCO,3717,Estimasi berbasis shipment Xiaomi 2024 dan struktur wilayah IDC
2024-07-29,Asia,Black Shark,4282,Estimasi berbasis shipment Xiaomi 2024 dan struktur wilayah IDC
2024-07-29,Europe,Black Shark,1772,Estimasi berbasis shipment Xiaomi 2024 dan struktur wilayah IDC
2024-07-29,Latin America,Black Shark,738,Estimasi berbasis shipment Xiaomi 2024 dan struktur wilayah IDC
2024-07-29,Middle East & Africa,Black Shark,591,Estimasi berbasis shipment Xiaomi 2024 dan struktur wilayah IDC
2024-07-29,Asia,Other,16371,Estimasi berbasis shipment Xiaomi 2024 dan struktur wilayah IDC
2024-07-29,Europe,Other,6774,Estimasi berbasis shipment Xiaomi 2024 dan struktur wilayah IDC
2024-07-29,Latin America,Other,2823,Estimasi berbasis shipment Xiaomi 2024 dan struktur wilayah IDC
2024-07-29,Middle East & Africa,Other,2258,Estimasi berbasis shipment Xiaomi 2024 dan struktur wilayah IDC
2024-07-30,Asia,Redmi,151767,Estimasi berbasis shipment Xiaomi 2024 dan struktur wilayah IDC
2024-07-30,Europe,Redmi,62800,Estimasi berbasis shipment Xiaomi 2024 dan struktur wilayah IDC
2024-07-30,Latin America,Redmi,26167,Estimasi berbasis shipment Xiaomi 2024 dan struktur wilayah IDC
2024-07-30,Middle East & Africa,Redmi,20933,Estimasi berbasis shipment Xiaomi 2024 dan struktur wilayah IDC
2024-07-30,Asia,Xiaomi Flagship,17897,Estimasi berbasis shipment Xiaomi 2024 dan struktur wilayah IDC
2024-07-30,Europe,Xiaomi Flagship,7406,Estimasi berbasis shipment Xiaomi 2024 dan struktur wilayah IDC
2024-07-30,Latin America,Xiaomi Flagship,3086,Estimasi berbasis shipment Xiaomi 2024 dan struktur wilayah IDC
2024-07-30,Middle East & Africa,Xiaomi Flagship,2469,Estimasi berbasis shipment Xiaomi 2024 dan struktur wilayah IDC
2024-07-30,Asia,POCO,25533,Estimasi berbasis shipment Xiaomi 2024 dan struktur wilayah IDC
2024-07-30,Europe,POCO,10565,Estimasi berbasis shipment Xiaomi 2024 dan struktur wilayah IDC
2024-07-30,Latin America,POCO,4402,Estimasi berbasis shipment Xiaomi 2024 dan struktur wilayah IDC
2024-07-30,Middle East & Africa,POCO,3522,Estimasi berbasis shipment Xiaomi 2024 dan struktur wilayah IDC
2024-07-30,Asia,Black Shark,4057,Estimasi berbasis shipment Xiaomi 2024 dan struktur wilayah IDC
2024-07-30,Europe,Black Shark,1679,Estimasi berbasis shipment Xiaomi 2024 dan struktur wilayah IDC
2024-07-30,Latin America,Black Shark,699,Estimasi berbasis shipment Xiaomi 2024 dan struktur wilayah IDC
2024-07-30,Middle East & Africa,Black Shark,560,Estimasi berbasis shipment Xiaomi 2024 dan struktur wilayah IDC
2024-07-30,Asia,Other,15511,Estimasi berbasis shipment Xiaomi 2024 dan struktur wilayah IDC
2024-07-30,Europe,Other,6418,Estimasi berbasis shipment Xiaomi 2024 dan struktur wilayah IDC
2024-07-30,Latin America,Other,2674,Estimasi berbasis shipment Xiaomi 2024 dan struktur wilayah IDC
2024-07-30,Middle East & Africa,Other,2139,Estimasi berbasis shipment Xiaomi 2024 dan struktur wilayah IDC
2024-07-31,Asia,Redmi,170599,Estimasi berbasis shipment Xiaomi 2024 dan struktur wilayah IDC
2024-07-31,Europe,Redmi,70593,Estimasi berbasis shipment Xiaomi 2024 dan struktur wilayah IDC
2024-07-31,Latin America,Redmi,29414,Estimasi berbasis shipment Xiaomi 2024 dan struktur wilayah IDC
2024-07-31,Middle East & Africa,Redmi,23531,Estimasi berbasis shipment Xiaomi 2024 dan struktur wilayah IDC
2024-07-31,Asia,Xiaomi Flagship,20118,Estimasi berbasis shipment Xiaomi 2024 dan struktur wilayah IDC
2024-07-31,Europe,Xiaomi Flagship,8325,Estimasi berbasis shipment Xiaomi 2024 dan struktur wilayah IDC
2024-07-31,Latin America,Xiaomi Flagship,3469,Estimasi berbasis shipment Xiaomi 2024 dan struktur wilayah IDC
2024-07-31,Middle East & Africa,Xiaomi Flagship,2775,Estimasi berbasis shipment Xiaomi 2024 dan struktur wilayah IDC
2024-07-31,Asia,POCO,28701,Estimasi berbasis shipment Xiaomi 2024 dan struktur wilayah IDC
2024-07-31,Europe,POCO,11876,Estimasi berbasis shipment Xiaomi 2024 dan struktur wilayah IDC
2024-07-31,Latin America,POCO,4949,Estimasi berbasis shipment Xiaomi 2024 dan struktur wilayah IDC
2024-07-31,Middle East & Africa,POCO,3959,Estimasi berbasis shipment Xiaomi 2024 dan struktur wilayah IDC
2024-07-31,Asia,Black Shark,4560,Estimasi berbasis shipment Xiaomi 2024 dan struktur wilayah IDC
2024-07-31,Europe,Black Shark,1887,Estimasi berbasis shipment Xiaomi 2024 dan struktur wilayah IDC
2024-07-31,Latin America,Black Shark,786,Estimasi berbasis shipment Xiaomi 2024 dan struktur wilayah IDC
2024-07-31,Middle East & Africa,Black Shark,629,Estimasi berbasis shipment Xiaomi 2024 dan struktur wilayah IDC
2024-07-31,Asia,Other,17435,Estimasi berbasis shipment Xiaomi 2024 dan struktur wilayah IDC
2024-07-31,Europe,Other,7215,Estimasi berbasis shipment Xiaomi 2024 dan struktur wilayah IDC
2024-07-31,Latin America,Other,3006,Estimasi berbasis shipment Xiaomi 2024 dan struktur wilayah IDC
2024-07-31,Middle East & Africa,Other,2405,Estimasi berbasis shipment Xiaomi 2024 dan struktur wilayah IDC
2024-08-01,Asia,Redmi,159880,Estimasi berbasis shipment Xiaomi 2024 dan struktur wilayah IDC
2024-08-01,Europe,Redmi,66157,Estimasi berbasis shipment Xiaomi 2024 dan struktur wilayah IDC
2024-08-01,Latin America,Redmi,27565,Estimasi berbasis shipment Xiaomi 2024 dan struktur wilayah IDC
2024-08-01,Middle East & Africa,Redmi,22052,Estimasi berbasis shipment Xiaomi 2024 dan struktur wilayah IDC
2024-08-01,Asia,Xiaomi Flagship,18854,Estimasi berbasis shipment Xiaomi 2024 dan struktur wilayah IDC
2024-08-01,Europe,Xiaomi Flagship,7802,Estimasi berbasis shipment Xiaomi 2024 dan struktur wilayah IDC
2024-08-01,Latin America,Xiaomi Flagship,3251,Estimasi berbasis shipment Xiaomi 2024 dan struktur wilayah IDC
2024-08-01,Middle East & Africa,Xiaomi Flagship,2601,Estimasi berbasis shipment Xiaomi 2024 dan struktur wilayah IDC
2024-08-01,Asia,POCO,26898,Estimasi berbasis shipment Xiaomi 2024 dan struktur wilayah IDC
2024-08-01,Europe,POCO,11130,Estimasi berbasis shipment Xiaomi 2024 dan struktur wilayah IDC
2024-08-01,Latin America,POCO,4638,Estimasi berbasis shipment Xiaomi 2024 dan struktur wilayah IDC
2024-08-01,Middle East & Africa,POCO,3710,Estimasi berbasis shipment Xiaomi 2024 dan struktur wilayah IDC
2024-08-01,Asia,Black Shark,4274,Estimasi berbasis shipment Xiaomi 2024 dan struktur wilayah IDC
2024-08-01,Europe,Black Shark,1768,Estimasi berbasis shipment Xiaomi 2024 dan struktur wilayah IDC
2024-08-01,Latin America,Black Shark,737,Estimasi berbasis shipment Xiaomi 2024 dan struktur wilayah IDC
2024-08-01,Middle East & Africa,Black Shark,589,Estimasi berbasis shipment Xiaomi 2024 dan struktur wilayah IDC
2024-08-01,Asia,Other,16340,Estimasi berbasis shipment Xiaomi 2024 dan struktur wilayah IDC
2024-08-01,Europe,Other,6761,Estimasi berbasis shipment Xiaomi 2024 dan struktur wilayah IDC
2024-08-01,Latin America,Other,2817,Estimasi berbasis shipment Xiaomi 2024 dan struktur wilayah IDC
2024-08-01,Middle East & Africa,Other,2254,Estimasi berbasis shipment Xiaomi 2024 dan struktur wilayah IDC
2024-08-02,Asia,Redmi,155845,Estimasi berbasis shipment Xiaomi 2024 dan struktur wilayah IDC
2024-08-02,Europe,Redmi,64488,Estimasi berbasis shipment Xiaomi 2024 dan struktur wilayah IDC
2024-08-02,Latin America,Redmi,26870,Estimasi berbasis shipment Xiaomi 2024 dan struktur wilayah IDC
2024-08-02,Middle East & Africa,Redmi,21496,Estimasi berbasis shipment Xiaomi 2024 dan struktur wilayah IDC
2024-08-02,Asia,Xiaomi Flagship,18378,Estimasi berbasis shipment Xiaomi 2024 dan struktur wilayah IDC
2024-08-02,Europe,Xiaomi Flagship,7605,Estimasi berbasis shipment Xiaomi 2024 dan struktur wilayah IDC
2024-08-02,Latin America,Xiaomi Flagship,3169,Estimasi berbasis shipment Xiaomi 2024 dan struktur wilayah IDC
2024-08-02,Middle East & Africa,Xiaomi Flagship,2535,Estimasi berbasis shipment Xiaomi 2024 dan struktur wilayah IDC
2024-08-02,Asia,POCO,26219,Estimasi berbasis shipment Xiaomi 2024 dan struktur wilayah IDC
2024-08-02,Europe,POCO,10849,Estimasi berbasis shipment Xiaomi 2024 dan struktur wilayah IDC
2024-08-02,Latin America,POCO,4521,Estimasi berbasis shipment Xiaomi 2024 dan struktur wilayah IDC
2024-08-02,Middle East & Africa,POCO,3616,Estimasi berbasis shipment Xiaomi 2024 dan struktur wilayah IDC
2024-08-02,Asia,Black Shark,4166,Estimasi berbasis shipment Xiaomi 2024 dan struktur wilayah IDC
2024-08-02,Europe,Black Shark,1724,Estimasi berbasis shipment Xiaomi 2024 dan struktur wilayah IDC
2024-08-02,Latin America,Black Shark,718,Estimasi berbasis shipment Xiaomi 2024 dan struktur wilayah IDC
2024-08-02,Middle East & Africa,Black Shark,575,Estimasi berbasis shipment Xiaomi 2024 dan struktur wilayah IDC
2024-08-02,Asia,Other,15928,Estimasi berbasis shipment Xiaomi 2024 dan struktur wilayah IDC
2024-08-02,Europe,Other,6591,Estimasi berbasis shipment Xiaomi 2024 dan struktur wilayah IDC
2024-08-02,Latin America,Other,2746,Estimasi berbasis shipment Xiaomi 2024 dan struktur wilayah IDC
2024-08-02,Middle East & Africa,Other,2197,Estimasi berbasis shipment Xiaomi 2024 dan struktur wilayah IDC
2024-08-03,Asia,Redmi,166652,Estimasi berbasis shipment Xiaomi 2024 dan struktur wilayah IDC
2024-08-03,Europe,Redmi,68960,Estimasi berbasis shipment Xiaomi 2024 dan struktur wilayah IDC
2024-08-03,Latin America,Redmi,28733,Estimasi berbasis shipment Xiaomi 2024 dan struktur wilayah IDC
2024-08-03,Middle East & Africa,Redmi,22987,Estimasi berbasis shipment Xiaomi 2024 dan struktur wilayah IDC
2024-08-03,Asia,Xiaomi Flagship,19652,Estimasi berbasis shipment Xiaomi 2024 dan struktur wilayah IDC
2024-08-03,Europe,Xiaomi Flagship,8132,Estimasi berbasis shipment Xiaomi 2024 dan struktur wilayah IDC
2024-08-03,Latin America,Xiaomi Flagship,3388,Estimasi berbasis shipment Xiaomi 2024 dan struktur wilayah IDC
2024-08-03,Middle East & Africa,Xiaomi Flagship,2711,Estimasi berbasis shipment Xiaomi 2024 dan struktur wilayah IDC
2024-08-03,Asia,POCO,28037,Estimasi berbasis shipment Xiaomi 2024 dan struktur wilayah IDC
2024-08-03,Europe,POCO,11602,Estimasi berbasis shipment Xiaomi 2024 dan struktur wilayah IDC
2024-08-03,Latin America,POCO,4834,Estimasi berbasis shipment Xiaomi 2024 dan struktur wilayah IDC
2024-08-03,Middle East & Africa,POCO,3867,Estimasi berbasis shipment Xiaomi 2024 dan struktur wilayah IDC
2024-08-03,Asia,Black Shark,4455,Estimasi berbasis shipment Xiaomi 2024 dan struktur wilayah IDC
2024-08-03,Europe,Black Shark,1843,Estimasi berbasis shipment Xiaomi 2024 dan struktur wilayah IDC
2024-08-03,Latin America,Black Shark,768,Estimasi berbasis shipment Xiaomi 2024 dan struktur wilayah IDC
2024-08-03,Middle East & Africa,Black Shark,614,Estimasi berbasis shipment Xiaomi 2024 dan struktur wilayah IDC
2024-08-03,Asia,Other,17032,Estimasi berbasis shipment Xiaomi 2024 dan struktur wilayah IDC
2024-08-03,Europe,Other,7048,Estimasi berbasis shipment Xiaomi 2024 dan struktur wilayah IDC
2024-08-03,Latin America,Other,2937,Estimasi berbasis shipment Xiaomi 2024 dan struktur wilayah IDC
2024-08-03,Middle East & Africa,Other,2349,Estimasi berbasis shipment Xiaomi 2024 dan struktur wilayah IDC
2024-08-04,Asia,Redmi,149237,Estimasi berbasis shipment Xiaomi 2024 dan struktur wilayah IDC
2024-08-04,Europe,Redmi,61753,Estimasi berbasis shipment Xiaomi 2024 dan struktur wilayah IDC
2024-08-04,Latin America,Redmi,25730,Estimasi berbasis shipment Xiaomi 2024 dan struktur wilayah IDC
2024-08-04,Middle East & Africa,Redmi,20584,Estimasi berbasis shipment Xiaomi 2024 dan struktur wilayah IDC
2024-08-04,Asia,Xiaomi Flagship,17599,Estimasi berbasis shipment Xiaomi 2024 dan struktur wilayah IDC
2024-08-04,Europe,Xiaomi Flagship,7282,Estimasi berbasis shipment Xiaomi 2024 dan struktur wilayah IDC
2024-08-04,Latin America,Xiaomi Flagship,3034,Estimasi berbasis shipment Xiaomi 2024 dan struktur wilayah IDC
2024-08-04,Middle East & Africa,Xiaomi Flagship,2427,Estimasi berbasis shipment Xiaomi 2024 dan struktur wilayah IDC
2024-08-04,Asia,POCO,25107,Estimasi berbasis shipment Xiaomi 2024 dan struktur wilayah IDC
2024-08-04,Europe,POCO,10389,Estimasi berbasis shipment Xiaomi 2024 dan struktur wilayah IDC
2024-08-04,Latin America,POCO,4329,Estimasi berbasis shipment Xiaomi 2024 dan struktur wilayah IDC
2024-08-04,Middle East & Africa,POCO,3463,Estimasi berbasis shipment Xiaomi 2024 dan struktur wilayah IDC
2024-08-04,Asia,Black Shark,3989,Estimasi berbasis shipment Xiaomi 2024 dan struktur wilayah IDC
2024-08-04,Europe,Black Shark,1651,Estimasi berbasis shipment Xiaomi 2024 dan struktur wilayah IDC
2024-08-04,Latin America,Black Shark,688,Estimasi berbasis shipment Xiaomi 2024 dan struktur wilayah IDC
2024-08-04,Middle East & Africa,Black Shark,550,Estimasi berbasis shipment Xiaomi 2024 dan struktur wilayah IDC
2024-08-04,Asia,Other,15252,Estimasi berbasis shipment Xiaomi 2024 dan struktur wilayah IDC
2024-08-04,Europe,Other,6311,Estimasi berbasis shipment Xiaomi 2024 dan struktur wilayah IDC
2024-08-04,Latin America,Other,2630,Estimasi berbasis shipment Xiaomi 2024 dan struktur wilayah IDC
2024-08-04,Middle East & Africa,Other,2104,Estimasi berbasis shipment Xiaomi 2024 dan struktur wilayah IDC
2024-08-05,Asia,Redmi,172923,Estimasi berbasis shipment Xiaomi 2024 dan struktur wilayah IDC
2024-08-05,Europe,Redmi,71554,Estimasi berbasis shipment Xiaomi 2024 dan struktur wilayah IDC
2024-08-05,Latin America,Redmi,29814,Estimasi berbasis shipment Xiaomi 2024 dan struktur wilayah IDC
2024-08-05,Middle East & Africa,Redmi,23851,Estimasi berbasis shipment Xiaomi 2024 dan struktur wilayah IDC
2024-08-05,Asia,Xiaomi Flagship,20392,Estimasi berbasis shipment Xiaomi 2024 dan struktur wilayah IDC
2024-08-05,Europe,Xiaomi Flagship,8438,Estimasi berbasis shipment Xiaomi 2024 dan struktur wilayah IDC
2024-08-05,Latin America,Xiaomi Flagship,3516,Estimasi berbasis shipment Xiaomi 2024 dan struktur wilayah IDC
2024-08-05,Middle East & Africa,Xiaomi Flagship,2813,Estimasi berbasis shipment Xiaomi 2024 dan struktur wilayah IDC
2024-08-05,Asia,POCO,29092,Estimasi berbasis shipment Xiaomi 2024 dan struktur wilayah IDC
2024-08-05,Europe,POCO,12038,Estimasi berbasis shipment Xiaomi 2024 dan struktur wilayah IDC
2024-08-05,Latin America,POCO,5016,Estimasi berbasis shipment Xiaomi 2024 dan struktur wilayah IDC
2024-08-05,Middle East & Africa,POCO,4013,Estimasi berbasis shipment Xiaomi 2024 dan struktur wilayah IDC
2024-08-05,Asia,Black Shark,4622,Estimasi berbasis shipment Xiaomi 2024 dan struktur wilayah IDC
2024-08-05,Europe,Black Shark,1913,Estimasi berbasis shipment Xiaomi 2024 dan struktur wilayah IDC
2024-08-05,Latin America,Black Shark,797,Estimasi berbasis shipment Xiaomi 2024 dan struktur wilayah IDC
2024-08-05,Middle East & Africa,Black Shark,638,Estimasi berbasis shipment Xiaomi 2024 dan struktur wilayah IDC
2024-08-05,Asia,Other,17673,Estimasi berbasis shipment Xiaomi 2024 dan struktur wilayah IDC
2024-08-05,Europe,Other,7313,Estimasi berbasis shipment Xiaomi 2024 dan struktur wilayah IDC
2024-08-05,Latin America,Other,3047,Estimasi berbasis shipment Xiaomi 2024 dan struktur wilayah IDC
2024-08-05,Middle East & Africa,Other,2438,Estimasi berbasis shipment Xiaomi 2024 dan struktur wilayah IDC
2024-08-06,Asia,Redmi,166355,Estimasi berbasis shipment Xiaomi 2024 dan struktur wilayah IDC
2024-08-06,Europe,Redmi,68836,Estimasi berbasis shipment Xiaomi 2024 dan struktur wilayah IDC
2024-08-06,Latin America,Redmi,28682,Estimasi berbasis shipment Xiaomi 2024 dan struktur wilayah IDC
2024-08-06,Middle East & Africa,Redmi,22945,Estimasi berbasis shipment Xiaomi 2024 dan struktur wilayah IDC
2024-08-06,Asia,Xiaomi Flagship,19617,Estimasi berbasis shipment Xiaomi 2024 dan struktur wilayah IDC
2024-08-06,Europe,Xiaomi Flagship,8118,Estimasi berbasis shipment Xiaomi 2024 dan struktur wilayah IDC
2024-08-06,Latin America,Xiaomi Flagship,3382,Estimasi berbasis shipment Xiaomi 2024 dan struktur wilayah IDC
2024-08-06,Middle East & Africa,Xiaomi Flagship,2706,Estimasi berbasis shipment Xiaomi 2024 dan struktur wilayah IDC
2024-08-06,Asia,POCO,27987,Estimasi berbasis shipment Xiaomi 2024 dan struktur wilayah IDC
2024-08-06,Europe,POCO,11581,Estimasi berbasis shipment Xiaomi 2024 dan struktur wilayah IDC
2024-08-06,Latin America,POCO,4825,Estimasi berbasis shipment Xiaomi 2024 dan struktur wilayah IDC
2024-08-06,Middle East & Africa,POCO,3860,Estimasi berbasis shipment Xiaomi 2024 dan struktur wilayah IDC
2024-08-06,Asia,Black Shark,4447,Estimasi berbasis shipment Xiaomi 2024 dan struktur wilayah IDC
2024-08-06,Europe,Black Shark,1840,Estimasi berbasis shipment Xiaomi 2024 dan struktur wilayah IDC
2024-08-06,Latin America,Black Shark,767,Estimasi berbasis shipment Xiaomi 2024 dan struktur wilayah IDC
2024-08-06,Middle East & Africa,Black Shark,613,Estimasi berbasis shipment Xiaomi 2024 dan struktur wilayah IDC
2024-08-06,Asia,Other,17002,Estimasi berbasis shipment Xiaomi 2024 dan struktur wilayah IDC
2024-08-06,Europe,Other,7035,Estimasi berbasis shipment Xiaomi 2024 dan struktur wilayah IDC
2024-08-06,Latin America,Other,2931,Estimasi berbasis shipment Xiaomi 2024 dan struktur wilayah IDC
2024-08-06,Middle East & Africa,Other,2345,Estimasi berbasis shipment Xiaomi 2024 dan struktur wilayah IDC
2024-08-07,Asia,Redmi,160885,Estimasi berbasis shipment Xiaomi 2024 dan struktur wilayah IDC
2024-08-07,Europe,Redmi,66573,Estimasi berbasis shipment Xiaomi 2024 dan struktur wilayah IDC
2024-08-07,Latin America,Redmi,27739,Estimasi berbasis shipment Xiaomi 2024 dan struktur wilayah IDC
2024-08-07,Middle East & Africa,Redmi,22191,Estimasi berbasis shipment Xiaomi 2024 dan struktur wilayah IDC
2024-08-07,Asia,Xiaomi Flagship,18972,Estimasi berbasis shipment Xiaomi 2024 dan struktur wilayah IDC
2024-08-07,Europe,Xiaomi Flagship,7851,Estimasi berbasis shipment Xiaomi 2024 dan struktur wilayah IDC
2024-08-07,Latin America,Xiaomi Flagship,3271,Estimasi berbasis shipment Xiaomi 2024 dan struktur wilayah IDC
2024-08-07,Middle East & Africa,Xiaomi Flagship,2617,Estimasi berbasis shipment Xiaomi 2024 dan struktur wilayah IDC
2024-08-07,Asia,POCO,27067,Estimasi berbasis shipment Xiaomi 2024 dan struktur wilayah IDC
2024-08-07,Europe,POCO,11200,Estimasi berbasis shipment Xiaomi 2024 dan struktur wilayah IDC
2024-08-07,Latin America,POCO,4667,Estimasi berbasis shipment Xiaomi 2024 dan struktur wilayah IDC
2024-08-07,Middle East & Africa,POCO,3733,Estimasi berbasis shipment Xiaomi 2024 dan struktur wilayah IDC
2024-08-07,Asia,Black Shark,4300,Estimasi berbasis shipment Xiaomi 2024 dan struktur wilayah IDC
2024-08-07,Europe,Black Shark,1779,Estimasi berbasis shipment Xiaomi 2024 dan struktur wilayah IDC
2024-08-07,Latin America,Black Shark,741,Estimasi berbasis shipment Xiaomi 2024 dan struktur wilayah IDC
2024-08-07,Middle East & Africa,Black Shark,593,Estimasi berbasis shipment Xiaomi 2024 dan struktur wilayah IDC
2024-08-07,Asia,Other,16443,Estimasi berbasis shipment Xiaomi 2024 dan struktur wilayah IDC
2024-08-07,Europe,Other,6804,Estimasi berbasis shipment Xiaomi 2024 dan struktur wilayah IDC
2024-08-07,Latin America,Other,2835,Estimasi berbasis shipment Xiaomi 2024 dan struktur wilayah IDC
2024-08-07,Middle East & Africa,Other,2268,Estimasi berbasis shipment Xiaomi 2024 dan struktur wilayah IDC
2024-08-08,Asia,Redmi,158091,Estimasi berbasis shipment Xiaomi 2024 dan struktur wilayah IDC
2024-08-08,Europe,Redmi,65417,Estimasi berbasis shipment Xiaomi 2024 dan struktur wilayah IDC
2024-08-08,Latin America,Redmi,27257,Estimasi berbasis shipment Xiaomi 2024 dan struktur wilayah IDC
2024-08-08,Middle East & Africa,Redmi,21806,Estimasi berbasis shipment Xiaomi 2024 dan struktur wilayah IDC
2024-08-08,Asia,Xiaomi Flagship,18643,Estimasi berbasis shipment Xiaomi 2024 dan struktur wilayah IDC
2024-08-08,Europe,Xiaomi Flagship,7714,Estimasi berbasis shipment Xiaomi 2024 dan struktur wilayah IDC
2024-08-08,Latin America,Xiaomi Flagship,3214,Estimasi berbasis shipment Xiaomi 2024 dan struktur wilayah IDC
2024-08-08,Middle East & Africa,Xiaomi Flagship,2571,Estimasi berbasis shipment Xiaomi 2024 dan struktur wilayah IDC
2024-08-08,Asia,POCO,26597,Estimasi berbasis shipment Xiaomi 2024 dan struktur wilayah IDC
2024-08-08,Europe,POCO,11006,Estimasi berbasis shipment Xiaomi 2024 dan struktur wilayah IDC
2024-08-08,Latin America,POCO,4586,Estimasi berbasis shipment Xiaomi 2024 dan struktur wilayah IDC
2024-08-08,Middle East & Africa,POCO,3669,Estimasi berbasis shipment Xiaomi 2024 dan struktur wilayah IDC
2024-08-08,Asia,Black Shark,4226,Estimasi berbasis shipment Xiaomi 2024 dan struktur wilayah IDC
2024-08-08,Europe,Black Shark,1749,Estimasi berbasis shipment Xiaomi 2024 dan struktur wilayah IDC
2024-08-08,Latin America,Black Shark,729,Estimasi berbasis shipment Xiaomi 2024 dan struktur wilayah IDC
2024-08-08,Middle East & Africa,Black Shark,583,Estimasi berbasis shipment Xiaomi 2024 dan struktur wilayah IDC
2024-08-08,Asia,Other,16157,Estimasi berbasis shipment Xiaomi 2024 dan struktur wilayah IDC
2024-08-08,Europe,Other,6686,Estimasi berbasis shipment Xiaomi 2024 dan struktur wilayah IDC
2024-08-08,Latin America,Other,2786,Estimasi berbasis shipment Xiaomi 2024 dan struktur wilayah IDC
2024-08-08,Middle East & Africa,Other,2229,Estimasi berbasis shipment Xiaomi 2024 dan struktur wilayah IDC
2024-08-09,Asia,Redmi,154847,Estimasi berbasis shipment Xiaomi 2024 dan struktur wilayah IDC
2024-08-09,Europe,Redmi,64075,Estimasi berbasis shipment Xiaomi 2024 dan struktur wilayah IDC
2024-08-09,Latin America,Redmi,26698,Estimasi berbasis shipment Xiaomi 2024 dan struktur wilayah IDC
2024-08-09,Middle East & Africa,Redmi,21358,Estimasi berbasis shipment Xiaomi 2024 dan struktur wilayah IDC
2024-08-09,Asia,Xiaomi Flagship,18260,Estimasi berbasis shipment Xiaomi 2024 dan struktur wilayah IDC
2024-08-09,Europe,Xiaomi Flagship,7556,Estimasi berbasis shipment Xiaomi 2024 dan struktur wilayah IDC
2024-08-09,Latin America,Xiaomi Flagship,3148,Estimasi berbasis shipment Xiaomi 2024 dan struktur wilayah IDC
2024-08-09,Middle East & Africa,Xiaomi Flagship,2519,Estimasi berbasis shipment Xiaomi 2024 dan struktur wilayah IDC
2024-08-09,Asia,POCO,26051,Estimasi berbasis shipment Xiaomi 2024 dan struktur wilayah IDC
2024-08-09,Europe,POCO,10780,Estimasi berbasis shipment Xiaomi 2024 dan struktur wilayah IDC
2024-08-09,Latin America,POCO,4492,Estimasi berbasis shipment Xiaomi 2024 dan struktur wilayah IDC
2024-08-09,Middle East & Africa,POCO,3593,Estimasi berbasis shipment Xiaomi 2024 dan struktur wilayah IDC
2024-08-09,Asia,Black Shark,4139,Estimasi berbasis shipment Xiaomi 2024 dan struktur wilayah IDC
2024-08-09,Europe,Black Shark,1713,Estimasi berbasis shipment Xiaomi 2024 dan struktur wilayah IDC
2024-08-09,Latin America,Black Shark,714,Estimasi berbasis shipment Xiaomi 2024 dan struktur wilayah IDC
2024-08-09,Middle East & Africa,Black Shark,571,Estimasi berbasis shipment Xiaomi 2024 dan struktur wilayah IDC
2024-08-09,Asia,Other,15826,Estimasi berbasis shipment Xiaomi 2024 dan struktur wilayah IDC
2024-08-09,Europe,Other,6549,Estimasi berbasis shipment Xiaomi 2024 dan struktur wilayah IDC
2024-08-09,Latin America,Other,2729,Estimasi berbasis shipment Xiaomi 2024 dan struktur wilayah IDC
2024-08-09,Middle East & Africa,Other,2183,Estimasi berbasis shipment Xiaomi 2024 dan struktur wilayah IDC
2024-08-10,Asia,Redmi,158199,Estimasi berbasis shipment Xiaomi 2024 dan struktur wilayah IDC
2024-08-10,Europe,Redmi,65462,Estimasi berbasis shipment Xiaomi 2024 dan struktur wilayah IDC
2024-08-10,Latin America,Redmi,27276,Estimasi berbasis shipment Xiaomi 2024 dan struktur wilayah IDC
2024-08-10,Middle East & Africa,Redmi,21821,Estimasi berbasis shipment Xiaomi 2024 dan struktur wilayah IDC
2024-08-10,Asia,Xiaomi Flagship,18656,Estimasi berbasis shipment Xiaomi 2024 dan struktur wilayah IDC
2024-08-10,Europe,Xiaomi Flagship,7720,Estimasi berbasis shipment Xiaomi 2024 dan struktur wilayah IDC
2024-08-10,Latin America,Xiaomi Flagship,3216,Estimasi berbasis shipment Xiaomi 2024 dan struktur wilayah IDC
2024-08-10,Middle East & Africa,Xiaomi Flagship,2573,Estimasi berbasis shipment Xiaomi 2024 dan struktur wilayah IDC
2024-08-10,Asia,POCO,26615,Estimasi berbasis shipment Xiaomi 2024 dan struktur wilayah IDC
2024-08-10,Europe,POCO,11013,Estimasi berbasis shipment Xiaomi 2024 dan struktur wilayah IDC
2024-08-10,Latin America,POCO,4589,Estimasi berbasis shipment Xiaomi 2024 dan struktur wilayah IDC
2024-08-10,Middle East & Africa,POCO,3671,Estimasi berbasis shipment Xiaomi 2024 dan struktur wilayah IDC
2024-08-10,Asia,Black Shark,4229,Estimasi berbasis shipment Xiaomi 2024 dan struktur wilayah IDC
2024-08-10,Europe,Black Shark,1750,Estimasi berbasis shipment Xiaomi 2024 dan struktur wilayah IDC
2024-08-10,Latin America,Black Shark,729,Estimasi berbasis shipment Xiaomi 2024 dan struktur wilayah IDC
2024-08-10,Middle East & Africa,Black Shark,583,Estimasi berbasis shipment Xiaomi 2024 dan struktur wilayah IDC
2024-08-10,Asia,Other,16168,Estimasi berbasis shipment Xiaomi 2024 dan struktur wilayah IDC
2024-08-10,Europe,Other,6690,Estimasi berbasis shipment Xiaomi 2024 dan struktur wilayah IDC
2024-08-10,Latin America,Other,2788,Estimasi berbasis shipment Xiaomi 2024 dan struktur wilayah IDC
2024-08-10,Middle East & Africa,Other,2230,Estimasi berbasis shipment Xiaomi 2024 dan struktur wilayah IDC
2024-08-11,Asia,Redmi,155641,Estimasi berbasis shipment Xiaomi 2024 dan struktur wilayah IDC
2024-08-11,Europe,Redmi,64403,Estimasi berbasis shipment Xiaomi 2024 dan struktur wilayah IDC
2024-08-11,Latin America,Redmi,26835,Estimasi berbasis shipment Xiaomi 2024 dan struktur wilayah IDC
2024-08-11,Middle East & Africa,Redmi,21468,Estimasi berbasis shipment Xiaomi 2024 dan struktur wilayah IDC
2024-08-11,Asia,Xiaomi Flagship,18354,Estimasi berbasis shipment Xiaomi 2024 dan struktur wilayah IDC
2024-08-11,Europe,Xiaomi Flagship,7595,Estimasi berbasis shipment Xiaomi 2024 dan struktur wilayah IDC
2024-08-11,Latin America,Xiaomi Flagship,3164,Estimasi berbasis shipment Xiaomi 2024 dan struktur wilayah IDC
2024-08-11,Middle East & Africa,Xiaomi Flagship,2532,Estimasi berbasis shipment Xiaomi 2024 dan struktur wilayah IDC
2024-08-11,Asia,POCO,26185,Estimasi berbasis shipment Xiaomi 2024 dan struktur wilayah IDC
2024-08-11,Europe,POCO,10835,Estimasi berbasis shipment Xiaomi 2024 dan struktur wilayah IDC
2024-08-11,Latin America,POCO,4515,Estimasi berbasis shipment Xiaomi 2024 dan struktur wilayah IDC
2024-08-11,Middle East & Africa,POCO,3612,Estimasi berbasis shipment Xiaomi 2024 dan struktur wilayah IDC
2024-08-11,Asia,Black Shark,4160,Estimasi berbasis shipment Xiaomi 2024 dan struktur wilayah IDC
2024-08-11,Europe,Black Shark,1721,Estimasi berbasis shipment Xiaomi 2024 dan struktur wilayah IDC
2024-08-11,Latin America,Black Shark,717,Estimasi berbasis shipment Xiaomi 2024 dan struktur wilayah IDC
2024-08-11,Middle East & Africa,Black Shark,574,Estimasi berbasis shipment Xiaomi 2024 dan struktur wilayah IDC
2024-08-11,Asia,Other,15907,Estimasi berbasis shipment Xiaomi 2024 dan struktur wilayah IDC
2024-08-11,Europe,Other,6582,Estimasi berbasis shipment Xiaomi 2024 dan struktur wilayah IDC
2024-08-11,Latin America,Other,2743,Estimasi berbasis shipment Xiaomi 2024 dan struktur wilayah IDC
2024-08-11,Middle East & Africa,Other,2194,Estimasi berbasis shipment Xiaomi 2024 dan struktur wilayah IDC
2024-08-12,Asia,Redmi,157375,Estimasi berbasis shipment Xiaomi 2024 dan struktur wilayah IDC
2024-08-12,Europe,Redmi,65121,Estimasi berbasis shipment Xiaomi 2024 dan struktur wilayah IDC
2024-08-12,Latin America,Redmi,27134,Estimasi berbasis shipment Xiaomi 2024 dan struktur wilayah IDC
2024-08-12,Middle East & Africa,Redmi,21707,Estimasi berbasis shipment Xiaomi 2024 dan struktur wilayah IDC
2024-08-12,Asia,Xiaomi Flagship,18558,Estimasi berbasis shipment Xiaomi 2024 dan struktur wilayah IDC
2024-08-12,Europe,Xiaomi Flagship,7679,Estimasi berbasis shipment Xiaomi 2024 dan struktur wilayah IDC
2024-08-12,Latin America,Xiaomi Flagship,3200,Estimasi berbasis shipment Xiaomi 2024 dan struktur wilayah IDC
2024-08-12,Middle East & Africa,Xiaomi Flagship,2560,Estimasi berbasis shipment Xiaomi 2024 dan struktur wilayah IDC
2024-08-12,Asia,POCO,26477,Estimasi berbasis shipment Xiaomi 2024 dan struktur wilayah IDC
2024-08-12,Europe,POCO,10956,Estimasi berbasis shipment Xiaomi 2024 dan struktur wilayah IDC
2024-08-12,Latin America,POCO,4565,Estimasi berbasis shipment Xiaomi 2024 dan struktur wilayah IDC
2024-08-12,Middle East & Africa,POCO,3652,Estimasi berbasis shipment Xiaomi 2024 dan struktur wilayah IDC
2024-08-12,Asia,Black Shark,4207,Estimasi berbasis shipment Xiaomi 2024 dan struktur wilayah IDC
2024-08-12,Europe,Black Shark,1741,Estimasi berbasis shipment Xiaomi 2024 dan struktur wilayah IDC
2024-08-12,Latin America,Black Shark,725,Estimasi berbasis shipment Xiaomi 2024 dan struktur wilayah IDC
2024-08-12,Middle East & Africa,Black Shark,580,Estimasi berbasis shipment Xiaomi 2024 dan struktur wilayah IDC
2024-08-12,Asia,Other,16084,Estimasi berbasis shipment Xiaomi 2024 dan struktur wilayah IDC
2024-08-12,Europe,Other,6655,Estimasi berbasis shipment Xiaomi 2024 dan struktur wilayah IDC
2024-08-12,Latin America,Other,2773,Estimasi berbasis shipment Xiaomi 2024 dan struktur wilayah IDC
2024-08-12,Middle East & Africa,Other,2218,Estimasi berbasis shipment Xiaomi 2024 dan struktur wilayah IDC
2024-08-13,Asia,Redmi,181014,Estimasi berbasis shipment Xiaomi 2024 dan struktur wilayah IDC
2024-08-13,Europe,Redmi,74902,Estimasi berbasis shipment Xiaomi 2024 dan struktur wilayah IDC
2024-08-13,Latin America,Redmi,31209,Estimasi berbasis shipment Xiaomi 2024 dan struktur wilayah IDC
2024-08-13,Middle East & Africa,Redmi,24967,Estimasi berbasis shipment Xiaomi 2024 dan struktur wilayah IDC
2024-08-13,Asia,Xiaomi Flagship,21346,Estimasi berbasis shipment Xiaomi 2024 dan struktur wilayah IDC
2024-08-13,Europe,Xiaomi Flagship,8833,Estimasi berbasis shipment Xiaomi 2024 dan struktur wilayah IDC
2024-08-13,Latin America,Xiaomi Flagship,3680,Estimasi berbasis shipment Xiaomi 2024 dan struktur wilayah IDC
2024-08-13,Middle East & Africa,Xiaomi Flagship,2944,Estimasi berbasis shipment Xiaomi 2024 dan struktur wilayah IDC
2024-08-13,Asia,POCO,30454,Estimasi berbasis shipment Xiaomi 2024 dan struktur wilayah IDC
2024-08-13,Europe,POCO,12601,Estimasi berbasis shipment Xiaomi 2024 dan struktur wilayah IDC
2024-08-13,Latin America,POCO,5251,Estimasi berbasis shipment Xiaomi 2024 dan struktur wilayah IDC
2024-08-13,Middle East & Africa,POCO,4200,Estimasi berbasis shipment Xiaomi 2024 dan struktur wilayah IDC
2024-08-13,Asia,Black Shark,4838,Estimasi berbasis shipment Xiaomi 2024 dan struktur wilayah IDC
2024-08-13,Europe,Black Shark,2002,Estimasi berbasis shipment Xiaomi 2024 dan struktur wilayah IDC
2024-08-13,Latin America,Black Shark,834,Estimasi berbasis shipment Xiaomi 2024 dan struktur wilayah IDC
2024-08-13,Middle East & Africa,Black Shark,667,Estimasi berbasis shipment Xiaomi 2024 dan struktur wilayah IDC
2024-08-13,Asia,Other,18500,Estimasi berbasis shipment Xiaomi 2024 dan struktur wilayah IDC
2024-08-13,Europe,Other,7655,Estimasi berbasis shipment Xiaomi 2024 dan struktur wilayah IDC
2024-08-13,Latin America,Other,3190,Estimasi berbasis shipment Xiaomi 2024 dan struktur wilayah IDC
2024-08-13,Middle East & Africa,Other,2552,Estimasi berbasis shipment Xiaomi 2024 dan struktur wilayah IDC
2024-08-14,Asia,Redmi,151267,Estimasi berbasis shipment Xiaomi 2024 dan struktur wilayah IDC
2024-08-14,Europe,Redmi,62593,Estimasi berbasis shipment Xiaomi 2024 dan struktur wilayah IDC
2024-08-14,Latin America,Redmi,26081,Estimasi berbasis shipment Xiaomi 2024 dan struktur wilayah IDC
2024-08-14,Middle East & Africa,Redmi,20864,Estimasi berbasis shipment Xiaomi 2024 dan struktur wilayah IDC
2024-08-14,Asia,Xiaomi Flagship,17838,Estimasi berbasis shipment Xiaomi 2024 dan struktur wilayah IDC
2024-08-14,Europe,Xiaomi Flagship,7381,Estimasi berbasis shipment Xiaomi 2024 dan struktur wilayah IDC
2024-08-14,Latin America,Xiaomi Flagship,3076,Estimasi berbasis shipment Xiaomi 2024 dan struktur wilayah IDC
2024-08-14,Middle East & Africa,Xiaomi Flagship,2460,Estimasi berbasis shipment Xiaomi 2024 dan struktur wilayah IDC
2024-08-14,Asia,POCO,25449,Estimasi berbasis shipment Xiaomi 2024 dan struktur wilayah IDC
2024-08-14,Europe,POCO,10531,Estimasi berbasis shipment Xiaomi 2024 dan struktur wilayah IDC
2024-08-14,Latin America,POCO,4388,Estimasi berbasis shipment Xiaomi 2024 dan struktur wilayah IDC
2024-08-14,Middle East & Africa,POCO,3510,Estimasi berbasis shipment Xiaomi 2024 dan struktur wilayah IDC
2024-08-14,Asia,Black Shark,4043,Estimasi berbasis shipment Xiaomi 2024 dan struktur wilayah IDC
2024-08-14,Europe,Black Shark,1673,Estimasi berbasis shipment Xiaomi 2024 dan struktur wilayah IDC
2024-08-14,Latin America,Black Shark,697,Estimasi berbasis shipment Xiaomi 2024 dan struktur wilayah IDC
2024-08-14,Middle East & Africa,Black Shark,558,Estimasi berbasis shipment Xiaomi 2024 dan struktur wilayah IDC
2024-08-14,Asia,Other,15460,Estimasi berbasis shipment Xiaomi 2024 dan struktur wilayah IDC
2024-08-14,Europe,Other,6397,Estimasi berbasis shipment Xiaomi 2024 dan struktur wilayah IDC
2024-08-14,Latin America,Other,2665,Estimasi berbasis shipment Xiaomi 2024 dan struktur wilayah IDC
2024-08-14,Middle East & Africa,Other,2132,Estimasi berbasis shipment Xiaomi 2024 dan struktur wilayah IDC
2024-08-15,Asia,Redmi,176192,Estimasi berbasis shipment Xiaomi 2024 dan struktur wilayah IDC
2024-08-15,Europe,Redmi,72907,Estimasi berbasis shipment Xiaomi 2024 dan struktur wilayah IDC
2024-08-15,Latin America,Redmi,30378,Estimasi berbasis shipment Xiaomi 2024 dan struktur wilayah IDC
2024-08-15,Middle East & Africa,Redmi,24302,Estimasi berbasis shipment Xiaomi 2024 dan struktur wilayah IDC
2024-08-15,Asia,Xiaomi Flagship,20777,Estimasi berbasis shipment Xiaomi 2024 dan struktur wilayah IDC
2024-08-15,Europe,Xiaomi Flagship,8598,Estimasi berbasis shipment Xiaomi 2024 dan struktur wilayah IDC
2024-08-15,Latin America,Xiaomi Flagship,3582,Estimasi berbasis shipment Xiaomi 2024 dan struktur wilayah IDC
2024-08-15,Middle East & Africa,Xiaomi Flagship,2866,Estimasi berbasis shipment Xiaomi 2024 dan struktur wilayah IDC
2024-08-15,Asia,POCO,29642,Estimasi berbasis shipment Xiaomi 2024 dan struktur wilayah IDC
2024-08-15,Europe,POCO,12266,Estimasi berbasis shipment Xiaomi 2024 dan struktur wilayah IDC
2024-08-15,Latin America,POCO,5111,Estimasi berbasis shipment Xiaomi 2024 dan struktur wilayah IDC
2024-08-15,Middle East & Africa,POCO,4089,Estimasi berbasis shipment Xiaomi 2024 dan struktur wilayah IDC
2024-08-15,Asia,Black Shark,4710,Estimasi berbasis shipment Xiaomi 2024 dan struktur wilayah IDC
2024-08-15,Europe,Black Shark,1949,Estimasi berbasis shipment Xiaomi 2024 dan struktur wilayah IDC
2024-08-15,Latin America,Black Shark,812,Estimasi berbasis shipment Xiaomi 2024 dan struktur wilayah IDC
2024-08-15,Middle East & Africa,Black Shark,650,Estimasi berbasis shipment Xiaomi 2024 dan struktur wilayah IDC
2024-08-15,Asia,Other,18007,Estimasi berbasis shipment Xiaomi 2024 dan struktur wilayah IDC
2024-08-15,Europe,Other,7451,Estimasi berbasis shipment Xiaomi 2024 dan struktur wilayah IDC
2024-08-15,Latin America,Other,3105,Estimasi berbasis shipment Xiaomi 2024 dan struktur wilayah IDC
2024-08-15,Middle East & Africa,Other,2484,Estimasi berbasis shipment Xiaomi 2024 dan struktur wilayah IDC
2024-08-16,Asia,Redmi,165274,Estimasi berbasis shipment Xiaomi 2024 dan struktur wilayah IDC
2024-08-16,Europe,Redmi,68389,Estimasi berbasis shipment Xiaomi 2024 dan struktur wilayah IDC
2024-08-16,Latin America,Redmi,28495,Estimasi berbasis shipment Xiaomi 2024 dan struktur wilayah IDC
2024-08-16,Middle East & Africa,Redmi,22796,Estimasi berbasis shipment Xiaomi 2024 dan struktur wilayah IDC
2024-08-16,Asia,Xiaomi Flagship,19490,Estimasi berbasis shipment Xiaomi 2024 dan struktur wilayah IDC
2024-08-16,Europe,Xiaomi Flagship,8065,Estimasi berbasis shipment Xiaomi 2024 dan struktur wilayah IDC
2024-08-16,Latin America,Xiaomi Flagship,3360,Estimasi berbasis shipment Xiaomi 2024 dan struktur wilayah IDC
2024-08-16,Middle East & Africa,Xiaomi Flagship,2688,Estimasi berbasis shipment Xiaomi 2024 dan struktur wilayah IDC
2024-08-16,Asia,POCO,27805,Estimasi berbasis shipment Xiaomi 2024 dan struktur wilayah IDC
2024-08-16,Europe,POCO,11506,Estimasi berbasis shipment Xiaomi 2024 dan struktur wilayah IDC
2024-08-16,Latin America,POCO,4794,Estimasi berbasis shipment Xiaomi 2024 dan struktur wilayah IDC
2024-08-16,Middle East & Africa,POCO,3835,Estimasi berbasis shipment Xiaomi 2024 dan struktur wilayah IDC
2024-08-16,Asia,Black Shark,4418,Estimasi berbasis shipment Xiaomi 2024 dan struktur wilayah IDC
2024-08-16,Europe,Black Shark,1828,Estimasi berbasis shipment Xiaomi 2024 dan struktur wilayah IDC
2024-08-16,Latin America,Black Shark,762,Estimasi berbasis shipment Xiaomi 2024 dan struktur wilayah IDC
2024-08-16,Middle East & Africa,Black Shark,609,Estimasi berbasis shipment Xiaomi 2024 dan struktur wilayah IDC
2024-08-16,Asia,Other,16891,Estimasi berbasis shipment Xiaomi 2024 dan struktur wilayah IDC
2024-08-16,Europe,Other,6989,Estimasi berbasis shipment Xiaomi 2024 dan struktur wilayah IDC
2024-08-16,Latin America,Other,2912,Estimasi berbasis shipment Xiaomi 2024 dan struktur wilayah IDC
2024-08-16,Middle East & Africa,Other,2330,Estimasi berbasis shipment Xiaomi 2024 dan struktur wilayah IDC
2024-08-17,Asia,Redmi,168183,Estimasi berbasis shipment Xiaomi 2024 dan struktur wilayah IDC
2024-08-17,Europe,Redmi,69593,Estimasi berbasis shipment Xiaomi 2024 dan struktur wilayah IDC
2024-08-17,Latin America,Redmi,28997,Estimasi berbasis shipment Xiaomi 2024 dan struktur wilayah IDC
2024-08-17,Middle East & Africa,Redmi,23198,Estimasi berbasis shipment Xiaomi 2024 dan struktur wilayah IDC
2024-08-17,Asia,Xiaomi Flagship,19833,Estimasi berbasis shipment Xiaomi 2024 dan struktur wilayah IDC
2024-08-17,Europe,Xiaomi Flagship,8207,Estimasi berbasis shipment Xiaomi 2024 dan struktur wilayah IDC
2024-08-17,Latin America,Xiaomi Flagship,3419,Estimasi berbasis shipment Xiaomi 2024 dan struktur wilayah IDC
2024-08-17,Middle East & Africa,Xiaomi Flagship,2736,Estimasi berbasis shipment Xiaomi 2024 dan struktur wilayah IDC
2024-08-17,Asia,POCO,28295,Estimasi berbasis shipment Xiaomi 2024 dan struktur wilayah IDC
2024-08-17,Europe,POCO,11708,Estimasi berbasis shipment Xiaomi 2024 dan struktur wilayah IDC
2024-08-17,Latin America,POCO,4878,Estimasi berbasis shipment Xiaomi 2024 dan struktur wilayah IDC
2024-08-17,Middle East & Africa,POCO,3903,Estimasi berbasis shipment Xiaomi 2024 dan struktur wilayah IDC
2024-08-17,Asia,Black Shark,4495,Estimasi berbasis shipment Xiaomi 2024 dan struktur wilayah IDC
2024-08-17,Europe,Black Shark,1860,Estimasi berbasis shipment Xiaomi 2024 dan struktur wilayah IDC
2024-08-17,Latin America,Black Shark,775,Estimasi berbasis shipment Xiaomi 2024 dan struktur wilayah IDC
2024-08-17,Middle East & Africa,Black Shark,620,Estimasi berbasis shipment Xiaomi 2024 dan struktur wilayah IDC
2024-08-17,Asia,Other,17188,Estimasi berbasis shipment Xiaomi 2024 dan struktur wilayah IDC
2024-08-17,Europe,Other,7112,Estimasi berbasis shipment Xiaomi 2024 dan struktur wilayah IDC
2024-08-17,Latin America,Other,2964,Estimasi berbasis shipment Xiaomi 2024 dan struktur wilayah IDC
2024-08-17,Middle East & Africa,Other,2371,Estimasi berbasis shipment Xiaomi 2024 dan struktur wilayah IDC
2024-08-18,Asia,Redmi,157448,Estimasi berbasis shipment Xiaomi 2024 dan struktur wilayah IDC
2024-08-18,Europe,Redmi,65151,Estimasi berbasis shipment Xiaomi 2024 dan struktur wilayah IDC
2024-08-18,Latin America,Redmi,27146,Estimasi berbasis shipment Xiaomi 2024 dan struktur wilayah IDC
2024-08-18,Middle East & Africa,Redmi,21717,Estimasi berbasis shipment Xiaomi 2024 dan struktur wilayah IDC
2024-08-18,Asia,Xiaomi Flagship,18567,Estimasi berbasis shipment Xiaomi 2024 dan struktur wilayah IDC
2024-08-18,Europe,Xiaomi Flagship,7683,Estimasi berbasis shipment Xiaomi 2024 dan struktur wilayah IDC
2024-08-18,Latin America,Xiaomi Flagship,3201,Estimasi berbasis shipment Xiaomi 2024 dan struktur wilayah IDC
2024-08-18,Middle East & Africa,Xiaomi Flagship,2561,Estimasi berbasis shipment Xiaomi 2024 dan struktur wilayah IDC
2024-08-18,Asia,POCO,26489,Estimasi berbasis shipment Xiaomi 2024 dan struktur wilayah IDC
2024-08-18,Europe,POCO,10961,Estimasi berbasis shipment Xiaomi 2024 dan struktur wilayah IDC
2024-08-18,Latin America,POCO,4567,Estimasi berbasis shipment Xiaomi 2024 dan struktur wilayah IDC
2024-08-18,Middle East & Africa,POCO,3654,Estimasi berbasis shipment Xiaomi 2024 dan struktur wilayah IDC
2024-08-18,Asia,Black Shark,4209,Estimasi berbasis shipment Xiaomi 2024 dan struktur wilayah IDC
2024-08-18,Europe,Black Shark,1741,Estimasi berbasis shipment Xiaomi 2024 dan struktur wilayah IDC
2024-08-18,Latin America,Black Shark,726,Estimasi berbasis shipment Xiaomi 2024 dan struktur wilayah IDC
2024-08-18,Middle East & Africa,Black Shark,580,Estimasi berbasis shipment Xiaomi 2024 dan struktur wilayah IDC
2024-08-18,Asia,Other,16091,Estimasi berbasis shipment Xiaomi 2024 dan struktur wilayah IDC
2024-08-18,Europe,Other,6659,Estimasi berbasis shipment Xiaomi 2024 dan struktur wilayah IDC
2024-08-18,Latin America,Other,2774,Estimasi berbasis shipment Xiaomi 2024 dan struktur wilayah IDC
2024-08-18,Middle East & Africa,Other,2220,Estimasi berbasis shipment Xiaomi 2024 dan struktur wilayah IDC
2024-08-19,Asia,Redmi,157158,Estimasi berbasis shipment Xiaomi 2024 dan struktur wilayah IDC
2024-08-19,Europe,Redmi,65031,Estimasi berbasis shipment Xiaomi 2024 dan struktur wilayah IDC
2024-08-19,Latin America,Redmi,27096,Estimasi berbasis shipment Xiaomi 2024 dan struktur wilayah IDC
2024-08-19,Middle East & Africa,Redmi,21677,Estimasi berbasis shipment Xiaomi 2024 dan struktur wilayah IDC
2024-08-19,Asia,Xiaomi Flagship,18533,Estimasi berbasis shipment Xiaomi 2024 dan struktur wilayah IDC
2024-08-19,Europe,Xiaomi Flagship,7669,Estimasi berbasis shipment Xiaomi 2024 dan struktur wilayah IDC
2024-08-19,Latin America,Xiaomi Flagship,3195,Estimasi berbasis shipment Xiaomi 2024 dan struktur wilayah IDC
2024-08-19,Middle East & Africa,Xiaomi Flagship,2556,Estimasi berbasis shipment Xiaomi 2024 dan struktur wilayah IDC
2024-08-19,Asia,POCO,26440,Estimasi berbasis shipment Xiaomi 2024 dan struktur wilayah IDC
2024-08-19,Europe,POCO,10941,Estimasi berbasis shipment Xiaomi 2024 dan struktur wilayah IDC
2024-08-19,Latin America,POCO,4559,Estimasi berbasis shipment Xiaomi 2024 dan struktur wilayah IDC
2024-08-19,Middle East & Africa,POCO,3647,Estimasi berbasis shipment Xiaomi 2024 dan struktur wilayah IDC
2024-08-19,Asia,Black Shark,4201,Estimasi berbasis shipment Xiaomi 2024 dan struktur wilayah IDC
2024-08-19,Europe,Black Shark,1738,Estimasi berbasis shipment Xiaomi 2024 dan struktur wilayah IDC
2024-08-19,Latin America,Black Shark,724,Estimasi berbasis shipment Xiaomi 2024 dan struktur wilayah IDC
2024-08-19,Middle East & Africa,Black Shark,579,Estimasi berbasis shipment Xiaomi 2024 dan struktur wilayah IDC
2024-08-19,Asia,Other,16062,Estimasi berbasis shipment Xiaomi 2024 dan struktur wilayah IDC
2024-08-19,Europe,Other,6646,Estimasi berbasis shipment Xiaomi 2024 dan struktur wilayah IDC
2024-08-19,Latin America,Other,2769,Estimasi berbasis shipment Xiaomi 2024 dan struktur wilayah IDC
2024-08-19,Middle East & Africa,Other,2215,Estimasi berbasis shipment Xiaomi 2024 dan struktur wilayah IDC
2024-08-20,Asia,Redmi,179907,Estimasi berbasis shipment Xiaomi 2024 dan struktur wilayah IDC
2024-08-20,Europe,Redmi,74444,Estimasi berbasis shipment Xiaomi 2024 dan struktur wilayah IDC
2024-08-20,Latin America,Redmi,31018,Estimasi berbasis shipment Xiaomi 2024 dan struktur wilayah IDC
2024-08-20,Middle East & Africa,Redmi,24815,Estimasi berbasis shipment Xiaomi 2024 dan struktur wilayah IDC
2024-08-20,Asia,Xiaomi Flagship,21215,Estimasi berbasis shipment Xiaomi 2024 dan struktur wilayah IDC
2024-08-20,Europe,Xiaomi Flagship,8779,Estimasi berbasis shipment Xiaomi 2024 dan struktur wilayah IDC
2024-08-20,Latin America,Xiaomi Flagship,3658,Estimasi berbasis shipment Xiaomi 2024 dan struktur wilayah IDC
2024-08-20,Middle East & Africa,Xiaomi Flagship,2926,Estimasi berbasis shipment Xiaomi 2024 dan struktur wilayah IDC
2024-08-20,Asia,POCO,30267,Estimasi berbasis shipment Xiaomi 2024 dan struktur wilayah IDC
2024-08-20,Europe,POCO,12524,Estimasi berbasis shipment Xiaomi 2024 dan struktur wilayah IDC
2024-08-20,Latin America,POCO,5219,Estimasi berbasis shipment Xiaomi 2024 dan struktur wilayah IDC
2024-08-20,Middle East & Africa,POCO,4175,Estimasi berbasis shipment Xiaomi 2024 dan struktur wilayah IDC
2024-08-20,Asia,Black Shark,4809,Estimasi berbasis shipment Xiaomi 2024 dan struktur wilayah IDC
2024-08-20,Europe,Black Shark,1990,Estimasi berbasis shipment Xiaomi 2024 dan struktur wilayah IDC
2024-08-20,Latin America,Black Shark,829,Estimasi berbasis shipment Xiaomi 2024 dan struktur wilayah IDC
2024-08-20,Middle East & Africa,Black Shark,663,Estimasi berbasis shipment Xiaomi 2024 dan struktur wilayah IDC
2024-08-20,Asia,Other,18387,Estimasi berbasis shipment Xiaomi 2024 dan struktur wilayah IDC
2024-08-20,Europe,Other,7608,Estimasi berbasis shipment Xiaomi 2024 dan struktur wilayah IDC
2024-08-20,Latin America,Other,3170,Estimasi berbasis shipment Xiaomi 2024 dan struktur wilayah IDC
2024-08-20,Middle East & Africa,Other,2536,Estimasi berbasis shipment Xiaomi 2024 dan struktur wilayah IDC
2024-08-21,Asia,Redmi,165087,Estimasi berbasis shipment Xiaomi 2024 dan struktur wilayah IDC
2024-08-21,Europe,Redmi,68312,Estimasi berbasis shipment Xiaomi 2024 dan struktur wilayah IDC
2024-08-21,Latin America,Redmi,28463,Estimasi berbasis shipment Xiaomi 2024 dan struktur wilayah IDC
2024-08-21,Middle East & Africa,Redmi,22771,Estimasi berbasis shipment Xiaomi 2024 dan struktur wilayah IDC
2024-08-21,Asia,Xiaomi Flagship,19468,Estimasi berbasis shipment Xiaomi 2024 dan struktur wilayah IDC
2024-08-21,Europe,Xiaomi Flagship,8056,Estimasi berbasis shipment Xiaomi 2024 dan struktur wilayah IDC
2024-08-21,Latin America,Xiaomi Flagship,3357,Estimasi berbasis shipment Xiaomi 2024 dan struktur wilayah IDC
2024-08-21,Middle East & Africa,Xiaomi Flagship,2685,Estimasi berbasis shipment Xiaomi 2024 dan struktur wilayah IDC
2024-08-21,Asia,POCO,27774,Estimasi berbasis shipment Xiaomi 2024 dan struktur wilayah IDC
2024-08-21,Europe,POCO,11493,Estimasi berbasis shipment Xiaomi 2024 dan struktur wilayah IDC
2024-08-21,Latin America,POCO,4789,Estimasi berbasis shipment Xiaomi 2024 dan struktur wilayah IDC
2024-08-21,Middle East & Africa,POCO,3831,Estimasi berbasis shipment Xiaomi 2024 dan struktur wilayah IDC
2024-08-21,Asia,Black Shark,4413,Estimasi berbasis shipment Xiaomi 2024 dan struktur wilayah IDC
2024-08-21,Europe,Black Shark,1826,Estimasi berbasis shipment Xiaomi 2024 dan struktur wilayah IDC
2024-08-21,Latin America,Black Shark,761,Estimasi berbasis shipment Xiaomi 2024 dan struktur wilayah IDC
2024-08-21,Middle East & Africa,Black Shark,609,Estimasi berbasis shipment Xiaomi 2024 dan struktur wilayah IDC
2024-08-21,Asia,Other,16872,Estimasi berbasis shipment Xiaomi 2024 dan struktur wilayah IDC
2024-08-21,Europe,Other,6982,Estimasi berbasis shipment Xiaomi 2024 dan struktur wilayah IDC
2024-08-21,Latin America,Other,2909,Estimasi berbasis shipment Xiaomi 2024 dan struktur wilayah IDC
2024-08-21,Middle East & Africa,Other,2327,Estimasi berbasis shipment Xiaomi 2024 dan struktur wilayah IDC
2024-08-22,Asia,Redmi,161491,Estimasi berbasis shipment Xiaomi 2024 dan struktur wilayah IDC
2024-08-22,Europe,Redmi,66824,Estimasi berbasis shipment Xiaomi 2024 dan struktur wilayah IDC
2024-08-22,Latin America,Redmi,27843,Estimasi berbasis shipment Xiaomi 2024 dan struktur wilayah IDC
2024-08-22,Middle East & Africa,Redmi,22275,Estimasi berbasis shipment Xiaomi 2024 dan struktur wilayah IDC
2024-08-22,Asia,Xiaomi Flagship,19044,Estimasi berbasis shipment Xiaomi 2024 dan struktur wilayah IDC
2024-08-22,Europe,Xiaomi Flagship,7880,Estimasi berbasis shipment Xiaomi 2024 dan struktur wilayah IDC
2024-08-22,Latin America,Xiaomi Flagship,3283,Estimasi berbasis shipment Xiaomi 2024 dan struktur wilayah IDC
2024-08-22,Middle East & Africa,Xiaomi Flagship,2627,Estimasi berbasis shipment Xiaomi 2024 dan struktur wilayah IDC
2024-08-22,Asia,POCO,27169,Estimasi berbasis shipment Xiaomi 2024 dan struktur wilayah IDC
2024-08-22,Europe,POCO,11242,Estimasi berbasis shipment Xiaomi 2024 dan struktur wilayah IDC
2024-08-22,Latin America,POCO,4684,Estimasi berbasis shipment Xiaomi 2024 dan struktur wilayah IDC
2024-08-22,Middle East & Africa,POCO,3747,Estimasi berbasis shipment Xiaomi 2024 dan struktur wilayah IDC
2024-08-22,Asia,Black Shark,4317,Estimasi berbasis shipment Xiaomi 2024 dan struktur wilayah IDC
2024-08-22,Europe,Black Shark,1786,Estimasi berbasis shipment Xiaomi 2024 dan struktur wilayah IDC
2024-08-22,Latin America,Black Shark,744,Estimasi berbasis shipment Xiaomi 2024 dan struktur wilayah IDC
2024-08-22,Middle East & Africa,Black Shark,595,Estimasi berbasis shipment Xiaomi 2024 dan struktur wilayah IDC
2024-08-22,Asia,Other,16505,Estimasi berbasis shipment Xiaomi 2024 dan struktur wilayah IDC
2024-08-22,Europe,Other,6829,Estimasi berbasis shipment Xiaomi 2024 dan struktur wilayah IDC
2024-08-22,Latin America,Other,2846,Estimasi berbasis shipment Xiaomi 2024 dan struktur wilayah IDC
2024-08-22,Middle East & Africa,Other,2276,Estimasi berbasis shipment Xiaomi 2024 dan struktur wilayah IDC
2024-08-23,Asia,Redmi,159843,Estimasi berbasis shipment Xiaomi 2024 dan struktur wilayah IDC
2024-08-23,Europe,Redmi,66142,Estimasi berbasis shipment Xiaomi 2024 dan struktur wilayah IDC
2024-08-23,Latin America,Redmi,27559,Estimasi berbasis shipment Xiaomi 2024 dan struktur wilayah IDC
2024-08-23,Middle East & Africa,Redmi,22047,Estimasi berbasis shipment Xiaomi 2024 dan struktur wilayah IDC
2024-08-23,Asia,Xiaomi Flagship,18849,Estimasi berbasis shipment Xiaomi 2024 dan struktur wilayah IDC
2024-08-23,Europe,Xiaomi Flagship,7800,Estimasi berbasis shipment Xiaomi 2024 dan struktur wilayah IDC
2024-08-23,Latin America,Xiaomi Flagship,3250,Estimasi berbasis shipment Xiaomi 2024 dan struktur wilayah IDC
2024-08-23,Middle East & Africa,Xiaomi Flagship,2600,Estimasi berbasis shipment Xiaomi 2024 dan struktur wilayah IDC
2024-08-23,Asia,POCO,26892,Estimasi berbasis shipment Xiaomi 2024 dan struktur wilayah IDC
2024-08-23,Europe,POCO,11128,Estimasi berbasis shipment Xiaomi 2024 dan struktur wilayah IDC
2024-08-23,Latin America,POCO,4637,Estimasi berbasis shipment Xiaomi 2024 dan struktur wilayah IDC
2024-08-23,Middle East & Africa,POCO,3709,Estimasi berbasis shipment Xiaomi 2024 dan struktur wilayah IDC
2024-08-23,Asia,Black Shark,4273,Estimasi berbasis shipment Xiaomi 2024 dan struktur wilayah IDC
2024-08-23,Europe,Black Shark,1768,Estimasi berbasis shipment Xiaomi 2024 dan struktur wilayah IDC
2024-08-23,Latin America,Black Shark,737,Estimasi berbasis shipment Xiaomi 2024 dan struktur wilayah IDC
2024-08-23,Middle East & Africa,Black Shark,589,Estimasi berbasis shipment Xiaomi 2024 dan struktur wilayah IDC
2024-08-23,Asia,Other,16336,Estimasi berbasis shipment Xiaomi 2024 dan struktur wilayah IDC
2024-08-23,Europe,Other,6760,Estimasi berbasis shipment Xiaomi 2024 dan struktur wilayah IDC
2024-08-23,Latin America,Other,2817,Estimasi berbasis shipment Xiaomi 2024 dan struktur wilayah IDC
2024-08-23,Middle East & Africa,Other,2253,Estimasi berbasis shipment Xiaomi 2024 dan struktur wilayah IDC
2024-08-24,Asia,Redmi,172898,Estimasi berbasis shipment Xiaomi 2024 dan struktur wilayah IDC
2024-08-24,Europe,Redmi,71544,Estimasi berbasis shipment Xiaomi 2024 dan struktur wilayah IDC
2024-08-24,Latin America,Redmi,29810,Estimasi berbasis shipment Xiaomi 2024 dan struktur wilayah IDC
2024-08-24,Middle East & Africa,Redmi,23848,Estimasi berbasis shipment Xiaomi 2024 dan struktur wilayah IDC
2024-08-24,Asia,Xiaomi Flagship,20389,Estimasi berbasis shipment Xiaomi 2024 dan struktur wilayah IDC
2024-08-24,Europe,Xiaomi Flagship,8437,Estimasi berbasis shipment Xiaomi 2024 dan struktur wilayah IDC
2024-08-24,Latin America,Xiaomi Flagship,3515,Estimasi berbasis shipment Xiaomi 2024 dan struktur wilayah IDC
2024-08-24,Middle East & Africa,Xiaomi Flagship,2812,Estimasi berbasis shipment Xiaomi 2024 dan struktur wilayah IDC
2024-08-24,Asia,POCO,29088,Estimasi berbasis shipment Xiaomi 2024 dan struktur wilayah IDC
2024-08-24,Europe,POCO,12036,Estimasi berbasis shipment Xiaomi 2024 dan struktur wilayah IDC
2024-08-24,Latin America,POCO,5015,Estimasi berbasis shipment Xiaomi 2024 dan struktur wilayah IDC
2024-08-24,Middle East & Africa,POCO,4012,Estimasi berbasis shipment Xiaomi 2024 dan struktur wilayah IDC
2024-08-24,Asia,Black Shark,4621,Estimasi berbasis shipment Xiaomi 2024 dan struktur wilayah IDC
2024-08-24,Europe,Black Shark,1912,Estimasi berbasis shipment Xiaomi 2024 dan struktur wilayah IDC
2024-08-24,Latin America,Black Shark,797,Estimasi berbasis shipment Xiaomi 2024 dan struktur wilayah IDC
2024-08-24,Middle East & Africa,Black Shark,637,Estimasi berbasis shipment Xiaomi 2024 dan struktur wilayah IDC
2024-08-24,Asia,Other,17670,Estimasi berbasis shipment Xiaomi 2024 dan struktur wilayah IDC
2024-08-24,Europe,Other,7312,Estimasi berbasis shipment Xiaomi 2024 dan struktur wilayah IDC
2024-08-24,Latin America,Other,3047,Estimasi berbasis shipment Xiaomi 2024 dan struktur wilayah IDC
2024-08-24,Middle East & Africa,Other,2437,Estimasi berbasis shipment Xiaomi 2024 dan struktur wilayah IDC
2024-08-25,Asia,Redmi,180859,Estimasi berbasis shipment Xiaomi 2024 dan struktur wilayah IDC
2024-08-25,Europe,Redmi,74838,Estimasi berbasis shipment Xiaomi 2024 dan struktur wilayah IDC
2024-08-25,Latin America,Redmi,31183,Estimasi berbasis shipment Xiaomi 2024 dan struktur wilayah IDC
2024-08-25,Middle East & Africa,Redmi,24946,Estimasi berbasis shipment Xiaomi 2024 dan struktur wilayah IDC
2024-08-25,Asia,Xiaomi Flagship,21328,Estimasi berbasis shipment Xiaomi 2024 dan struktur wilayah IDC
2024-08-25,Europe,Xiaomi Flagship,8825,Estimasi berbasis shipment Xiaomi 2024 dan struktur wilayah IDC
2024-08-25,Latin America,Xiaomi Flagship,3677,Estimasi berbasis shipment Xiaomi 2024 dan struktur wilayah IDC
2024-08-25,Middle East & Africa,Xiaomi Flagship,2942,Estimasi berbasis shipment Xiaomi 2024 dan struktur wilayah IDC
2024-08-25,Asia,POCO,30427,Estimasi berbasis shipment Xiaomi 2024 dan struktur wilayah IDC
2024-08-25,Europe,POCO,12591,Estimasi berbasis shipment Xiaomi 2024 dan struktur wilayah IDC
2024-08-25,Latin America,POCO,5246,Estimasi berbasis shipment Xiaomi 2024 dan struktur wilayah IDC
2024-08-25,Middle East & Africa,POCO,4197,Estimasi berbasis shipment Xiaomi 2024 dan struktur wilayah IDC
2024-08-25,Asia,Black Shark,4834,Estimasi berbasis shipment Xiaomi 2024 dan struktur wilayah IDC
2024-08-25,Europe,Black Shark,2000,Estimasi berbasis shipment Xiaomi 2024 dan struktur wilayah IDC
2024-08-25,Latin America,Black Shark,833,Estimasi berbasis shipment Xiaomi 2024 dan struktur wilayah IDC
2024-08-25,Middle East & Africa,Black Shark,667,Estimasi berbasis shipment Xiaomi 2024 dan struktur wilayah IDC
2024-08-25,Asia,Other,18484,Estimasi berbasis shipment Xiaomi 2024 dan struktur wilayah IDC
2024-08-25,Europe,Other,7649,Estimasi berbasis shipment Xiaomi 2024 dan struktur wilayah IDC
2024-08-25,Latin America,Other,3187,Estimasi berbasis shipment Xiaomi 2024 dan struktur wilayah IDC
2024-08-25,Middle East & Africa,Other,2550,Estimasi berbasis shipment Xiaomi 2024 dan struktur wilayah IDC
2024-08-26,Asia,Redmi,151798,Estimasi berbasis shipment Xiaomi 2024 dan struktur wilayah IDC
2024-08-26,Europe,Redmi,62813,Estimasi berbasis shipment Xiaomi 2024 dan struktur wilayah IDC
2024-08-26,Latin America,Redmi,26172,Estimasi berbasis shipment Xiaomi 2024 dan struktur wilayah IDC
2024-08-26,Middle East & Africa,Redmi,20938,Estimasi berbasis shipment Xiaomi 2024 dan struktur wilayah IDC
2024-08-26,Asia,Xiaomi Flagship,17901,Estimasi berbasis shipment Xiaomi 2024 dan struktur wilayah IDC
2024-08-26,Europe,Xiaomi Flagship,7407,Estimasi berbasis shipment Xiaomi 2024 dan struktur wilayah IDC
2024-08-26,Latin America,Xiaomi Flagship,3086,Estimasi berbasis shipment Xiaomi 2024 dan struktur wilayah IDC
2024-08-26,Middle East & Africa,Xiaomi Flagship,2469,Estimasi berbasis shipment Xiaomi 2024 dan struktur wilayah IDC
2024-08-26,Asia,POCO,25538,Estimasi berbasis shipment Xiaomi 2024 dan struktur wilayah IDC
2024-08-26,Europe,POCO,10568,Estimasi berbasis shipment Xiaomi 2024 dan struktur wilayah IDC
2024-08-26,Latin America,POCO,4403,Estimasi berbasis shipment Xiaomi 2024 dan struktur wilayah IDC
2024-08-26,Middle East & Africa,POCO,3523,Estimasi berbasis shipment Xiaomi 2024 dan struktur wilayah IDC
2024-08-26,Asia,Black Shark,4058,Estimasi berbasis shipment Xiaomi 2024 dan struktur wilayah IDC
2024-08-26,Europe,Black Shark,1679,Estimasi berbasis shipment Xiaomi 2024 dan struktur wilayah IDC
2024-08-26,Latin America,Black Shark,700,Estimasi berbasis shipment Xiaomi 2024 dan struktur wilayah IDC
2024-08-26,Middle East & Africa,Black Shark,560,Estimasi berbasis shipment Xiaomi 2024 dan struktur wilayah IDC
2024-08-26,Asia,Other,15514,Estimasi berbasis shipment Xiaomi 2024 dan struktur wilayah IDC
2024-08-26,Europe,Other,6420,Estimasi berbasis shipment Xiaomi 2024 dan struktur wilayah IDC
2024-08-26,Latin America,Other,2675,Estimasi berbasis shipment Xiaomi 2024 dan struktur wilayah IDC
2024-08-26,Middle East & Africa,Other,2140,Estimasi berbasis shipment Xiaomi 2024 dan struktur wilayah IDC
2024-08-27,Asia,Redmi,152886,Estimasi berbasis shipment Xiaomi 2024 dan struktur wilayah IDC
2024-08-27,Europe,Redmi,63263,Estimasi berbasis shipment Xiaomi 2024 dan struktur wilayah IDC
2024-08-27,Latin America,Redmi,26360,Estimasi berbasis shipment Xiaomi 2024 dan struktur wilayah IDC
2024-08-27,Middle East & Africa,Redmi,21088,Estimasi berbasis shipment Xiaomi 2024 dan struktur wilayah IDC
2024-08-27,Asia,Xiaomi Flagship,18029,Estimasi berbasis shipment Xiaomi 2024 dan struktur wilayah IDC
2024-08-27,Europe,Xiaomi Flagship,7460,Estimasi berbasis shipment Xiaomi 2024 dan struktur wilayah IDC
2024-08-27,Latin America,Xiaomi Flagship,3108,Estimasi berbasis shipment Xiaomi 2024 dan struktur wilayah IDC
2024-08-27,Middle East & Africa,Xiaomi Flagship,2487,Estimasi berbasis shipment Xiaomi 2024 dan struktur wilayah IDC
2024-08-27,Asia,POCO,25721,Estimasi berbasis shipment Xiaomi 2024 dan struktur wilayah IDC
2024-08-27,Europe,POCO,10643,Estimasi berbasis shipment Xiaomi 2024 dan struktur wilayah IDC
2024-08-27,Latin America,POCO,4435,Estimasi berbasis shipment Xiaomi 2024 dan struktur wilayah IDC
2024-08-27,Middle East & Africa,POCO,3548,Estimasi berbasis shipment Xiaomi 2024 dan struktur wilayah IDC
2024-08-27,Asia,Black Shark,4087,Estimasi berbasis shipment Xiaomi 2024 dan struktur wilayah IDC
2024-08-27,Europe,Black Shark,1691,Estimasi berbasis shipment Xiaomi 2024 dan struktur wilayah IDC
2024-08-27,Latin America,Black Shark,705,Estimasi berbasis shipment Xiaomi 2024 dan struktur wilayah IDC
2024-08-27,Middle East & Africa,Black Shark,564,Estimasi berbasis shipment Xiaomi 2024 dan struktur wilayah IDC
2024-08-27,Asia,Other,15625,Estimasi berbasis shipment Xiaomi 2024 dan struktur wilayah IDC
2024-08-27,Europe,Other,6466,Estimasi berbasis shipment Xiaomi 2024 dan struktur wilayah IDC
2024-08-27,Latin America,Other,2694,Estimasi berbasis shipment Xiaomi 2024 dan struktur wilayah IDC
2024-08-27,Middle East & Africa,Other,2155,Estimasi berbasis shipment Xiaomi 2024 dan struktur wilayah IDC
2024-08-28,Asia,Redmi,164480,Estimasi berbasis shipment Xiaomi 2024 dan struktur wilayah IDC
2024-08-28,Europe,Redmi,68061,Estimasi berbasis shipment Xiaomi 2024 dan struktur wilayah IDC
2024-08-28,Latin America,Redmi,28359,Estimasi berbasis shipment Xiaomi 2024 dan struktur wilayah IDC
2024-08-28,Middle East & Africa,Redmi,22687,Estimasi berbasis shipment Xiaomi 2024 dan struktur wilayah IDC
2024-08-28,Asia,Xiaomi Flagship,19396,Estimasi berbasis shipment Xiaomi 2024 dan struktur wilayah IDC
2024-08-28,Europe,Xiaomi Flagship,8026,Estimasi berbasis shipment Xiaomi 2024 dan struktur wilayah IDC
2024-08-28,Latin America,Xiaomi Flagship,3344,Estimasi berbasis shipment Xiaomi 2024 dan struktur wilayah IDC
2024-08-28,Middle East & Africa,Xiaomi Flagship,2675,Estimasi berbasis shipment Xiaomi 2024 dan struktur wilayah IDC
2024-08-28,Asia,POCO,27672,Estimasi berbasis shipment Xiaomi 2024 dan struktur wilayah IDC
2024-08-28,Europe,POCO,11450,Estimasi berbasis shipment Xiaomi 2024 dan struktur wilayah IDC
2024-08-28,Latin America,POCO,4771,Estimasi berbasis shipment Xiaomi 2024 dan struktur wilayah IDC
2024-08-28,Middle East & Africa,POCO,3817,Estimasi berbasis shipment Xiaomi 2024 dan struktur wilayah IDC
2024-08-28,Asia,Black Shark,4396,Estimasi berbasis shipment Xiaomi 2024 dan struktur wilayah IDC
2024-08-28,Europe,Black Shark,1819,Estimasi berbasis shipment Xiaomi 2024 dan struktur wilayah IDC
2024-08-28,Latin America,Black Shark,758,Estimasi berbasis shipment Xiaomi 2024 dan struktur wilayah IDC
2024-08-28,Middle East & Africa,Black Shark,606,Estimasi berbasis shipment Xiaomi 2024 dan struktur wilayah IDC
2024-08-28,Asia,Other,16810,Estimasi berbasis shipment Xiaomi 2024 dan struktur wilayah IDC
2024-08-28,Europe,Other,6956,Estimasi berbasis shipment Xiaomi 2024 dan struktur wilayah IDC
2024-08-28,Latin America,Other,2898,Estimasi berbasis shipment Xiaomi 2024 dan struktur wilayah IDC
2024-08-28,Middle East & Africa,Other,2319,Estimasi berbasis shipment Xiaomi 2024 dan struktur wilayah IDC
2024-08-29,Asia,Redmi,163603,Estimasi berbasis shipment Xiaomi 2024 dan struktur wilayah IDC
2024-08-29,Europe,Redmi,67698,Estimasi berbasis shipment Xiaomi 2024 dan struktur wilayah IDC
2024-08-29,Latin America,Redmi,28207,Estimasi berbasis shipment Xiaomi 2024 dan struktur wilayah IDC
2024-08-29,Middle East & Africa,Redmi,22566,Estimasi berbasis shipment Xiaomi 2024 dan struktur wilayah IDC
2024-08-29,Asia,Xiaomi Flagship,19293,Estimasi berbasis shipment Xiaomi 2024 dan struktur wilayah IDC
2024-08-29,Europe,Xiaomi Flagship,7983,Estimasi berbasis shipment Xiaomi 2024 dan struktur wilayah IDC
2024-08-29,Latin America,Xiaomi Flagship,3326,Estimasi berbasis shipment Xiaomi 2024 dan struktur wilayah IDC
2024-08-29,Middle East & Africa,Xiaomi Flagship,2661,Estimasi berbasis shipment Xiaomi 2024 dan struktur wilayah IDC
2024-08-29,Asia,POCO,27524,Estimasi berbasis shipment Xiaomi 2024 dan struktur wilayah IDC
2024-08-29,Europe,POCO,11389,Estimasi berbasis shipment Xiaomi 2024 dan struktur wilayah IDC
2024-08-29,Latin America,POCO,4746,Estimasi berbasis shipment Xiaomi 2024 dan struktur wilayah IDC
2024-08-29,Middle East & Africa,POCO,3796,Estimasi berbasis shipment Xiaomi 2024 dan struktur wilayah IDC
2024-08-29,Asia,Black Shark,4373,Estimasi berbasis shipment Xiaomi 2024 dan struktur wilayah IDC
2024-08-29,Europe,Black Shark,1810,Estimasi berbasis shipment Xiaomi 2024 dan struktur wilayah IDC
2024-08-29,Latin America,Black Shark,754,Estimasi berbasis shipment Xiaomi 2024 dan struktur wilayah IDC
2024-08-29,Middle East & Africa,Black Shark,603,Estimasi berbasis shipment Xiaomi 2024 dan struktur wilayah IDC
2024-08-29,Asia,Other,16720,Estimasi berbasis shipment Xiaomi 2024 dan struktur wilayah IDC
2024-08-29,Europe,Other,6919,Estimasi berbasis shipment Xiaomi 2024 dan struktur wilayah IDC
2024-08-29,Latin America,Other,2883,Estimasi berbasis shipment Xiaomi 2024 dan struktur wilayah IDC
2024-08-29,Middle East & Africa,Other,2306,Estimasi berbasis shipment Xiaomi 2024 dan struktur wilayah IDC
2024-08-30,Asia,Redmi,156438,Estimasi berbasis shipment Xiaomi 2024 dan struktur wilayah IDC
2024-08-30,Europe,Redmi,64733,Estimasi berbasis shipment Xiaomi 2024 dan struktur wilayah IDC
2024-08-30,Latin America,Redmi,26972,Estimasi berbasis shipment Xiaomi 2024 dan struktur wilayah IDC
2024-08-30,Middle East & Africa,Redmi,21578,Estimasi berbasis shipment Xiaomi 2024 dan struktur wilayah IDC
2024-08-30,Asia,Xiaomi Flagship,18448,Estimasi berbasis shipment Xiaomi 2024 dan struktur wilayah IDC
2024-08-30,Europe,Xiaomi Flagship,7634,Estimasi berbasis shipment Xiaomi 2024 dan struktur wilayah IDC
2024-08-30,Latin America,Xiaomi Flagship,3181,Estimasi berbasis shipment Xiaomi 2024 dan struktur wilayah IDC
2024-08-30,Middle East & Africa,Xiaomi Flagship,2545,Estimasi berbasis shipment Xiaomi 2024 dan struktur wilayah IDC
2024-08-30,Asia,POCO,26319,Estimasi berbasis shipment Xiaomi 2024 dan struktur wilayah IDC
2024-08-30,Europe,POCO,10891,Estimasi berbasis shipment Xiaomi 2024 dan struktur wilayah IDC
2024-08-30,Latin America,POCO,4538,Estimasi berbasis shipment Xiaomi 2024 dan struktur wilayah IDC
2024-08-30,Middle East & Africa,POCO,3630,Estimasi berbasis shipment Xiaomi 2024 dan struktur wilayah IDC
2024-08-30,Asia,Black Shark,4182,Estimasi berbasis shipment Xiaomi 2024 dan struktur wilayah IDC
2024-08-30,Europe,Black Shark,1730,Estimasi berbasis shipment Xiaomi 2024 dan struktur wilayah IDC
2024-08-30,Latin America,Black Shark,721,Estimasi berbasis shipment Xiaomi 2024 dan struktur wilayah IDC
2024-08-30,Middle East & Africa,Black Shark,577,Estimasi berbasis shipment Xiaomi 2024 dan struktur wilayah IDC
2024-08-30,Asia,Other,15988,Estimasi berbasis shipment Xiaomi 2024 dan struktur wilayah IDC
2024-08-30,Europe,Other,6616,Estimasi berbasis shipment Xiaomi 2024 dan struktur wilayah IDC
2024-08-30,Latin America,Other,2757,Estimasi berbasis shipment Xiaomi 2024 dan struktur wilayah IDC
2024-08-30,Middle East & Africa,Other,2205,Estimasi berbasis shipment Xiaomi 2024 dan struktur wilayah IDC
2024-08-31,Asia,Redmi,170655,Estimasi berbasis shipment Xiaomi 2024 dan struktur wilayah IDC
2024-08-31,Europe,Redmi,70616,Estimasi berbasis shipment Xiaomi 2024 dan struktur wilayah IDC
2024-08-31,Latin America,Redmi,29423,Estimasi berbasis shipment Xiaomi 2024 dan struktur wilayah IDC
2024-08-31,Middle East & Africa,Redmi,23539,Estimasi berbasis shipment Xiaomi 2024 dan struktur wilayah IDC
2024-08-31,Asia,Xiaomi Flagship,20124,Estimasi berbasis shipment Xiaomi 2024 dan struktur wilayah IDC
2024-08-31,Europe,Xiaomi Flagship,8327,Estimasi berbasis shipment Xiaomi 2024 dan struktur wilayah IDC
2024-08-31,Latin America,Xiaomi Flagship,3470,Estimasi berbasis shipment Xiaomi 2024 dan struktur wilayah IDC
2024-08-31,Middle East & Africa,Xiaomi Flagship,2776,Estimasi berbasis shipment Xiaomi 2024 dan struktur wilayah IDC
2024-08-31,Asia,POCO,28711,Estimasi berbasis shipment Xiaomi 2024 dan struktur wilayah IDC
2024-08-31,Europe,POCO,11880,Estimasi berbasis shipment Xiaomi 2024 dan struktur wilayah IDC
2024-08-31,Latin America,POCO,4950,Estimasi berbasis shipment Xiaomi 2024 dan struktur wilayah IDC
2024-08-31,Middle East & Africa,POCO,3960,Estimasi berbasis shipment Xiaomi 2024 dan struktur wilayah IDC
2024-08-31,Asia,Black Shark,4562,Estimasi berbasis shipment Xiaomi 2024 dan struktur wilayah IDC
2024-08-31,Europe,Black Shark,1888,Estimasi berbasis shipment Xiaomi 2024 dan struktur wilayah IDC
2024-08-31,Latin America,Black Shark,786,Estimasi berbasis shipment Xiaomi 2024 dan struktur wilayah IDC
2024-08-31,Middle East & Africa,Black Shark,629,Estimasi berbasis shipment Xiaomi 2024 dan struktur wilayah IDC
2024-08-31,Asia,Other,17441,Estimasi berbasis shipment Xiaomi 2024 dan struktur wilayah IDC
2024-08-31,Europe,Other,7217,Estimasi berbasis shipment Xiaomi 2024 dan struktur wilayah IDC
2024-08-31,Latin America,Other,3007,Estimasi berbasis shipment Xiaomi 2024 dan struktur wilayah IDC
2024-08-31,Middle East & Africa,Other,2406,Estimasi berbasis shipment Xiaomi 2024 dan struktur wilayah IDC
2024-09-01,Asia,Redmi,179298,Estimasi berbasis shipment Xiaomi 2024 dan struktur wilayah IDC
2024-09-01,Europe,Redmi,74192,Estimasi berbasis shipment Xiaomi 2024 dan struktur wilayah IDC
2024-09-01,Latin America,Redmi,30913,Estimasi berbasis shipment Xiaomi 2024 dan struktur wilayah IDC
2024-09-01,Middle East & Africa,Redmi,24731,Estimasi berbasis shipment Xiaomi 2024 dan struktur wilayah IDC
2024-09-01,Asia,Xiaomi Flagship,21144,Estimasi berbasis shipment Xiaomi 2024 dan struktur wilayah IDC
2024-09-01,Europe,Xiaomi Flagship,8749,Estimasi berbasis shipment Xiaomi 2024 dan struktur wilayah IDC
2024-09-01,Latin America,Xiaomi Flagship,3645,Estimasi berbasis shipment Xiaomi 2024 dan struktur wilayah IDC
2024-09-01,Middle East & Africa,Xiaomi Flagship,2916,Estimasi berbasis shipment Xiaomi 2024 dan struktur wilayah IDC
2024-09-01,Asia,POCO,30165,Estimasi berbasis shipment Xiaomi 2024 dan struktur wilayah IDC
2024-09-01,Europe,POCO,12482,Estimasi berbasis shipment Xiaomi 2024 dan struktur wilayah IDC
2024-09-01,Latin America,POCO,5201,Estimasi berbasis shipment Xiaomi 2024 dan struktur wilayah IDC
2024-09-01,Middle East & Africa,POCO,4161,Estimasi berbasis shipment Xiaomi 2024 dan struktur wilayah IDC
2024-09-01,Asia,Black Shark,4793,Estimasi berbasis shipment Xiaomi 2024 dan struktur wilayah IDC
2024-09-01,Europe,Black Shark,1983,Estimasi berbasis shipment Xiaomi 2024 dan struktur wilayah IDC
2024-09-01,Latin America,Black Shark,826,Estimasi berbasis shipment Xiaomi 2024 dan struktur wilayah IDC
2024-09-01,Middle East & Africa,Black Shark,661,Estimasi berbasis shipment Xiaomi 2024 dan struktur wilayah IDC
2024-09-01,Asia,Other,18324,Estimasi berbasis shipment Xiaomi 2024 dan struktur wilayah IDC
2024-09-01,Europe,Other,7583,Estimasi berbasis shipment Xiaomi 2024 dan struktur wilayah IDC
2024-09-01,Latin America,Other,3159,Estimasi berbasis shipment Xiaomi 2024 dan struktur wilayah IDC
2024-09-01,Middle East & Africa,Other,2528,Estimasi berbasis shipment Xiaomi 2024 dan struktur wilayah IDC
2024-09-02,Asia,Redmi,167358,Estimasi berbasis shipment Xiaomi 2024 dan struktur wilayah IDC
2024-09-02,Europe,Redmi,69252,Estimasi berbasis shipment Xiaomi 2024 dan struktur wilayah IDC
2024-09-02,Latin America,Redmi,28855,Estimasi berbasis shipment Xiaomi 2024 dan struktur wilayah IDC
2024-09-02,Middle East & Africa,Redmi,23084,Estimasi berbasis shipment Xiaomi 2024 dan struktur wilayah IDC
2024-09-02,Asia,Xiaomi Flagship,19736,Estimasi berbasis shipment Xiaomi 2024 dan struktur wilayah IDC
2024-09-02,Europe,Xiaomi Flagship,8166,Estimasi berbasis shipment Xiaomi 2024 dan struktur wilayah IDC
2024-09-02,Latin America,Xiaomi Flagship,3403,Estimasi berbasis shipment Xiaomi 2024 dan struktur wilayah IDC
2024-09-02,Middle East & Africa,Xiaomi Flagship,2722,Estimasi berbasis shipment Xiaomi 2024 dan struktur wilayah IDC
2024-09-02,Asia,POCO,28156,Estimasi berbasis shipment Xiaomi 2024 dan struktur wilayah IDC
2024-09-02,Europe,POCO,11651,Estimasi berbasis shipment Xiaomi 2024 dan struktur wilayah IDC
2024-09-02,Latin America,POCO,4855,Estimasi berbasis shipment Xiaomi 2024 dan struktur wilayah IDC
2024-09-02,Middle East & Africa,POCO,3884,Estimasi berbasis shipment Xiaomi 2024 dan struktur wilayah IDC
2024-09-02,Asia,Black Shark,4473,Estimasi berbasis shipment Xiaomi 2024 dan struktur wilayah IDC
2024-09-02,Europe,Black Shark,1851,Estimasi berbasis shipment Xiaomi 2024 dan struktur wilayah IDC
2024-09-02,Latin America,Black Shark,771,Estimasi berbasis shipment Xiaomi 2024 dan struktur wilayah IDC
2024-09-02,Middle East & Africa,Black Shark,617,Estimasi berbasis shipment Xiaomi 2024 dan struktur wilayah IDC
2024-09-02,Asia,Other,17104,Estimasi berbasis shipment Xiaomi 2024 dan struktur wilayah IDC
2024-09-02,Europe,Other,7078,Estimasi berbasis shipment Xiaomi 2024 dan struktur wilayah IDC
2024-09-02,Latin America,Other,2949,Estimasi berbasis shipment Xiaomi 2024 dan struktur wilayah IDC
2024-09-02,Middle East & Africa,Other,2359,Estimasi berbasis shipment Xiaomi 2024 dan struktur wilayah IDC
2024-09-03,Asia,Redmi,168208,Estimasi berbasis shipment Xiaomi 2024 dan struktur wilayah IDC
2024-09-03,Europe,Redmi,69603,Estimasi berbasis shipment Xiaomi 2024 dan struktur wilayah IDC
2024-09-03,Latin America,Redmi,29001,Estimasi berbasis shipment Xiaomi 2024 dan struktur wilayah IDC
2024-09-03,Middle East & Africa,Redmi,23201,Estimasi berbasis shipment Xiaomi 2024 dan struktur wilayah IDC
2024-09-03,Asia,Xiaomi Flagship,19836,Estimasi berbasis shipment Xiaomi 2024 dan struktur wilayah IDC
2024-09-03,Europe,Xiaomi Flagship,8208,Estimasi berbasis shipment Xiaomi 2024 dan struktur wilayah IDC
2024-09-03,Latin America,Xiaomi Flagship,3420,Estimasi berbasis shipment Xiaomi 2024 dan struktur wilayah IDC
2024-09-03,Middle East & Africa,Xiaomi Flagship,2736,Estimasi berbasis shipment Xiaomi 2024 dan struktur wilayah IDC
2024-09-03,Asia,POCO,28299,Estimasi berbasis shipment Xiaomi 2024 dan struktur wilayah IDC
2024-09-03,Europe,POCO,11710,Estimasi berbasis shipment Xiaomi 2024 dan struktur wilayah IDC
2024-09-03,Latin America,POCO,4879,Estimasi berbasis shipment Xiaomi 2024 dan struktur wilayah IDC
2024-09-03,Middle East & Africa,POCO,3903,Estimasi berbasis shipment Xiaomi 2024 dan struktur wilayah IDC
2024-09-03,Asia,Black Shark,4496,Estimasi berbasis shipment Xiaomi 2024 dan struktur wilayah IDC
2024-09-03,Europe,Black Shark,1860,Estimasi berbasis shipment Xiaomi 2024 dan struktur wilayah IDC
2024-09-03,Latin America,Black Shark,775,Estimasi berbasis shipment Xiaomi 2024 dan struktur wilayah IDC
2024-09-03,Middle East & Africa,Black Shark,620,Estimasi berbasis shipment Xiaomi 2024 dan struktur wilayah IDC
2024-09-03,Asia,Other,17191,Estimasi berbasis shipment Xiaomi 2024 dan struktur wilayah IDC
2024-09-03,Europe,Other,7114,Estimasi berbasis shipment Xiaomi 2024 dan struktur wilayah IDC
2024-09-03,Latin America,Other,2964,Estimasi berbasis shipment Xiaomi 2024 dan struktur wilayah IDC
2024-09-03,Middle East & Africa,Other,2371,Estimasi berbasis shipment Xiaomi 2024 dan struktur wilayah IDC
2024-09-04,Asia,Redmi,186613,Estimasi berbasis shipment Xiaomi 2024 dan struktur wilayah IDC
2024-09-04,Europe,Redmi,77219,Estimasi berbasis shipment Xiaomi 2024 dan struktur wilayah IDC
2024-09-04,Latin America,Redmi,32175,Estimasi berbasis shipment Xiaomi 2024 dan struktur wilayah IDC
2024-09-04,Middle East & Africa,Redmi,25740,Estimasi berbasis shipment Xiaomi 2024 dan struktur wilayah IDC
2024-09-04,Asia,Xiaomi Flagship,22006,Estimasi berbasis shipment Xiaomi 2024 dan struktur wilayah IDC
2024-09-04,Europe,Xiaomi Flagship,9106,Estimasi berbasis shipment Xiaomi 2024 dan struktur wilayah IDC
2024-09-04,Latin America,Xiaomi Flagship,3794,Estimasi berbasis shipment Xiaomi 2024 dan struktur wilayah IDC
2024-09-04,Middle East & Africa,Xiaomi Flagship,3035,Estimasi berbasis shipment Xiaomi 2024 dan struktur wilayah IDC
2024-09-04,Asia,POCO,31396,Estimasi berbasis shipment Xiaomi 2024 dan struktur wilayah IDC
2024-09-04,Europe,POCO,12991,Estimasi berbasis shipment Xiaomi 2024 dan struktur wilayah IDC
2024-09-04,Latin America,POCO,5413,Estimasi berbasis shipment Xiaomi 2024 dan struktur wilayah IDC
2024-09-04,Middle East & Africa,POCO,4330,Estimasi berbasis shipment Xiaomi 2024 dan struktur wilayah IDC
2024-09-04,Asia,Black Shark,4988,Estimasi berbasis shipment Xiaomi 2024 dan struktur wilayah IDC
2024-09-04,Europe,Black Shark,2064,Estimasi berbasis shipment Xiaomi 2024 dan struktur wilayah IDC
2024-09-04,Latin America,Black Shark,860,Estimasi berbasis shipment Xiaomi 2024 dan struktur wilayah IDC
2024-09-04,Middle East & Africa,Black Shark,688,Estimasi berbasis shipment Xiaomi 2024 dan struktur wilayah IDC
2024-09-04,Asia,Other,19072,Estimasi berbasis shipment Xiaomi 2024 dan struktur wilayah IDC
2024-09-04,Europe,Other,7892,Estimasi berbasis shipment Xiaomi 2024 dan struktur wilayah IDC
2024-09-04,Latin America,Other,3288,Estimasi berbasis shipment Xiaomi 2024 dan struktur wilayah IDC
2024-09-04,Middle East & Africa,Other,2631,Estimasi berbasis shipment Xiaomi 2024 dan struktur wilayah IDC
2024-09-05,Asia,Redmi,175603,Estimasi berbasis shipment Xiaomi 2024 dan struktur wilayah IDC
2024-09-05,Europe,Redmi,72663,Estimasi berbasis shipment Xiaomi 2024 dan struktur wilayah IDC
2024-09-05,Latin America,Redmi,30276,Estimasi berbasis shipment Xiaomi 2024 dan struktur wilayah IDC
2024-09-05,Middle East & Africa,Redmi,24221,Estimasi berbasis shipment Xiaomi 2024 dan struktur wilayah IDC
2024-09-05,Asia,Xiaomi Flagship,20708,Estimasi berbasis shipment Xiaomi 2024 dan struktur wilayah IDC
2024-09-05,Europe,Xiaomi Flagship,8569,Estimasi berbasis shipment Xiaomi 2024 dan struktur wilayah IDC
2024-09-05,Latin America,Xiaomi Flagship,3570,Estimasi berbasis shipment Xiaomi 2024 dan struktur wilayah IDC
2024-09-05,Middle East & Africa,Xiaomi Flagship,2856,Estimasi berbasis shipment Xiaomi 2024 dan struktur wilayah IDC
2024-09-05,Asia,POCO,29543,Estimasi berbasis shipment Xiaomi 2024 dan struktur wilayah IDC
2024-09-05,Europe,POCO,12225,Estimasi berbasis shipment Xiaomi 2024 dan struktur wilayah IDC
2024-09-05,Latin America,POCO,5094,Estimasi berbasis shipment Xiaomi 2024 dan struktur wilayah IDC
2024-09-05,Middle East & Africa,POCO,4075,Estimasi berbasis shipment Xiaomi 2024 dan struktur wilayah IDC
2024-09-05,Asia,Black Shark,4694,Estimasi berbasis shipment Xiaomi 2024 dan struktur wilayah IDC
2024-09-05,Europe,Black Shark,1942,Estimasi berbasis shipment Xiaomi 2024 dan struktur wilayah IDC
2024-09-05,Latin America,Black Shark,809,Estimasi berbasis shipment Xiaomi 2024 dan struktur wilayah IDC
2024-09-05,Middle East & Africa,Black Shark,647,Estimasi berbasis shipment Xiaomi 2024 dan struktur wilayah IDC
2024-09-05,Asia,Other,17947,Estimasi berbasis shipment Xiaomi 2024 dan struktur wilayah IDC
2024-09-05,Europe,Other,7426,Estimasi berbasis shipment Xiaomi 2024 dan struktur wilayah IDC
2024-09-05,Latin America,Other,3094,Estimasi berbasis shipment Xiaomi 2024 dan struktur wilayah IDC
2024-09-05,Middle East & Africa,Other,2475,Estimasi berbasis shipment Xiaomi 2024 dan struktur wilayah IDC
2024-09-06,Asia,Redmi,193653,Estimasi berbasis shipment Xiaomi 2024 dan struktur wilayah IDC
2024-09-06,Europe,Redmi,80132,Estimasi berbasis shipment Xiaomi 2024 dan struktur wilayah IDC
2024-09-06,Latin America,Redmi,33388,Estimasi berbasis shipment Xiaomi 2024 dan struktur wilayah IDC
2024-09-06,Middle East & Africa,Redmi,26711,Estimasi berbasis shipment Xiaomi 2024 dan struktur wilayah IDC
2024-09-06,Asia,Xiaomi Flagship,22836,Estimasi berbasis shipment Xiaomi 2024 dan struktur wilayah IDC
2024-09-06,Europe,Xiaomi Flagship,9450,Estimasi berbasis shipment Xiaomi 2024 dan struktur wilayah IDC
2024-09-06,Latin America,Xiaomi Flagship,3937,Estimasi berbasis shipment Xiaomi 2024 dan struktur wilayah IDC
2024-09-06,Middle East & Africa,Xiaomi Flagship,3150,Estimasi berbasis shipment Xiaomi 2024 dan struktur wilayah IDC
2024-09-06,Asia,POCO,32580,Estimasi berbasis shipment Xiaomi 2024 dan struktur wilayah IDC
2024-09-06,Europe,POCO,13481,Estimasi berbasis shipment Xiaomi 2024 dan struktur wilayah IDC
2024-09-06,Latin America,POCO,5617,Estimasi berbasis shipment Xiaomi 2024 dan struktur wilayah IDC
2024-09-06,Middle East & Africa,POCO,4494,Estimasi berbasis shipment Xiaomi 2024 dan struktur wilayah IDC
2024-09-06,Asia,Black Shark,5176,Estimasi berbasis shipment Xiaomi 2024 dan struktur wilayah IDC
2024-09-06,Europe,Black Shark,2142,Estimasi berbasis shipment Xiaomi 2024 dan struktur wilayah IDC
2024-09-06,Latin America,Black Shark,892,Estimasi berbasis shipment Xiaomi 2024 dan struktur wilayah IDC
2024-09-06,Middle East & Africa,Black Shark,714,Estimasi berbasis shipment Xiaomi 2024 dan struktur wilayah IDC
2024-09-06,Asia,Other,19792,Estimasi berbasis shipment Xiaomi 2024 dan struktur wilayah IDC
2024-09-06,Europe,Other,8190,Estimasi berbasis shipment Xiaomi 2024 dan struktur wilayah IDC
2024-09-06,Latin America,Other,3412,Estimasi berbasis shipment Xiaomi 2024 dan struktur wilayah IDC
2024-09-06,Middle East & Africa,Other,2730,Estimasi berbasis shipment Xiaomi 2024 dan struktur wilayah IDC
2024-09-07,Asia,Redmi,168206,Estimasi berbasis shipment Xiaomi 2024 dan struktur wilayah IDC
2024-09-07,Europe,Redmi,69602,Estimasi berbasis shipment Xiaomi 2024 dan struktur wilayah IDC
2024-09-07,Latin America,Redmi,29001,Estimasi berbasis shipment Xiaomi 2024 dan struktur wilayah IDC
2024-09-07,Middle East & Africa,Redmi,23201,Estimasi berbasis shipment Xiaomi 2024 dan struktur wilayah IDC
2024-09-07,Asia,Xiaomi Flagship,19836,Estimasi berbasis shipment Xiaomi 2024 dan struktur wilayah IDC
2024-09-07,Europe,Xiaomi Flagship,8208,Estimasi berbasis shipment Xiaomi 2024 dan struktur wilayah IDC
2024-09-07,Latin America,Xiaomi Flagship,3420,Estimasi berbasis shipment Xiaomi 2024 dan struktur wilayah IDC
2024-09-07,Middle East & Africa,Xiaomi Flagship,2736,Estimasi berbasis shipment Xiaomi 2024 dan struktur wilayah IDC
2024-09-07,Asia,POCO,28299,Estimasi berbasis shipment Xiaomi 2024 dan struktur wilayah IDC
2024-09-07,Europe,POCO,11710,Estimasi berbasis shipment Xiaomi 2024 dan struktur wilayah IDC
2024-09-07,Latin America,POCO,4879,Estimasi berbasis shipment Xiaomi 2024 dan struktur wilayah IDC
2024-09-07,Middle East & Africa,POCO,3903,Estimasi berbasis shipment Xiaomi 2024 dan struktur wilayah IDC
2024-09-07,Asia,Black Shark,4496,Estimasi berbasis shipment Xiaomi 2024 dan struktur wilayah IDC
2024-09-07,Europe,Black Shark,1860,Estimasi berbasis shipment Xiaomi 2024 dan struktur wilayah IDC
2024-09-07,Latin America,Black Shark,775,Estimasi berbasis shipment Xiaomi 2024 dan struktur wilayah IDC
2024-09-07,Middle East & Africa,Black Shark,620,Estimasi berbasis shipment Xiaomi 2024 dan struktur wilayah IDC
2024-09-07,Asia,Other,17191,Estimasi berbasis shipment Xiaomi 2024 dan struktur wilayah IDC
2024-09-07,Europe,Other,7113,Estimasi berbasis shipment Xiaomi 2024 dan struktur wilayah IDC
2024-09-07,Latin America,Other,2964,Estimasi berbasis shipment Xiaomi 2024 dan struktur wilayah IDC
2024-09-07,Middle East & Africa,Other,2371,Estimasi berbasis shipment Xiaomi 2024 dan struktur wilayah IDC
2024-09-08,Asia,Redmi,163604,Estimasi berbasis shipment Xiaomi 2024 dan struktur wilayah IDC
2024-09-08,Europe,Redmi,67698,Estimasi berbasis shipment Xiaomi 2024 dan struktur wilayah IDC
2024-09-08,Latin America,Redmi,28208,Estimasi berbasis shipment Xiaomi 2024 dan struktur wilayah IDC
2024-09-08,Middle East & Africa,Redmi,22566,Estimasi berbasis shipment Xiaomi 2024 dan struktur wilayah IDC
2024-09-08,Asia,Xiaomi Flagship,19293,Estimasi berbasis shipment Xiaomi 2024 dan struktur wilayah IDC
2024-09-08,Europe,Xiaomi Flagship,7983,Estimasi berbasis shipment Xiaomi 2024 dan struktur wilayah IDC
2024-09-08,Latin America,Xiaomi Flagship,3326,Estimasi berbasis shipment Xiaomi 2024 dan struktur wilayah IDC
2024-09-08,Middle East & Africa,Xiaomi Flagship,2661,Estimasi berbasis shipment Xiaomi 2024 dan struktur wilayah IDC
2024-09-08,Asia,POCO,27525,Estimasi berbasis shipment Xiaomi 2024 dan struktur wilayah IDC
2024-09-08,Europe,POCO,11389,Estimasi berbasis shipment Xiaomi 2024 dan struktur wilayah IDC
2024-09-08,Latin America,POCO,4746,Estimasi berbasis shipment Xiaomi 2024 dan struktur wilayah IDC
2024-09-08,Middle East & Africa,POCO,3796,Estimasi berbasis shipment Xiaomi 2024 dan struktur wilayah IDC
2024-09-08,Asia,Black Shark,4373,Estimasi berbasis shipment Xiaomi 2024 dan struktur wilayah IDC
2024-09-08,Europe,Black Shark,1810,Estimasi berbasis shipment Xiaomi 2024 dan struktur wilayah IDC
2024-09-08,Latin America,Black Shark,754,Estimasi berbasis shipment Xiaomi 2024 dan struktur wilayah IDC
2024-09-08,Middle East & Africa,Black Shark,603,Estimasi berbasis shipment Xiaomi 2024 dan struktur wilayah IDC
2024-09-08,Asia,Other,16721,Estimasi berbasis shipment Xiaomi 2024 dan struktur wilayah IDC
2024-09-08,Europe,Other,6919,Estimasi berbasis shipment Xiaomi 2024 dan struktur wilayah IDC
2024-09-08,Latin America,Other,2883,Estimasi berbasis shipment Xiaomi 2024 dan struktur wilayah IDC
2024-09-08,Middle East & Africa,Other,2306,Estimasi berbasis shipment Xiaomi 2024 dan struktur wilayah IDC
2024-09-09,Asia,Redmi,187211,Estimasi berbasis shipment Xiaomi 2024 dan struktur wilayah IDC
2024-09-09,Europe,Redmi,77467,Estimasi berbasis shipment Xiaomi 2024 dan struktur wilayah IDC
2024-09-09,Latin America,Redmi,32278,Estimasi berbasis shipment Xiaomi 2024 dan struktur wilayah IDC
2024-09-09,Middle East & Africa,Redmi,25822,Estimasi berbasis shipment Xiaomi 2024 dan struktur wilayah IDC
2024-09-09,Asia,Xiaomi Flagship,22077,Estimasi berbasis shipment Xiaomi 2024 dan struktur wilayah IDC
2024-09-09,Europe,Xiaomi Flagship,9135,Estimasi berbasis shipment Xiaomi 2024 dan struktur wilayah IDC
2024-09-09,Latin America,Xiaomi Flagship,3806,Estimasi berbasis shipment Xiaomi 2024 dan struktur wilayah IDC
2024-09-09,Middle East & Africa,Xiaomi Flagship,3045,Estimasi berbasis shipment Xiaomi 2024 dan struktur wilayah IDC
2024-09-09,Asia,POCO,31496,Estimasi berbasis shipment Xiaomi 2024 dan struktur wilayah IDC
2024-09-09,Europe,POCO,13033,Estimasi berbasis shipment Xiaomi 2024 dan struktur wilayah IDC
2024-09-09,Latin America,POCO,5430,Estimasi berbasis shipment Xiaomi 2024 dan struktur wilayah IDC
2024-09-09,Middle East & Africa,POCO,4344,Estimasi berbasis shipment Xiaomi 2024 dan struktur wilayah IDC
2024-09-09,Asia,Black Shark,5004,Estimasi berbasis shipment Xiaomi 2024 dan struktur wilayah IDC
2024-09-09,Europe,Black Shark,2071,Estimasi berbasis shipment Xiaomi 2024 dan struktur wilayah IDC
2024-09-09,Latin America,Black Shark,863,Estimasi berbasis shipment Xiaomi 2024 dan struktur wilayah IDC
2024-09-09,Middle East & Africa,Black Shark,690,Estimasi berbasis shipment Xiaomi 2024 dan struktur wilayah IDC
2024-09-09,Asia,Other,19133,Estimasi berbasis shipment Xiaomi 2024 dan struktur wilayah IDC
2024-09-09,Europe,Other,7917,Estimasi berbasis shipment Xiaomi 2024 dan struktur wilayah IDC
2024-09-09,Latin America,Other,3299,Estimasi berbasis shipment Xiaomi 2024 dan struktur wilayah IDC
2024-09-09,Middle East & Africa,Other,2639,Estimasi berbasis shipment Xiaomi 2024 dan struktur wilayah IDC
2024-09-10,Asia,Redmi,168851,Estimasi berbasis shipment Xiaomi 2024 dan struktur wilayah IDC
2024-09-10,Europe,Redmi,69869,Estimasi berbasis shipment Xiaomi 2024 dan struktur wilayah IDC
2024-09-10,Latin America,Redmi,29112,Estimasi berbasis shipment Xiaomi 2024 dan struktur wilayah IDC
2024-09-10,Middle East & Africa,Redmi,23290,Estimasi berbasis shipment Xiaomi 2024 dan struktur wilayah IDC
2024-09-10,Asia,Xiaomi Flagship,19912,Estimasi berbasis shipment Xiaomi 2024 dan struktur wilayah IDC
2024-09-10,Europe,Xiaomi Flagship,8239,Estimasi berbasis shipment Xiaomi 2024 dan struktur wilayah IDC
2024-09-10,Latin America,Xiaomi Flagship,3433,Estimasi berbasis shipment Xiaomi 2024 dan struktur wilayah IDC
2024-09-10,Middle East & Africa,Xiaomi Flagship,2746,Estimasi berbasis shipment Xiaomi 2024 dan struktur wilayah IDC
2024-09-10,Asia,POCO,28407,Estimasi berbasis shipment Xiaomi 2024 dan struktur wilayah IDC
2024-09-10,Europe,POCO,11755,Estimasi berbasis shipment Xiaomi 2024 dan struktur wilayah IDC
2024-09-10,Latin America,POCO,4898,Estimasi berbasis shipment Xiaomi 2024 dan struktur wilayah IDC
2024-09-10,Middle East & Africa,POCO,3918,Estimasi berbasis shipment Xiaomi 2024 dan struktur wilayah IDC
2024-09-10,Asia,Black Shark,4513,Estimasi berbasis shipment Xiaomi 2024 dan struktur wilayah IDC
2024-09-10,Europe,Black Shark,1868,Estimasi berbasis shipment Xiaomi 2024 dan struktur wilayah IDC
2024-09-10,Latin America,Black Shark,778,Estimasi berbasis shipment Xiaomi 2024 dan struktur wilayah IDC
2024-09-10,Middle East & Africa,Black Shark,623,Estimasi berbasis shipment Xiaomi 2024 dan struktur wilayah IDC
2024-09-10,Asia,Other,17257,Estimasi berbasis shipment Xiaomi 2024 dan struktur wilayah IDC
2024-09-10,Europe,Other,7141,Estimasi berbasis shipment Xiaomi 2024 dan struktur wilayah IDC
2024-09-10,Latin America,Other,2975,Estimasi berbasis shipment Xiaomi 2024 dan struktur wilayah IDC
2024-09-10,Middle East & Africa,Other,2380,Estimasi berbasis shipment Xiaomi 2024 dan struktur wilayah IDC
2024-09-11,Asia,Redmi,181251,Estimasi berbasis shipment Xiaomi 2024 dan struktur wilayah IDC
2024-09-11,Europe,Redmi,75000,Estimasi berbasis shipment Xiaomi 2024 dan struktur wilayah IDC
2024-09-11,Latin America,Redmi,31250,Estimasi berbasis shipment Xiaomi 2024 dan struktur wilayah IDC
2024-09-11,Middle East & Africa,Redmi,25000,Estimasi berbasis shipment Xiaomi 2024 dan struktur wilayah IDC
2024-09-11,Asia,Xiaomi Flagship,21374,Estimasi berbasis shipment Xiaomi 2024 dan struktur wilayah IDC
2024-09-11,Europe,Xiaomi Flagship,8844,Estimasi berbasis shipment Xiaomi 2024 dan struktur wilayah IDC
2024-09-11,Latin America,Xiaomi Flagship,3685,Estimasi berbasis shipment Xiaomi 2024 dan struktur wilayah IDC
2024-09-11,Middle East & Africa,Xiaomi Flagship,2948,Estimasi berbasis shipment Xiaomi 2024 dan struktur wilayah IDC
2024-09-11,Asia,POCO,30493,Estimasi berbasis shipment Xiaomi 2024 dan struktur wilayah IDC
2024-09-11,Europe,POCO,12618,Estimasi berbasis shipment Xiaomi 2024 dan struktur wilayah IDC
2024-09-11,Latin America,POCO,5257,Estimasi berbasis shipment Xiaomi 2024 dan struktur wilayah IDC
2024-09-11,Middle East & Africa,POCO,4206,Estimasi berbasis shipment Xiaomi 2024 dan struktur wilayah IDC
2024-09-11,Asia,Black Shark,4845,Estimasi berbasis shipment Xiaomi 2024 dan struktur wilayah IDC
2024-09-11,Europe,Black Shark,2005,Estimasi berbasis shipment Xiaomi 2024 dan struktur wilayah IDC
2024-09-11,Latin America,Black Shark,835,Estimasi berbasis shipment Xiaomi 2024 dan struktur wilayah IDC
2024-09-11,Middle East & Africa,Black Shark,668,Estimasi berbasis shipment Xiaomi 2024 dan struktur wilayah IDC
2024-09-11,Asia,Other,18524,Estimasi berbasis shipment Xiaomi 2024 dan struktur wilayah IDC
2024-09-11,Europe,Other,7665,Estimasi berbasis shipment Xiaomi 2024 dan struktur wilayah IDC
2024-09-11,Latin America,Other,3194,Estimasi berbasis shipment Xiaomi 2024 dan struktur wilayah IDC
2024-09-11,Middle East & Africa,Other,2555,Estimasi berbasis shipment Xiaomi 2024 dan struktur wilayah IDC
2024-09-12,Asia,Redmi,162208,Estimasi berbasis shipment Xiaomi 2024 dan struktur wilayah IDC
2024-09-12,Europe,Redmi,67120,Estimasi berbasis shipment Xiaomi 2024 dan struktur wilayah IDC
2024-09-12,Latin America,Redmi,27967,Estimasi berbasis shipment Xiaomi 2024 dan struktur wilayah IDC
2024-09-12,Middle East & Africa,Redmi,22373,Estimasi berbasis shipment Xiaomi 2024 dan struktur wilayah IDC
2024-09-12,Asia,Xiaomi Flagship,19128,Estimasi berbasis shipment Xiaomi 2024 dan struktur wilayah IDC
2024-09-12,Europe,Xiaomi Flagship,7915,Estimasi berbasis shipment Xiaomi 2024 dan struktur wilayah IDC
2024-09-12,Latin America,Xiaomi Flagship,3298,Estimasi berbasis shipment Xiaomi 2024 dan struktur wilayah IDC
2024-09-12,Middle East & Africa,Xiaomi Flagship,2638,Estimasi berbasis shipment Xiaomi 2024 dan struktur wilayah IDC
2024-09-12,Asia,POCO,27290,Estimasi berbasis shipment Xiaomi 2024 dan struktur wilayah IDC
2024-09-12,Europe,POCO,11292,Estimasi berbasis shipment Xiaomi 2024 dan struktur wilayah IDC
2024-09-12,Latin America,POCO,4705,Estimasi berbasis shipment Xiaomi 2024 dan struktur wilayah IDC
2024-09-12,Middle East & Africa,POCO,3764,Estimasi berbasis shipment Xiaomi 2024 dan struktur wilayah IDC
2024-09-12,Asia,Black Shark,4336,Estimasi berbasis shipment Xiaomi 2024 dan struktur wilayah IDC
2024-09-12,Europe,Black Shark,1794,Estimasi berbasis shipment Xiaomi 2024 dan struktur wilayah IDC
2024-09-12,Latin America,Black Shark,748,Estimasi berbasis shipment Xiaomi 2024 dan struktur wilayah IDC
2024-09-12,Middle East & Africa,Black Shark,598,Estimasi berbasis shipment Xiaomi 2024 dan struktur wilayah IDC
2024-09-12,Asia,Other,16578,Estimasi berbasis shipment Xiaomi 2024 dan struktur wilayah IDC
2024-09-12,Europe,Other,6860,Estimasi berbasis shipment Xiaomi 2024 dan struktur wilayah IDC
2024-09-12,Latin America,Other,2858,Estimasi berbasis shipment Xiaomi 2024 dan struktur wilayah IDC
2024-09-12,Middle East & Africa,Other,2287,Estimasi berbasis shipment Xiaomi 2024 dan struktur wilayah IDC
2024-09-13,Asia,Redmi,193709,Estimasi berbasis shipment Xiaomi 2024 dan struktur wilayah IDC
2024-09-13,Europe,Redmi,80155,Estimasi berbasis shipment Xiaomi 2024 dan struktur wilayah IDC
2024-09-13,Latin America,Redmi,33398,Estimasi berbasis shipment Xiaomi 2024 dan struktur wilayah IDC
2024-09-13,Middle East & Africa,Redmi,26718,Estimasi berbasis shipment Xiaomi 2024 dan struktur wilayah IDC
2024-09-13,Asia,Xiaomi Flagship,22843,Estimasi berbasis shipment Xiaomi 2024 dan struktur wilayah IDC
2024-09-13,Europe,Xiaomi Flagship,9452,Estimasi berbasis shipment Xiaomi 2024 dan struktur wilayah IDC
2024-09-13,Latin America,Xiaomi Flagship,3938,Estimasi berbasis shipment Xiaomi 2024 dan struktur wilayah IDC
2024-09-13,Middle East & Africa,Xiaomi Flagship,3151,Estimasi berbasis shipment Xiaomi 2024 dan struktur wilayah IDC
2024-09-13,Asia,POCO,32589,Estimasi berbasis shipment Xiaomi 2024 dan struktur wilayah IDC
2024-09-13,Europe,POCO,13485,Estimasi berbasis shipment Xiaomi 2024 dan struktur wilayah IDC
2024-09-13,Latin America,POCO,5619,Estimasi berbasis shipment Xiaomi 2024 dan struktur wilayah IDC
2024-09-13,Middle East & Africa,POCO,4495,Estimasi berbasis shipment Xiaomi 2024 dan struktur wilayah IDC
2024-09-13,Asia,Black Shark,5178,Estimasi berbasis shipment Xiaomi 2024 dan struktur wilayah IDC
2024-09-13,Europe,Black Shark,2143,Estimasi berbasis shipment Xiaomi 2024 dan struktur wilayah IDC
2024-09-13,Latin America,Black Shark,893,Estimasi berbasis shipment Xiaomi 2024 dan struktur wilayah IDC
2024-09-13,Middle East & Africa,Black Shark,714,Estimasi berbasis shipment Xiaomi 2024 dan struktur wilayah IDC
2024-09-13,Asia,Other,19797,Estimasi berbasis shipment Xiaomi 2024 dan struktur wilayah IDC
2024-09-13,Europe,Other,8192,Estimasi berbasis shipment Xiaomi 2024 dan struktur wilayah IDC
2024-09-13,Latin America,Other,3413,Estimasi berbasis shipment Xiaomi 2024 dan struktur wilayah IDC
2024-09-13,Middle East & Africa,Other,2731,Estimasi berbasis shipment Xiaomi 2024 dan struktur wilayah IDC
2024-09-14,Asia,Redmi,164967,Estimasi berbasis shipment Xiaomi 2024 dan struktur wilayah IDC
2024-09-14,Europe,Redmi,68262,Estimasi berbasis shipment Xiaomi 2024 dan struktur wilayah IDC
2024-09-14,Latin America,Redmi,28443,Estimasi berbasis shipment Xiaomi 2024 dan struktur wilayah IDC
2024-09-14,Middle East & Africa,Redmi,22754,Estimasi berbasis shipment Xiaomi 2024 dan struktur wilayah IDC
2024-09-14,Asia,Xiaomi Flagship,19454,Estimasi berbasis shipment Xiaomi 2024 dan struktur wilayah IDC
2024-09-14,Europe,Xiaomi Flagship,8050,Estimasi berbasis shipment Xiaomi 2024 dan struktur wilayah IDC
2024-09-14,Latin America,Xiaomi Flagship,3354,Estimasi berbasis shipment Xiaomi 2024 dan struktur wilayah IDC
2024-09-14,Middle East & Africa,Xiaomi Flagship,2683,Estimasi berbasis shipment Xiaomi 2024 dan struktur wilayah IDC
2024-09-14,Asia,POCO,27754,Estimasi berbasis shipment Xiaomi 2024 dan struktur wilayah IDC
2024-09-14,Europe,POCO,11484,Estimasi berbasis shipment Xiaomi 2024 dan struktur wilayah IDC
2024-09-14,Latin America,POCO,4785,Estimasi berbasis shipment Xiaomi 2024 dan struktur wilayah IDC
2024-09-14,Middle East & Africa,POCO,3828,Estimasi berbasis shipment Xiaomi 2024 dan struktur wilayah IDC
2024-09-14,Asia,Black Shark,4410,Estimasi berbasis shipment Xiaomi 2024 dan struktur wilayah IDC
2024-09-14,Europe,Black Shark,1825,Estimasi berbasis shipment Xiaomi 2024 dan struktur wilayah IDC
2024-09-14,Latin America,Black Shark,760,Estimasi berbasis shipment Xiaomi 2024 dan struktur wilayah IDC
2024-09-14,Middle East & Africa,Black Shark,608,Estimasi berbasis shipment Xiaomi 2024 dan struktur wilayah IDC
2024-09-14,Asia,Other,16860,Estimasi berbasis shipment Xiaomi 2024 dan struktur wilayah IDC
2024-09-14,Europe,Other,6977,Estimasi berbasis shipment Xiaomi 2024 dan struktur wilayah IDC
2024-09-14,Latin America,Other,2907,Estimasi berbasis shipment Xiaomi 2024 dan struktur wilayah IDC
2024-09-14,Middle East & Africa,Other,2326,Estimasi berbasis shipment Xiaomi 2024 dan struktur wilayah IDC
2024-09-15,Asia,Redmi,170959,Estimasi berbasis shipment Xiaomi 2024 dan struktur wilayah IDC
2024-09-15,Europe,Redmi,70742,Estimasi berbasis shipment Xiaomi 2024 dan struktur wilayah IDC
2024-09-15,Latin America,Redmi,29476,Estimasi berbasis shipment Xiaomi 2024 dan struktur wilayah IDC
2024-09-15,Middle East & Africa,Redmi,23581,Estimasi berbasis shipment Xiaomi 2024 dan struktur wilayah IDC
2024-09-15,Asia,Xiaomi Flagship,20160,Estimasi berbasis shipment Xiaomi 2024 dan struktur wilayah IDC
2024-09-15,Europe,Xiaomi Flagship,8342,Estimasi berbasis shipment Xiaomi 2024 dan struktur wilayah IDC
2024-09-15,Latin America,Xiaomi Flagship,3476,Estimasi berbasis shipment Xiaomi 2024 dan struktur wilayah IDC
2024-09-15,Middle East & Africa,Xiaomi Flagship,2781,Estimasi berbasis shipment Xiaomi 2024 dan struktur wilayah IDC
2024-09-15,Asia,POCO,28762,Estimasi berbasis shipment Xiaomi 2024 dan struktur wilayah IDC
2024-09-15,Europe,POCO,11901,Estimasi berbasis shipment Xiaomi 2024 dan struktur wilayah IDC
2024-09-15,Latin America,POCO,4959,Estimasi berbasis shipment Xiaomi 2024 dan struktur wilayah IDC
2024-09-15,Middle East & Africa,POCO,3967,Estimasi berbasis shipment Xiaomi 2024 dan struktur wilayah IDC
2024-09-15,Asia,Black Shark,4570,Estimasi berbasis shipment Xiaomi 2024 dan struktur wilayah IDC
2024-09-15,Europe,Black Shark,1891,Estimasi berbasis shipment Xiaomi 2024 dan struktur wilayah IDC
2024-09-15,Latin America,Black Shark,788,Estimasi berbasis shipment Xiaomi 2024 dan struktur wilayah IDC
2024-09-15,Middle East & Africa,Black Shark,630,Estimasi berbasis shipment Xiaomi 2024 dan struktur wilayah IDC
2024-09-15,Asia,Other,17472,Estimasi berbasis shipment Xiaomi 2024 dan struktur wilayah IDC
2024-09-15,Europe,Other,7230,Estimasi berbasis shipment Xiaomi 2024 dan struktur wilayah IDC
2024-09-15,Latin America,Other,3012,Estimasi berbasis shipment Xiaomi 2024 dan struktur wilayah IDC
2024-09-15,Middle East & Africa,Other,2410,Estimasi berbasis shipment Xiaomi 2024 dan struktur wilayah IDC
2024-09-16,Asia,Redmi,195862,Estimasi berbasis shipment Xiaomi 2024 dan struktur wilayah IDC
2024-09-16,Europe,Redmi,81047,Estimasi berbasis shipment Xiaomi 2024 dan struktur wilayah IDC
2024-09-16,Latin America,Redmi,33769,Estimasi berbasis shipment Xiaomi 2024 dan struktur wilayah IDC
2024-09-16,Middle East & Africa,Redmi,27016,Estimasi berbasis shipment Xiaomi 2024 dan struktur wilayah IDC
2024-09-16,Asia,Xiaomi Flagship,23097,Estimasi berbasis shipment Xiaomi 2024 dan struktur wilayah IDC
2024-09-16,Europe,Xiaomi Flagship,9557,Estimasi berbasis shipment Xiaomi 2024 dan struktur wilayah IDC
2024-09-16,Latin America,Xiaomi Flagship,3982,Estimasi berbasis shipment Xiaomi 2024 dan struktur wilayah IDC
2024-09-16,Middle East & Africa,Xiaomi Flagship,3186,Estimasi berbasis shipment Xiaomi 2024 dan struktur wilayah IDC
2024-09-16,Asia,POCO,32952,Estimasi berbasis shipment Xiaomi 2024 dan struktur wilayah IDC
2024-09-16,Europe,POCO,13635,Estimasi berbasis shipment Xiaomi 2024 dan struktur wilayah IDC
2024-09-16,Latin America,POCO,5681,Estimasi berbasis shipment Xiaomi 2024 dan struktur wilayah IDC
2024-09-16,Middle East & Africa,POCO,4545,Estimasi berbasis shipment Xiaomi 2024 dan struktur wilayah IDC
2024-09-16,Asia,Black Shark,5235,Estimasi berbasis shipment Xiaomi 2024 dan struktur wilayah IDC
2024-09-16,Europe,Black Shark,2166,Estimasi berbasis shipment Xiaomi 2024 dan struktur wilayah IDC
2024-09-16,Latin America,Black Shark,903,Estimasi berbasis shipment Xiaomi 2024 dan struktur wilayah IDC
2024-09-16,Middle East & Africa,Black Shark,722,Estimasi berbasis shipment Xiaomi 2024 dan struktur wilayah IDC
2024-09-16,Asia,Other,20017,Estimasi berbasis shipment Xiaomi 2024 dan struktur wilayah IDC
2024-09-16,Europe,Other,8283,Estimasi berbasis shipment Xiaomi 2024 dan struktur wilayah IDC
2024-09-16,Latin America,Other,3451,Estimasi berbasis shipment Xiaomi 2024 dan struktur wilayah IDC
2024-09-16,Middle East & Africa,Other,2761,Estimasi berbasis shipment Xiaomi 2024 dan struktur wilayah IDC
2024-09-17,Asia,Redmi,174328,Estimasi berbasis shipment Xiaomi 2024 dan struktur wilayah IDC
2024-09-17,Europe,Redmi,72136,Estimasi berbasis shipment Xiaomi 2024 dan struktur wilayah IDC
2024-09-17,Latin America,Redmi,30057,Estimasi berbasis shipment Xiaomi 2024 dan struktur wilayah IDC
2024-09-17,Middle East & Africa,Redmi,24045,Estimasi berbasis shipment Xiaomi 2024 dan struktur wilayah IDC
2024-09-17,Asia,Xiaomi Flagship,20558,Estimasi berbasis shipment Xiaomi 2024 dan struktur wilayah IDC
2024-09-17,Europe,Xiaomi Flagship,8507,Estimasi berbasis shipment Xiaomi 2024 dan struktur wilayah IDC
2024-09-17,Latin America,Xiaomi Flagship,3544,Estimasi berbasis shipment Xiaomi 2024 dan struktur wilayah IDC
2024-09-17,Middle East & Africa,Xiaomi Flagship,2836,Estimasi berbasis shipment Xiaomi 2024 dan struktur wilayah IDC
2024-09-17,Asia,POCO,29329,Estimasi berbasis shipment Xiaomi 2024 dan struktur wilayah IDC
2024-09-17,Europe,POCO,12136,Estimasi berbasis shipment Xiaomi 2024 dan struktur wilayah IDC
2024-09-17,Latin America,POCO,5057,Estimasi berbasis shipment Xiaomi 2024 dan struktur wilayah IDC
2024-09-17,Middle East & Africa,POCO,4045,Estimasi berbasis shipment Xiaomi 2024 dan struktur wilayah IDC
2024-09-17,Asia,Black Shark,4660,Estimasi berbasis shipment Xiaomi 2024 dan struktur wilayah IDC
2024-09-17,Europe,Black Shark,1928,Estimasi berbasis shipment Xiaomi 2024 dan struktur wilayah IDC
2024-09-17,Latin America,Black Shark,803,Estimasi berbasis shipment Xiaomi 2024 dan struktur wilayah IDC
2024-09-17,Middle East & Africa,Black Shark,643,Estimasi berbasis shipment Xiaomi 2024 dan struktur wilayah IDC
2024-09-17,Asia,Other,17817,Estimasi berbasis shipment Xiaomi 2024 dan struktur wilayah IDC
2024-09-17,Europe,Other,7372,Estimasi berbasis shipment Xiaomi 2024 dan struktur wilayah IDC
2024-09-17,Latin America,Other,3072,Estimasi berbasis shipment Xiaomi 2024 dan struktur wilayah IDC
2024-09-17,Middle East & Africa,Other,2457,Estimasi berbasis shipment Xiaomi 2024 dan struktur wilayah IDC
2024-09-18,Asia,Redmi,183215,Estimasi berbasis shipment Xiaomi 2024 dan struktur wilayah IDC
2024-09-18,Europe,Redmi,75813,Estimasi berbasis shipment Xiaomi 2024 dan struktur wilayah IDC
2024-09-18,Latin America,Redmi,31589,Estimasi berbasis shipment Xiaomi 2024 dan struktur wilayah IDC
2024-09-18,Middle East & Africa,Redmi,25271,Estimasi berbasis shipment Xiaomi 2024 dan struktur wilayah IDC
2024-09-18,Asia,Xiaomi Flagship,21606,Estimasi berbasis shipment Xiaomi 2024 dan struktur wilayah IDC
2024-09-18,Europe,Xiaomi Flagship,8940,Estimasi berbasis shipment Xiaomi 2024 dan struktur wilayah IDC
2024-09-18,Latin America,Xiaomi Flagship,3725,Estimasi berbasis shipment Xiaomi 2024 dan struktur wilayah IDC
2024-09-18,Middle East & Africa,Xiaomi Flagship,2980,Estimasi berbasis shipment Xiaomi 2024 dan struktur wilayah IDC
2024-09-18,Asia,POCO,30824,Estimasi berbasis shipment Xiaomi 2024 dan struktur wilayah IDC
2024-09-18,Europe,POCO,12755,Estimasi berbasis shipment Xiaomi 2024 dan struktur wilayah IDC
2024-09-18,Latin America,POCO,5314,Estimasi berbasis shipment Xiaomi 2024 dan struktur wilayah IDC
2024-09-18,Middle East & Africa,POCO,4252,Estimasi berbasis shipment Xiaomi 2024 dan struktur wilayah IDC
2024-09-18,Asia,Black Shark,4897,Estimasi berbasis shipment Xiaomi 2024 dan struktur wilayah IDC
2024-09-18,Europe,Black Shark,2026,Estimasi berbasis shipment Xiaomi 2024 dan struktur wilayah IDC
2024-09-18,Latin America,Black Shark,844,Estimasi berbasis shipment Xiaomi 2024 dan struktur wilayah IDC
2024-09-18,Middle East & Africa,Black Shark,675,Estimasi berbasis shipment Xiaomi 2024 dan struktur wilayah IDC
2024-09-18,Asia,Other,18725,Estimasi berbasis shipment Xiaomi 2024 dan struktur wilayah IDC
2024-09-18,Europe,Other,7748,Estimasi berbasis shipment Xiaomi 2024 dan struktur wilayah IDC
2024-09-18,Latin America,Other,3228,Estimasi berbasis shipment Xiaomi 2024 dan struktur wilayah IDC
2024-09-18,Middle East & Africa,Other,2583,Estimasi berbasis shipment Xiaomi 2024 dan struktur wilayah IDC
2024-09-19,Asia,Redmi,167668,Estimasi berbasis shipment Xiaomi 2024 dan struktur wilayah IDC
2024-09-19,Europe,Redmi,69380,Estimasi berbasis shipment Xiaomi 2024 dan struktur wilayah IDC
2024-09-19,Latin America,Redmi,28908,Estimasi berbasis shipment Xiaomi 2024 dan struktur wilayah IDC
2024-09-19,Middle East & Africa,Redmi,23127,Estimasi berbasis shipment Xiaomi 2024 dan struktur wilayah IDC
2024-09-19,Asia,Xiaomi Flagship,19772,Estimasi berbasis shipment Xiaomi 2024 dan struktur wilayah IDC
2024-09-19,Europe,Xiaomi Flagship,8182,Estimasi berbasis shipment Xiaomi 2024 dan struktur wilayah IDC
2024-09-19,Latin America,Xiaomi Flagship,3409,Estimasi berbasis shipment Xiaomi 2024 dan struktur wilayah IDC
2024-09-19,Middle East & Africa,Xiaomi Flagship,2727,Estimasi berbasis shipment Xiaomi 2024 dan struktur wilayah IDC
2024-09-19,Asia,POCO,28208,Estimasi berbasis shipment Xiaomi 2024 dan struktur wilayah IDC
2024-09-19,Europe,POCO,11672,Estimasi berbasis shipment Xiaomi 2024 dan struktur wilayah IDC
2024-09-19,Latin America,POCO,4863,Estimasi berbasis shipment Xiaomi 2024 dan struktur wilayah IDC
2024-09-19,Middle East & Africa,POCO,3891,Estimasi berbasis shipment Xiaomi 2024 dan struktur wilayah IDC
2024-09-19,Asia,Black Shark,4482,Estimasi berbasis shipment Xiaomi 2024 dan struktur wilayah IDC
2024-09-19,Europe,Black Shark,1854,Estimasi berbasis shipment Xiaomi 2024 dan struktur wilayah IDC
2024-09-19,Latin America,Black Shark,773,Estimasi berbasis shipment Xiaomi 2024 dan struktur wilayah IDC
2024-09-19,Middle East & Africa,Black Shark,618,Estimasi berbasis shipment Xiaomi 2024 dan struktur wilayah IDC
2024-09-19,Asia,Other,17136,Estimasi berbasis shipment Xiaomi 2024 dan struktur wilayah IDC
2024-09-19,Europe,Other,7091,Estimasi berbasis shipment Xiaomi 2024 dan struktur wilayah IDC
2024-09-19,Latin America,Other,2954,Estimasi berbasis shipment Xiaomi 2024 dan struktur wilayah IDC
2024-09-19,Middle East & Africa,Other,2364,Estimasi berbasis shipment Xiaomi 2024 dan struktur wilayah IDC
2024-09-20,Asia,Redmi,177010,Estimasi berbasis shipment Xiaomi 2024 dan struktur wilayah IDC
2024-09-20,Europe,Redmi,73246,Estimasi berbasis shipment Xiaomi 2024 dan struktur wilayah IDC
2024-09-20,Latin America,Redmi,30519,Estimasi berbasis shipment Xiaomi 2024 dan struktur wilayah IDC
2024-09-20,Middle East & Africa,Redmi,24415,Estimasi berbasis shipment Xiaomi 2024 dan struktur wilayah IDC
2024-09-20,Asia,Xiaomi Flagship,20874,Estimasi berbasis shipment Xiaomi 2024 dan struktur wilayah IDC
2024-09-20,Europe,Xiaomi Flagship,8637,Estimasi berbasis shipment Xiaomi 2024 dan struktur wilayah IDC
2024-09-20,Latin America,Xiaomi Flagship,3599,Estimasi berbasis shipment Xiaomi 2024 dan struktur wilayah IDC
2024-09-20,Middle East & Africa,Xiaomi Flagship,2879,Estimasi berbasis shipment Xiaomi 2024 dan struktur wilayah IDC
2024-09-20,Asia,POCO,29780,Estimasi berbasis shipment Xiaomi 2024 dan struktur wilayah IDC
2024-09-20,Europe,POCO,12323,Estimasi berbasis shipment Xiaomi 2024 dan struktur wilayah IDC
2024-09-20,Latin America,POCO,5134,Estimasi berbasis shipment Xiaomi 2024 dan struktur wilayah IDC
2024-09-20,Middle East & Africa,POCO,4108,Estimasi berbasis shipment Xiaomi 2024 dan struktur wilayah IDC
2024-09-20,Asia,Black Shark,4731,Estimasi berbasis shipment Xiaomi 2024 dan struktur wilayah IDC
2024-09-20,Europe,Black Shark,1958,Estimasi berbasis shipment Xiaomi 2024 dan struktur wilayah IDC
2024-09-20,Latin America,Black Shark,816,Estimasi berbasis shipment Xiaomi 2024 dan struktur wilayah IDC
2024-09-20,Middle East & Africa,Black Shark,653,Estimasi berbasis shipment Xiaomi 2024 dan struktur wilayah IDC
2024-09-20,Asia,Other,18091,Estimasi berbasis shipment Xiaomi 2024 dan struktur wilayah IDC
2024-09-20,Europe,Other,7486,Estimasi berbasis shipment Xiaomi 2024 dan struktur wilayah IDC
2024-09-20,Latin America,Other,3119,Estimasi berbasis shipment Xiaomi 2024 dan struktur wilayah IDC
2024-09-20,Middle East & Africa,Other,2495,Estimasi berbasis shipment Xiaomi 2024 dan struktur wilayah IDC
2024-09-21,Asia,Redmi,196205,Estimasi berbasis shipment Xiaomi 2024 dan struktur wilayah IDC
2024-09-21,Europe,Redmi,81188,Estimasi berbasis shipment Xiaomi 2024 dan struktur wilayah IDC
2024-09-21,Latin America,Redmi,33828,Estimasi berbasis shipment Xiaomi 2024 dan struktur wilayah IDC
2024-09-21,Middle East & Africa,Redmi,27063,Estimasi berbasis shipment Xiaomi 2024 dan struktur wilayah IDC
2024-09-21,Asia,Xiaomi Flagship,23137,Estimasi berbasis shipment Xiaomi 2024 dan struktur wilayah IDC
2024-09-21,Europe,Xiaomi Flagship,9574,Estimasi berbasis shipment Xiaomi 2024 dan struktur wilayah IDC
2024-09-21,Latin America,Xiaomi Flagship,3989,Estimasi berbasis shipment Xiaomi 2024 dan struktur wilayah IDC
2024-09-21,Middle East & Africa,Xiaomi Flagship,3191,Estimasi berbasis shipment Xiaomi 2024 dan struktur wilayah IDC
2024-09-21,Asia,POCO,33009,Estimasi berbasis shipment Xiaomi 2024 dan struktur wilayah IDC
2024-09-21,Europe,POCO,13659,Estimasi berbasis shipment Xiaomi 2024 dan struktur wilayah IDC
2024-09-21,Latin America,POCO,5691,Estimasi berbasis shipment Xiaomi 2024 dan struktur wilayah IDC
2024-09-21,Middle East & Africa,POCO,4553,Estimasi berbasis shipment Xiaomi 2024 dan struktur wilayah IDC
2024-09-21,Asia,Black Shark,5244,Estimasi berbasis shipment Xiaomi 2024 dan struktur wilayah IDC
2024-09-21,Europe,Black Shark,2170,Estimasi berbasis shipment Xiaomi 2024 dan struktur wilayah IDC
2024-09-21,Latin America,Black Shark,904,Estimasi berbasis shipment Xiaomi 2024 dan struktur wilayah IDC
2024-09-21,Middle East & Africa,Black Shark,723,Estimasi berbasis shipment Xiaomi 2024 dan struktur wilayah IDC
2024-09-21,Asia,Other,20052,Estimasi berbasis shipment Xiaomi 2024 dan struktur wilayah IDC
2024-09-21,Europe,Other,8298,Estimasi berbasis shipment Xiaomi 2024 dan struktur wilayah IDC
2024-09-21,Latin America,Other,3457,Estimasi berbasis shipment Xiaomi 2024 dan struktur wilayah IDC
2024-09-21,Middle East & Africa,Other,2766,Estimasi berbasis shipment Xiaomi 2024 dan struktur wilayah IDC
2024-09-22,Asia,Redmi,174646,Estimasi berbasis shipment Xiaomi 2024 dan struktur wilayah IDC
2024-09-22,Europe,Redmi,72267,Estimasi berbasis shipment Xiaomi 2024 dan struktur wilayah IDC
2024-09-22,Latin America,Redmi,30111,Estimasi berbasis shipment Xiaomi 2024 dan struktur wilayah IDC
2024-09-22,Middle East & Africa,Redmi,24089,Estimasi berbasis shipment Xiaomi 2024 dan struktur wilayah IDC
2024-09-22,Asia,Xiaomi Flagship,20595,Estimasi berbasis shipment Xiaomi 2024 dan struktur wilayah IDC
2024-09-22,Europe,Xiaomi Flagship,8522,Estimasi berbasis shipment Xiaomi 2024 dan struktur wilayah IDC
2024-09-22,Latin America,Xiaomi Flagship,3551,Estimasi berbasis shipment Xiaomi 2024 dan struktur wilayah IDC
2024-09-22,Middle East & Africa,Xiaomi Flagship,2841,Estimasi berbasis shipment Xiaomi 2024 dan struktur wilayah IDC
2024-09-22,Asia,POCO,29382,Estimasi berbasis shipment Xiaomi 2024 dan struktur wilayah IDC
2024-09-22,Europe,POCO,12158,Estimasi berbasis shipment Xiaomi 2024 dan struktur wilayah IDC
2024-09-22,Latin America,POCO,5066,Estimasi berbasis shipment Xiaomi 2024 dan struktur wilayah IDC
2024-09-22,Middle East & Africa,POCO,4053,Estimasi berbasis shipment Xiaomi 2024 dan struktur wilayah IDC
2024-09-22,Asia,Black Shark,4668,Estimasi berbasis shipment Xiaomi 2024 dan struktur wilayah IDC
2024-09-22,Europe,Black Shark,1932,Estimasi berbasis shipment Xiaomi 2024 dan struktur wilayah IDC
2024-09-22,Latin America,Black Shark,805,Estimasi berbasis shipment Xiaomi 2024 dan struktur wilayah IDC
2024-09-22,Middle East & Africa,Black Shark,644,Estimasi berbasis shipment Xiaomi 2024 dan struktur wilayah IDC
2024-09-22,Asia,Other,17849,Estimasi berbasis shipment Xiaomi 2024 dan struktur wilayah IDC
2024-09-22,Europe,Other,7386,Estimasi berbasis shipment Xiaomi 2024 dan struktur wilayah IDC
2024-09-22,Latin America,Other,3077,Estimasi berbasis shipment Xiaomi 2024 dan struktur wilayah IDC
2024-09-22,Middle East & Africa,Other,2462,Estimasi berbasis shipment Xiaomi 2024 dan struktur wilayah IDC
2024-09-23,Asia,Redmi,168930,Estimasi berbasis shipment Xiaomi 2024 dan struktur wilayah IDC
2024-09-23,Europe,Redmi,69902,Estimasi berbasis shipment Xiaomi 2024 dan struktur wilayah IDC
2024-09-23,Latin America,Redmi,29126,Estimasi berbasis shipment Xiaomi 2024 dan struktur wilayah IDC
2024-09-23,Middle East & Africa,Redmi,23301,Estimasi berbasis shipment Xiaomi 2024 dan struktur wilayah IDC
2024-09-23,Asia,Xiaomi Flagship,19921,Estimasi berbasis shipment Xiaomi 2024 dan struktur wilayah IDC
2024-09-23,Europe,Xiaomi Flagship,8243,Estimasi berbasis shipment Xiaomi 2024 dan struktur wilayah IDC
2024-09-23,Latin America,Xiaomi Flagship,3435,Estimasi berbasis shipment Xiaomi 2024 dan struktur wilayah IDC
2024-09-23,Middle East & Africa,Xiaomi Flagship,2748,Estimasi berbasis shipment Xiaomi 2024 dan struktur wilayah IDC
2024-09-23,Asia,POCO,28421,Estimasi berbasis shipment Xiaomi 2024 dan struktur wilayah IDC
2024-09-23,Europe,POCO,11760,Estimasi berbasis shipment Xiaomi 2024 dan struktur wilayah IDC
2024-09-23,Latin America,POCO,4900,Estimasi berbasis shipment Xiaomi 2024 dan struktur wilayah IDC
2024-09-23,Middle East & Africa,POCO,3920,Estimasi berbasis shipment Xiaomi 2024 dan struktur wilayah IDC
2024-09-23,Asia,Black Shark,4515,Estimasi berbasis shipment Xiaomi 2024 dan struktur wilayah IDC
2024-09-23,Europe,Black Shark,1868,Estimasi berbasis shipment Xiaomi 2024 dan struktur wilayah IDC
2024-09-23,Latin America,Black Shark,779,Estimasi berbasis shipment Xiaomi 2024 dan struktur wilayah IDC
2024-09-23,Middle East & Africa,Black Shark,623,Estimasi berbasis shipment Xiaomi 2024 dan struktur wilayah IDC
2024-09-23,Asia,Other,17265,Estimasi berbasis shipment Xiaomi 2024 dan struktur wilayah IDC
2024-09-23,Europe,Other,7144,Estimasi berbasis shipment Xiaomi 2024 dan struktur wilayah IDC
2024-09-23,Latin America,Other,2977,Estimasi berbasis shipment Xiaomi 2024 dan struktur wilayah IDC
2024-09-23,Middle East & Africa,Other,2381,Estimasi berbasis shipment Xiaomi 2024 dan struktur wilayah IDC
2024-09-24,Asia,Redmi,168335,Estimasi berbasis shipment Xiaomi 2024 dan struktur wilayah IDC
2024-09-24,Europe,Redmi,69656,Estimasi berbasis shipment Xiaomi 2024 dan struktur wilayah IDC
2024-09-24,Latin America,Redmi,29023,Estimasi berbasis shipment Xiaomi 2024 dan struktur wilayah IDC
2024-09-24,Middle East & Africa,Redmi,23219,Estimasi berbasis shipment Xiaomi 2024 dan struktur wilayah IDC
2024-09-24,Asia,Xiaomi Flagship,19851,Estimasi berbasis shipment Xiaomi 2024 dan struktur wilayah IDC
2024-09-24,Europe,Xiaomi Flagship,8214,Estimasi berbasis shipment Xiaomi 2024 dan struktur wilayah IDC
2024-09-24,Latin America,Xiaomi Flagship,3423,Estimasi berbasis shipment Xiaomi 2024 dan struktur wilayah IDC
2024-09-24,Middle East & Africa,Xiaomi Flagship,2738,Estimasi berbasis shipment Xiaomi 2024 dan struktur wilayah IDC
2024-09-24,Asia,POCO,28321,Estimasi berbasis shipment Xiaomi 2024 dan struktur wilayah IDC
2024-09-24,Europe,POCO,11719,Estimasi berbasis shipment Xiaomi 2024 dan struktur wilayah IDC
2024-09-24,Latin America,POCO,4883,Estimasi berbasis shipment Xiaomi 2024 dan struktur wilayah IDC
2024-09-24,Middle East & Africa,POCO,3906,Estimasi berbasis shipment Xiaomi 2024 dan struktur wilayah IDC
2024-09-24,Asia,Black Shark,4500,Estimasi berbasis shipment Xiaomi 2024 dan struktur wilayah IDC
2024-09-24,Europe,Black Shark,1862,Estimasi berbasis shipment Xiaomi 2024 dan struktur wilayah IDC
2024-09-24,Latin America,Black Shark,776,Estimasi berbasis shipment Xiaomi 2024 dan struktur wilayah IDC
2024-09-24,Middle East & Africa,Black Shark,621,Estimasi berbasis shipment Xiaomi 2024 dan struktur wilayah IDC
2024-09-24,Asia,Other,17204,Estimasi berbasis shipment Xiaomi 2024 dan struktur wilayah IDC
2024-09-24,Europe,Other,7119,Estimasi berbasis shipment Xiaomi 2024 dan struktur wilayah IDC
2024-09-24,Latin America,Other,2966,Estimasi berbasis shipment Xiaomi 2024 dan struktur wilayah IDC
2024-09-24,Middle East & Africa,Other,2373,Estimasi berbasis shipment Xiaomi 2024 dan struktur wilayah IDC
2024-09-25,Asia,Redmi,192941,Estimasi berbasis shipment Xiaomi 2024 dan struktur wilayah IDC
2024-09-25,Europe,Redmi,79838,Estimasi berbasis shipment Xiaomi 2024 dan struktur wilayah IDC
2024-09-25,Latin America,Redmi,33266,Estimasi berbasis shipment Xiaomi 2024 dan struktur wilayah IDC
2024-09-25,Middle East & Africa,Redmi,26613,Estimasi berbasis shipment Xiaomi 2024 dan struktur wilayah IDC
2024-09-25,Asia,Xiaomi Flagship,22753,Estimasi berbasis shipment Xiaomi 2024 dan struktur wilayah IDC
2024-09-25,Europe,Xiaomi Flagship,9415,Estimasi berbasis shipment Xiaomi 2024 dan struktur wilayah IDC
2024-09-25,Latin America,Xiaomi Flagship,3923,Estimasi berbasis shipment Xiaomi 2024 dan struktur wilayah IDC
2024-09-25,Middle East & Africa,Xiaomi Flagship,3138,Estimasi berbasis shipment Xiaomi 2024 dan struktur wilayah IDC
2024-09-25,Asia,POCO,32460,Estimasi berbasis shipment Xiaomi 2024 dan struktur wilayah IDC
2024-09-25,Europe,POCO,13432,Estimasi berbasis shipment Xiaomi 2024 dan struktur wilayah IDC
2024-09-25,Latin America,POCO,5597,Estimasi berbasis shipment Xiaomi 2024 dan struktur wilayah IDC
2024-09-25,Middle East & Africa,POCO,4477,Estimasi berbasis shipment Xiaomi 2024 dan struktur wilayah IDC
2024-09-25,Asia,Black Shark,5157,Estimasi berbasis shipment Xiaomi 2024 dan struktur wilayah IDC
2024-09-25,Europe,Black Shark,2134,Estimasi berbasis shipment Xiaomi 2024 dan struktur wilayah IDC
2024-09-25,Latin America,Black Shark,889,Estimasi berbasis shipment Xiaomi 2024 dan struktur wilayah IDC
2024-09-25,Middle East & Africa,Black Shark,711,Estimasi berbasis shipment Xiaomi 2024 dan struktur wilayah IDC
2024-09-25,Asia,Other,19719,Estimasi berbasis shipment Xiaomi 2024 dan struktur wilayah IDC
2024-09-25,Europe,Other,8160,Estimasi berbasis shipment Xiaomi 2024 dan struktur wilayah IDC
2024-09-25,Latin America,Other,3400,Estimasi berbasis shipment Xiaomi 2024 dan struktur wilayah IDC
2024-09-25,Middle East & Africa,Other,2720,Estimasi berbasis shipment Xiaomi 2024 dan struktur wilayah IDC
2024-09-26,Asia,Redmi,179612,Estimasi berbasis shipment Xiaomi 2024 dan struktur wilayah IDC
2024-09-26,Europe,Redmi,74322,Estimasi berbasis shipment Xiaomi 2024 dan struktur wilayah IDC
2024-09-26,Latin America,Redmi,30968,Estimasi berbasis shipment Xiaomi 2024 dan struktur wilayah IDC
2024-09-26,Middle East & Africa,Redmi,24774,Estimasi berbasis shipment Xiaomi 2024 dan struktur wilayah IDC
2024-09-26,Asia,Xiaomi Flagship,21181,Estimasi berbasis shipment Xiaomi 2024 dan struktur wilayah IDC
2024-09-26,Europe,Xiaomi Flagship,8764,Estimasi berbasis shipment Xiaomi 2024 dan struktur wilayah IDC
2024-09-26,Latin America,Xiaomi Flagship,3652,Estimasi berbasis shipment Xiaomi 2024 dan struktur wilayah IDC
2024-09-26,Middle East & Africa,Xiaomi Flagship,2921,Estimasi berbasis shipment Xiaomi 2024 dan struktur wilayah IDC
2024-09-26,Asia,POCO,30218,Estimasi berbasis shipment Xiaomi 2024 dan struktur wilayah IDC
2024-09-26,Europe,POCO,12504,Estimasi berbasis shipment Xiaomi 2024 dan struktur wilayah IDC
2024-09-26,Latin America,POCO,5210,Estimasi berbasis shipment Xiaomi 2024 dan struktur wilayah IDC
2024-09-26,Middle East & Africa,POCO,4168,Estimasi berbasis shipment Xiaomi 2024 dan struktur wilayah IDC
2024-09-26,Asia,Black Shark,4801,Estimasi berbasis shipment Xiaomi 2024 dan struktur wilayah IDC
2024-09-26,Europe,Black Shark,1987,Estimasi berbasis shipment Xiaomi 2024 dan struktur wilayah IDC
2024-09-26,Latin America,Black Shark,828,Estimasi berbasis shipment Xiaomi 2024 dan struktur wilayah IDC
2024-09-26,Middle East & Africa,Black Shark,662,Estimasi berbasis shipment Xiaomi 2024 dan struktur wilayah IDC
2024-09-26,Asia,Other,18357,Estimasi berbasis shipment Xiaomi 2024 dan struktur wilayah IDC
2024-09-26,Europe,Other,7596,Estimasi berbasis shipment Xiaomi 2024 dan struktur wilayah IDC
2024-09-26,Latin America,Other,3165,Estimasi berbasis shipment Xiaomi 2024 dan struktur wilayah IDC
2024-09-26,Middle East & Africa,Other,2532,Estimasi berbasis shipment Xiaomi 2024 dan struktur wilayah IDC
2024-09-27,Asia,Redmi,162807,Estimasi berbasis shipment Xiaomi 2024 dan struktur wilayah IDC
2024-09-27,Europe,Redmi,67368,Estimasi berbasis shipment Xiaomi 2024 dan struktur wilayah IDC
2024-09-27,Latin America,Redmi,28070,Estimasi berbasis shipment Xiaomi 2024 dan struktur wilayah IDC
2024-09-27,Middle East & Africa,Redmi,22456,Estimasi berbasis shipment Xiaomi 2024 dan struktur wilayah IDC
2024-09-27,Asia,Xiaomi Flagship,19199,Estimasi berbasis shipment Xiaomi 2024 dan struktur wilayah IDC
2024-09-27,Europe,Xiaomi Flagship,7944,Estimasi berbasis shipment Xiaomi 2024 dan struktur wilayah IDC
2024-09-27,Latin America,Xiaomi Flagship,3310,Estimasi berbasis shipment Xiaomi 2024 dan struktur wilayah IDC
2024-09-27,Middle East & Africa,Xiaomi Flagship,2648,Estimasi berbasis shipment Xiaomi 2024 dan struktur wilayah IDC
2024-09-27,Asia,POCO,27390,Estimasi berbasis shipment Xiaomi 2024 dan struktur wilayah IDC
2024-09-27,Europe,POCO,11334,Estimasi berbasis shipment Xiaomi 2024 dan struktur wilayah IDC
2024-09-27,Latin America,POCO,4722,Estimasi berbasis shipment Xiaomi 2024 dan struktur wilayah IDC
2024-09-27,Middle East & Africa,POCO,3778,Estimasi berbasis shipment Xiaomi 2024 dan struktur wilayah IDC
2024-09-27,Asia,Black Shark,4352,Estimasi berbasis shipment Xiaomi 2024 dan struktur wilayah IDC
2024-09-27,Europe,Black Shark,1801,Estimasi berbasis shipment Xiaomi 2024 dan struktur wilayah IDC
2024-09-27,Latin America,Black Shark,750,Estimasi berbasis shipment Xiaomi 2024 dan struktur wilayah IDC
2024-09-27,Middle East & Africa,Black Shark,600,Estimasi berbasis shipment Xiaomi 2024 dan struktur wilayah IDC
2024-09-27,Asia,Other,16639,Estimasi berbasis shipment Xiaomi 2024 dan struktur wilayah IDC
2024-09-27,Europe,Other,6885,Estimasi berbasis shipment Xiaomi 2024 dan struktur wilayah IDC
2024-09-27,Latin America,Other,2869,Estimasi berbasis shipment Xiaomi 2024 dan struktur wilayah IDC
2024-09-27,Middle East & Africa,Other,2295,Estimasi berbasis shipment Xiaomi 2024 dan struktur wilayah IDC
2024-09-28,Asia,Redmi,169533,Estimasi berbasis shipment Xiaomi 2024 dan struktur wilayah IDC
2024-09-28,Europe,Redmi,70151,Estimasi berbasis shipment Xiaomi 2024 dan struktur wilayah IDC
2024-09-28,Latin America,Redmi,29230,Estimasi berbasis shipment Xiaomi 2024 dan struktur wilayah IDC
2024-09-28,Middle East & Africa,Redmi,23384,Estimasi berbasis shipment Xiaomi 2024 dan struktur wilayah IDC
2024-09-28,Asia,Xiaomi Flagship,19992,Estimasi berbasis shipment Xiaomi 2024 dan struktur wilayah IDC
2024-09-28,Europe,Xiaomi Flagship,8273,Estimasi berbasis shipment Xiaomi 2024 dan struktur wilayah IDC
2024-09-28,Latin America,Xiaomi Flagship,3447,Estimasi berbasis shipment Xiaomi 2024 dan struktur wilayah IDC
2024-09-28,Middle East & Africa,Xiaomi Flagship,2758,Estimasi berbasis shipment Xiaomi 2024 dan struktur wilayah IDC
2024-09-28,Asia,POCO,28522,Estimasi berbasis shipment Xiaomi 2024 dan struktur wilayah IDC
2024-09-28,Europe,POCO,11802,Estimasi berbasis shipment Xiaomi 2024 dan struktur wilayah IDC
2024-09-28,Latin America,POCO,4918,Estimasi berbasis shipment Xiaomi 2024 dan struktur wilayah IDC
2024-09-28,Middle East & Africa,POCO,3934,Estimasi berbasis shipment Xiaomi 2024 dan struktur wilayah IDC
2024-09-28,Asia,Black Shark,4532,Estimasi berbasis shipment Xiaomi 2024 dan struktur wilayah IDC
2024-09-28,Europe,Black Shark,1875,Estimasi berbasis shipment Xiaomi 2024 dan struktur wilayah IDC
2024-09-28,Latin America,Black Shark,781,Estimasi berbasis shipment Xiaomi 2024 dan struktur wilayah IDC
2024-09-28,Middle East & Africa,Black Shark,625,Estimasi berbasis shipment Xiaomi 2024 dan struktur wilayah IDC
2024-09-28,Asia,Other,17326,Estimasi berbasis shipment Xiaomi 2024 dan struktur wilayah IDC
2024-09-28,Europe,Other,7170,Estimasi berbasis shipment Xiaomi 2024 dan struktur wilayah IDC
2024-09-28,Latin America,Other,2987,Estimasi berbasis shipment Xiaomi 2024 dan struktur wilayah IDC
2024-09-28,Middle East & Africa,Other,2390,Estimasi berbasis shipment Xiaomi 2024 dan struktur wilayah IDC
2024-09-29,Asia,Redmi,182849,Estimasi berbasis shipment Xiaomi 2024 dan struktur wilayah IDC
2024-09-29,Europe,Redmi,75662,Estimasi berbasis shipment Xiaomi 2024 dan struktur wilayah IDC
2024-09-29,Latin America,Redmi,31526,Estimasi berbasis shipment Xiaomi 2024 dan struktur wilayah IDC
2024-09-29,Middle East & Africa,Redmi,25221,Estimasi berbasis shipment Xiaomi 2024 dan struktur wilayah IDC
2024-09-29,Asia,Xiaomi Flagship,21562,Estimasi berbasis shipment Xiaomi 2024 dan struktur wilayah IDC
2024-09-29,Europe,Xiaomi Flagship,8922,Estimasi berbasis shipment Xiaomi 2024 dan struktur wilayah IDC
2024-09-29,Latin America,Xiaomi Flagship,3718,Estimasi berbasis shipment Xiaomi 2024 dan struktur wilayah IDC
2024-09-29,Middle East & Africa,Xiaomi Flagship,2974,Estimasi berbasis shipment Xiaomi 2024 dan struktur wilayah IDC
2024-09-29,Asia,POCO,30762,Estimasi berbasis shipment Xiaomi 2024 dan struktur wilayah IDC
2024-09-29,Europe,POCO,12729,Estimasi berbasis shipment Xiaomi 2024 dan struktur wilayah IDC
2024-09-29,Latin America,POCO,5304,Estimasi berbasis shipment Xiaomi 2024 dan struktur wilayah IDC
2024-09-29,Middle East & Africa,POCO,4243,Estimasi berbasis shipment Xiaomi 2024 dan struktur wilayah IDC
2024-09-29,Asia,Black Shark,4887,Estimasi berbasis shipment Xiaomi 2024 dan struktur wilayah IDC
2024-09-29,Europe,Black Shark,2022,Estimasi berbasis shipment Xiaomi 2024 dan struktur wilayah IDC
2024-09-29,Latin America,Black Shark,843,Estimasi berbasis shipment Xiaomi 2024 dan struktur wilayah IDC
2024-09-29,Middle East & Africa,Black Shark,674,Estimasi berbasis shipment Xiaomi 2024 dan struktur wilayah IDC
2024-09-29,Asia,Other,18687,Estimasi berbasis shipment Xiaomi 2024 dan struktur wilayah IDC
2024-09-29,Europe,Other,7733,Estimasi berbasis shipment Xiaomi 2024 dan struktur wilayah IDC
2024-09-29,Latin America,Other,3222,Estimasi berbasis shipment Xiaomi 2024 dan struktur wilayah IDC
2024-09-29,Middle East & Africa,Other,2578,Estimasi berbasis shipment Xiaomi 2024 dan struktur wilayah IDC
2024-09-30,Asia,Redmi,180512,Estimasi berbasis shipment Xiaomi 2024 dan struktur wilayah IDC
2024-09-30,Europe,Redmi,74695,Estimasi berbasis shipment Xiaomi 2024 dan struktur wilayah IDC
2024-09-30,Latin America,Redmi,31123,Estimasi berbasis shipment Xiaomi 2024 dan struktur wilayah IDC
2024-09-30,Middle East & Africa,Redmi,24898,Estimasi berbasis shipment Xiaomi 2024 dan struktur wilayah IDC
2024-09-30,Asia,Xiaomi Flagship,21287,Estimasi berbasis shipment Xiaomi 2024 dan struktur wilayah IDC
2024-09-30,Europe,Xiaomi Flagship,8808,Estimasi berbasis shipment Xiaomi 2024 dan struktur wilayah IDC
2024-09-30,Latin America,Xiaomi Flagship,3670,Estimasi berbasis shipment Xiaomi 2024 dan struktur wilayah IDC
2024-09-30,Middle East & Africa,Xiaomi Flagship,2936,Estimasi berbasis shipment Xiaomi 2024 dan struktur wilayah IDC
2024-09-30,Asia,POCO,30369,Estimasi berbasis shipment Xiaomi 2024 dan struktur wilayah IDC
2024-09-30,Europe,POCO,12567,Estimasi berbasis shipment Xiaomi 2024 dan struktur wilayah IDC
2024-09-30,Latin America,POCO,5236,Estimasi berbasis shipment Xiaomi 2024 dan struktur wilayah IDC
2024-09-30,Middle East & Africa,POCO,4189,Estimasi berbasis shipment Xiaomi 2024 dan struktur wilayah IDC
2024-09-30,Asia,Black Shark,4825,Estimasi berbasis shipment Xiaomi 2024 dan struktur wilayah IDC
2024-09-30,Europe,Black Shark,1997,Estimasi berbasis shipment Xiaomi 2024 dan struktur wilayah IDC
2024-09-30,Latin America,Black Shark,832,Estimasi berbasis shipment Xiaomi 2024 dan struktur wilayah IDC
2024-09-30,Middle East & Africa,Black Shark,666,Estimasi berbasis shipment Xiaomi 2024 dan struktur wilayah IDC
2024-09-30,Asia,Other,18449,Estimasi berbasis shipment Xiaomi 2024 dan struktur wilayah IDC
2024-09-30,Europe,Other,7634,Estimasi berbasis shipment Xiaomi 2024 dan struktur wilayah IDC
2024-09-30,Latin America,Other,3181,Estimasi berbasis shipment Xiaomi 2024 dan struktur wilayah IDC
2024-09-30,Middle East & Africa,Other,2545,Estimasi berbasis shipment Xiaomi 2024 dan struktur wilayah IDC
2024-10-01,Asia,Redmi,187488,Estimasi berbasis shipment Xiaomi 2024 dan struktur wilayah IDC
2024-10-01,Europe,Redmi,77581,Estimasi berbasis shipment Xiaomi 2024 dan struktur wilayah IDC
2024-10-01,Latin America,Redmi,32326,Estimasi berbasis shipment Xiaomi 2024 dan struktur wilayah IDC
2024-10-01,Middle East & Africa,Redmi,25860,Estimasi berbasis shipment Xiaomi 2024 dan struktur wilayah IDC
2024-10-01,Asia,Xiaomi Flagship,22109,Estimasi berbasis shipment Xiaomi 2024 dan struktur wilayah IDC
2024-10-01,Europe,Xiaomi Flagship,9149,Estimasi berbasis shipment Xiaomi 2024 dan struktur wilayah IDC
2024-10-01,Latin America,Xiaomi Flagship,3812,Estimasi berbasis shipment Xiaomi 2024 dan struktur wilayah IDC
2024-10-01,Middle East & Africa,Xiaomi Flagship,3050,Estimasi berbasis shipment Xiaomi 2024 dan struktur wilayah IDC
2024-10-01,Asia,POCO,31543,Estimasi berbasis shipment Xiaomi 2024 dan struktur wilayah IDC
2024-10-01,Europe,POCO,13052,Estimasi berbasis shipment Xiaomi 2024 dan struktur wilayah IDC
2024-10-01,Latin America,POCO,5438,Estimasi berbasis shipment Xiaomi 2024 dan struktur wilayah IDC
2024-10-01,Middle East & Africa,POCO,4351,Estimasi berbasis shipment Xiaomi 2024 dan struktur wilayah IDC
2024-10-01,Asia,Black Shark,5011,Estimasi berbasis shipment Xiaomi 2024 dan struktur wilayah IDC
2024-10-01,Europe,Black Shark,2074,Estimasi berbasis shipment Xiaomi 2024 dan struktur wilayah IDC
2024-10-01,Latin America,Black Shark,864,Estimasi berbasis shipment Xiaomi 2024 dan struktur wilayah IDC
2024-10-01,Middle East & Africa,Black Shark,691,Estimasi berbasis shipment Xiaomi 2024 dan struktur wilayah IDC
2024-10-01,Asia,Other,19162,Estimasi berbasis shipment Xiaomi 2024 dan struktur wilayah IDC
2024-10-01,Europe,Other,7929,Estimasi berbasis shipment Xiaomi 2024 dan struktur wilayah IDC
2024-10-01,Latin America,Other,3304,Estimasi berbasis shipment Xiaomi 2024 dan struktur wilayah IDC
2024-10-01,Middle East & Africa,Other,2643,Estimasi berbasis shipment Xiaomi 2024 dan struktur wilayah IDC
2024-10-02,Asia,Redmi,185369,Estimasi berbasis shipment Xiaomi 2024 dan struktur wilayah IDC
2024-10-02,Europe,Redmi,76704,Estimasi berbasis shipment Xiaomi 2024 dan struktur wilayah IDC
2024-10-02,Latin America,Redmi,31960,Estimasi berbasis shipment Xiaomi 2024 dan struktur wilayah IDC
2024-10-02,Middle East & Africa,Redmi,25568,Estimasi berbasis shipment Xiaomi 2024 dan struktur wilayah IDC
2024-10-02,Asia,Xiaomi Flagship,21860,Estimasi berbasis shipment Xiaomi 2024 dan struktur wilayah IDC
2024-10-02,Europe,Xiaomi Flagship,9045,Estimasi berbasis shipment Xiaomi 2024 dan struktur wilayah IDC
2024-10-02,Latin America,Xiaomi Flagship,3769,Estimasi berbasis shipment Xiaomi 2024 dan struktur wilayah IDC
2024-10-02,Middle East & Africa,Xiaomi Flagship,3015,Estimasi berbasis shipment Xiaomi 2024 dan struktur wilayah IDC
2024-10-02,Asia,POCO,31186,Estimasi berbasis shipment Xiaomi 2024 dan struktur wilayah IDC
2024-10-02,Europe,POCO,12905,Estimasi berbasis shipment Xiaomi 2024 dan struktur wilayah IDC
2024-10-02,Latin America,POCO,5377,Estimasi berbasis shipment Xiaomi 2024 dan struktur wilayah IDC
2024-10-02,Middle East & Africa,POCO,4302,Estimasi berbasis shipment Xiaomi 2024 dan struktur wilayah IDC
2024-10-02,Asia,Black Shark,4955,Estimasi berbasis shipment Xiaomi 2024 dan struktur wilayah IDC
2024-10-02,Europe,Black Shark,2050,Estimasi berbasis shipment Xiaomi 2024 dan struktur wilayah IDC
2024-10-02,Latin America,Black Shark,854,Estimasi berbasis shipment Xiaomi 2024 dan struktur wilayah IDC
2024-10-02,Middle East & Africa,Black Shark,683,Estimasi berbasis shipment Xiaomi 2024 dan struktur wilayah IDC
2024-10-02,Asia,Other,18945,Estimasi berbasis shipment Xiaomi 2024 dan struktur wilayah IDC
2024-10-02,Europe,Other,7839,Estimasi berbasis shipment Xiaomi 2024 dan struktur wilayah IDC
2024-10-02,Latin America,Other,3266,Estimasi berbasis shipment Xiaomi 2024 dan struktur wilayah IDC
2024-10-02,Middle East & Africa,Other,2613,Estimasi berbasis shipment Xiaomi 2024 dan struktur wilayah IDC
2024-10-03,Asia,Redmi,185103,Estimasi berbasis shipment Xiaomi 2024 dan struktur wilayah IDC
2024-10-03,Europe,Redmi,76594,Estimasi berbasis shipment Xiaomi 2024 dan struktur wilayah IDC
2024-10-03,Latin America,Redmi,31914,Estimasi berbasis shipment Xiaomi 2024 dan struktur wilayah IDC
2024-10-03,Middle East & Africa,Redmi,25531,Estimasi berbasis shipment Xiaomi 2024 dan struktur wilayah IDC
2024-10-03,Asia,Xiaomi Flagship,21828,Estimasi berbasis shipment Xiaomi 2024 dan struktur wilayah IDC
2024-10-03,Europe,Xiaomi Flagship,9032,Estimasi berbasis shipment Xiaomi 2024 dan struktur wilayah IDC
2024-10-03,Latin America,Xiaomi Flagship,3763,Estimasi berbasis shipment Xiaomi 2024 dan struktur wilayah IDC
2024-10-03,Middle East & Africa,Xiaomi Flagship,3011,Estimasi berbasis shipment Xiaomi 2024 dan struktur wilayah IDC
2024-10-03,Asia,POCO,31142,Estimasi berbasis shipment Xiaomi 2024 dan struktur wilayah IDC
2024-10-03,Europe,POCO,12886,Estimasi berbasis shipment Xiaomi 2024 dan struktur wilayah IDC
2024-10-03,Latin America,POCO,5369,Estimasi berbasis shipment Xiaomi 2024 dan struktur wilayah IDC
2024-10-03,Middle East & Africa,POCO,4295,Estimasi berbasis shipment Xiaomi 2024 dan struktur wilayah IDC
2024-10-03,Asia,Black Shark,4948,Estimasi berbasis shipment Xiaomi 2024 dan struktur wilayah IDC
2024-10-03,Europe,Black Shark,2047,Estimasi berbasis shipment Xiaomi 2024 dan struktur wilayah IDC
2024-10-03,Latin America,Black Shark,853,Estimasi berbasis shipment Xiaomi 2024 dan struktur wilayah IDC
2024-10-03,Middle East & Africa,Black Shark,682,Estimasi berbasis shipment Xiaomi 2024 dan struktur wilayah IDC
2024-10-03,Asia,Other,18918,Estimasi berbasis shipment Xiaomi 2024 dan struktur wilayah IDC
2024-10-03,Europe,Other,7828,Estimasi berbasis shipment Xiaomi 2024 dan struktur wilayah IDC
2024-10-03,Latin America,Other,3262,Estimasi berbasis shipment Xiaomi 2024 dan struktur wilayah IDC
2024-10-03,Middle East & Africa,Other,2609,Estimasi berbasis shipment Xiaomi 2024 dan struktur wilayah IDC
2024-10-04,Asia,Redmi,199252,Estimasi berbasis shipment Xiaomi 2024 dan struktur wilayah IDC
2024-10-04,Europe,Redmi,82449,Estimasi berbasis shipment Xiaomi 2024 dan struktur wilayah IDC
2024-10-04,Latin America,Redmi,34354,Estimasi berbasis shipment Xiaomi 2024 dan struktur wilayah IDC
2024-10-04,Middle East & Africa,Redmi,27483,Estimasi berbasis shipment Xiaomi 2024 dan struktur wilayah IDC
2024-10-04,Asia,Xiaomi Flagship,23497,Estimasi berbasis shipment Xiaomi 2024 dan struktur wilayah IDC
2024-10-04,Europe,Xiaomi Flagship,9723,Estimasi berbasis shipment Xiaomi 2024 dan struktur wilayah IDC
2024-10-04,Latin America,Xiaomi Flagship,4051,Estimasi berbasis shipment Xiaomi 2024 dan struktur wilayah IDC
2024-10-04,Middle East & Africa,Xiaomi Flagship,3241,Estimasi berbasis shipment Xiaomi 2024 dan struktur wilayah IDC
2024-10-04,Asia,POCO,33522,Estimasi berbasis shipment Xiaomi 2024 dan struktur wilayah IDC
2024-10-04,Europe,POCO,13871,Estimasi berbasis shipment Xiaomi 2024 dan struktur wilayah IDC
2024-10-04,Latin America,POCO,5780,Estimasi berbasis shipment Xiaomi 2024 dan struktur wilayah IDC
2024-10-04,Middle East & Africa,POCO,4624,Estimasi berbasis shipment Xiaomi 2024 dan struktur wilayah IDC
2024-10-04,Asia,Black Shark,5326,Estimasi berbasis shipment Xiaomi 2024 dan struktur wilayah IDC
2024-10-04,Europe,Black Shark,2204,Estimasi berbasis shipment Xiaomi 2024 dan struktur wilayah IDC
2024-10-04,Latin America,Black Shark,918,Estimasi berbasis shipment Xiaomi 2024 dan struktur wilayah IDC
2024-10-04,Middle East & Africa,Black Shark,735,Estimasi berbasis shipment Xiaomi 2024 dan struktur wilayah IDC
2024-10-04,Asia,Other,20364,Estimasi berbasis shipment Xiaomi 2024 dan struktur wilayah IDC
2024-10-04,Europe,Other,8426,Estimasi berbasis shipment Xiaomi 2024 dan struktur wilayah IDC
2024-10-04,Latin America,Other,3511,Estimasi berbasis shipment Xiaomi 2024 dan struktur wilayah IDC
2024-10-04,Middle East & Africa,Other,2809,Estimasi berbasis shipment Xiaomi 2024 dan struktur wilayah IDC
2024-10-05,Asia,Redmi,176996,Estimasi berbasis shipment Xiaomi 2024 dan struktur wilayah IDC
2024-10-05,Europe,Redmi,73240,Estimasi berbasis shipment Xiaomi 2024 dan struktur wilayah IDC
2024-10-05,Latin America,Redmi,30517,Estimasi berbasis shipment Xiaomi 2024 dan struktur wilayah IDC
2024-10-05,Middle East & Africa,Redmi,24413,Estimasi berbasis shipment Xiaomi 2024 dan struktur wilayah IDC
2024-10-05,Asia,Xiaomi Flagship,20872,Estimasi berbasis shipment Xiaomi 2024 dan struktur wilayah IDC
2024-10-05,Europe,Xiaomi Flagship,8637,Estimasi berbasis shipment Xiaomi 2024 dan struktur wilayah IDC
2024-10-05,Latin America,Xiaomi Flagship,3599,Estimasi berbasis shipment Xiaomi 2024 dan struktur wilayah IDC
2024-10-05,Middle East & Africa,Xiaomi Flagship,2879,Estimasi berbasis shipment Xiaomi 2024 dan struktur wilayah IDC
2024-10-05,Asia,POCO,29778,Estimasi berbasis shipment Xiaomi 2024 dan struktur wilayah IDC
2024-10-05,Europe,POCO,12322,Estimasi berbasis shipment Xiaomi 2024 dan struktur wilayah IDC
2024-10-05,Latin America,POCO,5134,Estimasi berbasis shipment Xiaomi 2024 dan struktur wilayah IDC
2024-10-05,Middle East & Africa,POCO,4107,Estimasi berbasis shipment Xiaomi 2024 dan struktur wilayah IDC
2024-10-05,Asia,Black Shark,4731,Estimasi berbasis shipment Xiaomi 2024 dan struktur wilayah IDC
2024-10-05,Europe,Black Shark,1958,Estimasi berbasis shipment Xiaomi 2024 dan struktur wilayah IDC
2024-10-05,Latin America,Black Shark,816,Estimasi berbasis shipment Xiaomi 2024 dan struktur wilayah IDC
2024-10-05,Middle East & Africa,Black Shark,653,Estimasi berbasis shipment Xiaomi 2024 dan struktur wilayah IDC
2024-10-05,Asia,Other,18089,Estimasi berbasis shipment Xiaomi 2024 dan struktur wilayah IDC
2024-10-05,Europe,Other,7485,Estimasi berbasis shipment Xiaomi 2024 dan struktur wilayah IDC
2024-10-05,Latin America,Other,3119,Estimasi berbasis shipment Xiaomi 2024 dan struktur wilayah IDC
2024-10-05,Middle East & Africa,Other,2495,Estimasi berbasis shipment Xiaomi 2024 dan struktur wilayah IDC
2024-10-06,Asia,Redmi,201191,Estimasi berbasis shipment Xiaomi 2024 dan struktur wilayah IDC
2024-10-06,Europe,Redmi,83252,Estimasi berbasis shipment Xiaomi 2024 dan struktur wilayah IDC
2024-10-06,Latin America,Redmi,34688,Estimasi berbasis shipment Xiaomi 2024 dan struktur wilayah IDC
2024-10-06,Middle East & Africa,Redmi,27751,Estimasi berbasis shipment Xiaomi 2024 dan struktur wilayah IDC
2024-10-06,Asia,Xiaomi Flagship,23725,Estimasi berbasis shipment Xiaomi 2024 dan struktur wilayah IDC
2024-10-06,Europe,Xiaomi Flagship,9817,Estimasi berbasis shipment Xiaomi 2024 dan struktur wilayah IDC
2024-10-06,Latin America,Xiaomi Flagship,4091,Estimasi berbasis shipment Xiaomi 2024 dan struktur wilayah IDC
2024-10-06,Middle East & Africa,Xiaomi Flagship,3272,Estimasi berbasis shipment Xiaomi 2024 dan struktur wilayah IDC
2024-10-06,Asia,POCO,33848,Estimasi berbasis shipment Xiaomi 2024 dan struktur wilayah IDC
2024-10-06,Europe,POCO,14006,Estimasi berbasis shipment Xiaomi 2024 dan struktur wilayah IDC
2024-10-06,Latin America,POCO,5836,Estimasi berbasis shipment Xiaomi 2024 dan struktur wilayah IDC
2024-10-06,Middle East & Africa,POCO,4669,Estimasi berbasis shipment Xiaomi 2024 dan struktur wilayah IDC
2024-10-06,Asia,Black Shark,5378,Estimasi berbasis shipment Xiaomi 2024 dan struktur wilayah IDC
2024-10-06,Europe,Black Shark,2225,Estimasi berbasis shipment Xiaomi 2024 dan struktur wilayah IDC
2024-10-06,Latin America,Black Shark,927,Estimasi berbasis shipment Xiaomi 2024 dan struktur wilayah IDC
2024-10-06,Middle East & Africa,Black Shark,742,Estimasi berbasis shipment Xiaomi 2024 dan struktur wilayah IDC
2024-10-06,Asia,Other,20562,Estimasi berbasis shipment Xiaomi 2024 dan struktur wilayah IDC
2024-10-06,Europe,Other,8508,Estimasi berbasis shipment Xiaomi 2024 dan struktur wilayah IDC
2024-10-06,Latin America,Other,3545,Estimasi berbasis shipment Xiaomi 2024 dan struktur wilayah IDC
2024-10-06,Middle East & Africa,Other,2836,Estimasi berbasis shipment Xiaomi 2024 dan struktur wilayah IDC
2024-10-07,Asia,Redmi,204372,Estimasi berbasis shipment Xiaomi 2024 dan struktur wilayah IDC
2024-10-07,Europe,Redmi,84568,Estimasi berbasis shipment Xiaomi 2024 dan struktur wilayah IDC
2024-10-07,Latin America,Redmi,35237,Estimasi berbasis shipment Xiaomi 2024 dan struktur wilayah IDC
2024-10-07,Middle East & Africa,Redmi,28189,Estimasi berbasis shipment Xiaomi 2024 dan struktur wilayah IDC
2024-10-07,Asia,Xiaomi Flagship,24101,Estimasi berbasis shipment Xiaomi 2024 dan struktur wilayah IDC
2024-10-07,Europe,Xiaomi Flagship,9973,Estimasi berbasis shipment Xiaomi 2024 dan struktur wilayah IDC
2024-10-07,Latin America,Xiaomi Flagship,4155,Estimasi berbasis shipment Xiaomi 2024 dan struktur wilayah IDC
2024-10-07,Middle East & Africa,Xiaomi Flagship,3324,Estimasi berbasis shipment Xiaomi 2024 dan struktur wilayah IDC
2024-10-07,Asia,POCO,34383,Estimasi berbasis shipment Xiaomi 2024 dan struktur wilayah IDC
2024-10-07,Europe,POCO,14228,Estimasi berbasis shipment Xiaomi 2024 dan struktur wilayah IDC
2024-10-07,Latin America,POCO,5928,Estimasi berbasis shipment Xiaomi 2024 dan struktur wilayah IDC
2024-10-07,Middle East & Africa,POCO,4743,Estimasi berbasis shipment Xiaomi 2024 dan struktur wilayah IDC
2024-10-07,Asia,Black Shark,5463,Estimasi berbasis shipment Xiaomi 2024 dan struktur wilayah IDC
2024-10-07,Europe,Black Shark,2260,Estimasi berbasis shipment Xiaomi 2024 dan struktur wilayah IDC
2024-10-07,Latin America,Black Shark,942,Estimasi berbasis shipment Xiaomi 2024 dan struktur wilayah IDC
2024-10-07,Middle East & Africa,Black Shark,753,Estimasi berbasis shipment Xiaomi 2024 dan struktur wilayah IDC
2024-10-07,Asia,Other,20887,Estimasi berbasis shipment Xiaomi 2024 dan struktur wilayah IDC
2024-10-07,Europe,Other,8643,Estimasi berbasis shipment Xiaomi 2024 dan struktur wilayah IDC
2024-10-07,Latin America,Other,3601,Estimasi berbasis shipment Xiaomi 2024 dan struktur wilayah IDC
2024-10-07,Middle East & Africa,Other,2881,Estimasi berbasis shipment Xiaomi 2024 dan struktur wilayah IDC
2024-10-08,Asia,Redmi,203685,Estimasi berbasis shipment Xiaomi 2024 dan struktur wilayah IDC
2024-10-08,Europe,Redmi,84283,Estimasi berbasis shipment Xiaomi 2024 dan struktur wilayah IDC
2024-10-08,Latin America,Redmi,35118,Estimasi berbasis shipment Xiaomi 2024 dan struktur wilayah IDC
2024-10-08,Middle East & Africa,Redmi,28094,Estimasi berbasis shipment Xiaomi 2024 dan struktur wilayah IDC
2024-10-08,Asia,Xiaomi Flagship,24019,Estimasi berbasis shipment Xiaomi 2024 dan struktur wilayah IDC
2024-10-08,Europe,Xiaomi Flagship,9939,Estimasi berbasis shipment Xiaomi 2024 dan struktur wilayah IDC
2024-10-08,Latin America,Xiaomi Flagship,4141,Estimasi berbasis shipment Xiaomi 2024 dan struktur wilayah IDC
2024-10-08,Middle East & Africa,Xiaomi Flagship,3313,Estimasi berbasis shipment Xiaomi 2024 dan struktur wilayah IDC
2024-10-08,Asia,POCO,34268,Estimasi berbasis shipment Xiaomi 2024 dan struktur wilayah IDC
2024-10-08,Europe,POCO,14180,Estimasi berbasis shipment Xiaomi 2024 dan struktur wilayah IDC
2024-10-08,Latin America,POCO,5908,Estimasi berbasis shipment Xiaomi 2024 dan struktur wilayah IDC
2024-10-08,Middle East & Africa,POCO,4727,Estimasi berbasis shipment Xiaomi 2024 dan struktur wilayah IDC
2024-10-08,Asia,Black Shark,5444,Estimasi berbasis shipment Xiaomi 2024 dan struktur wilayah IDC
2024-10-08,Europe,Black Shark,2253,Estimasi berbasis shipment Xiaomi 2024 dan struktur wilayah IDC
2024-10-08,Latin America,Black Shark,939,Estimasi berbasis shipment Xiaomi 2024 dan struktur wilayah IDC
2024-10-08,Middle East & Africa,Black Shark,751,Estimasi berbasis shipment Xiaomi 2024 dan struktur wilayah IDC
2024-10-08,Asia,Other,20817,Estimasi berbasis shipment Xiaomi 2024 dan struktur wilayah IDC
2024-10-08,Europe,Other,8614,Estimasi berbasis shipment Xiaomi 2024 dan struktur wilayah IDC
2024-10-08,Latin America,Other,3589,Estimasi berbasis shipment Xiaomi 2024 dan struktur wilayah IDC
2024-10-08,Middle East & Africa,Other,2871,Estimasi berbasis shipment Xiaomi 2024 dan struktur wilayah IDC
2024-10-09,Asia,Redmi,185655,Estimasi berbasis shipment Xiaomi 2024 dan struktur wilayah IDC
2024-10-09,Europe,Redmi,76823,Estimasi berbasis shipment Xiaomi 2024 dan struktur wilayah IDC
2024-10-09,Latin America,Redmi,32009,Estimasi berbasis shipment Xiaomi 2024 dan struktur wilayah IDC
2024-10-09,Middle East & Africa,Redmi,25608,Estimasi berbasis shipment Xiaomi 2024 dan struktur wilayah IDC
2024-10-09,Asia,Xiaomi Flagship,21893,Estimasi berbasis shipment Xiaomi 2024 dan struktur wilayah IDC
2024-10-09,Europe,Xiaomi Flagship,9059,Estimasi berbasis shipment Xiaomi 2024 dan struktur wilayah IDC
2024-10-09,Latin America,Xiaomi Flagship,3775,Estimasi berbasis shipment Xiaomi 2024 dan struktur wilayah IDC
2024-10-09,Middle East & Africa,Xiaomi Flagship,3020,Estimasi berbasis shipment Xiaomi 2024 dan struktur wilayah IDC
2024-10-09,Asia,POCO,31234,Estimasi berbasis shipment Xiaomi 2024 dan struktur wilayah IDC
2024-10-09,Europe,POCO,12925,Estimasi berbasis shipment Xiaomi 2024 dan struktur wilayah IDC
2024-10-09,Latin America,POCO,5385,Estimasi berbasis shipment Xiaomi 2024 dan struktur wilayah IDC
2024-10-09,Middle East & Africa,POCO,4308,Estimasi berbasis shipment Xiaomi 2024 dan struktur wilayah IDC
2024-10-09,Asia,Black Shark,4962,Estimasi berbasis shipment Xiaomi 2024 dan struktur wilayah IDC
2024-10-09,Europe,Black Shark,2053,Estimasi berbasis shipment Xiaomi 2024 dan struktur wilayah IDC
2024-10-09,Latin America,Black Shark,856,Estimasi berbasis shipment Xiaomi 2024 dan struktur wilayah IDC
2024-10-09,Middle East & Africa,Black Shark,684,Estimasi berbasis shipment Xiaomi 2024 dan struktur wilayah IDC
2024-10-09,Asia,Other,18974,Estimasi berbasis shipment Xiaomi 2024 dan struktur wilayah IDC
2024-10-09,Europe,Other,7851,Estimasi berbasis shipment Xiaomi 2024 dan struktur wilayah IDC
2024-10-09,Latin America,Other,3271,Estimasi berbasis shipment Xiaomi 2024 dan struktur wilayah IDC
2024-10-09,Middle East & Africa,Other,2617,Estimasi berbasis shipment Xiaomi 2024 dan struktur wilayah IDC
2024-10-10,Asia,Redmi,185208,Estimasi berbasis shipment Xiaomi 2024 dan struktur wilayah IDC
2024-10-10,Europe,Redmi,76638,Estimasi berbasis shipment Xiaomi 2024 dan struktur wilayah IDC
2024-10-10,Latin America,Redmi,31932,Estimasi berbasis shipment Xiaomi 2024 dan struktur wilayah IDC
2024-10-10,Middle East & Africa,Redmi,25546,Estimasi berbasis shipment Xiaomi 2024 dan struktur wilayah IDC
2024-10-10,Asia,Xiaomi Flagship,21841,Estimasi berbasis shipment Xiaomi 2024 dan struktur wilayah IDC
2024-10-10,Europe,Xiaomi Flagship,9037,Estimasi berbasis shipment Xiaomi 2024 dan struktur wilayah IDC
2024-10-10,Latin America,Xiaomi Flagship,3766,Estimasi berbasis shipment Xiaomi 2024 dan struktur wilayah IDC
2024-10-10,Middle East & Africa,Xiaomi Flagship,3012,Estimasi berbasis shipment Xiaomi 2024 dan struktur wilayah IDC
2024-10-10,Asia,POCO,31159,Estimasi berbasis shipment Xiaomi 2024 dan struktur wilayah IDC
2024-10-10,Europe,POCO,12893,Estimasi berbasis shipment Xiaomi 2024 dan struktur wilayah IDC
2024-10-10,Latin America,POCO,5372,Estimasi berbasis shipment Xiaomi 2024 dan struktur wilayah IDC
2024-10-10,Middle East & Africa,POCO,4298,Estimasi berbasis shipment Xiaomi 2024 dan struktur wilayah IDC
2024-10-10,Asia,Black Shark,4951,Estimasi berbasis shipment Xiaomi 2024 dan struktur wilayah IDC
2024-10-10,Europe,Black Shark,2048,Estimasi berbasis shipment Xiaomi 2024 dan struktur wilayah IDC
2024-10-10,Latin America,Black Shark,854,Estimasi berbasis shipment Xiaomi 2024 dan struktur wilayah IDC
2024-10-10,Middle East & Africa,Black Shark,683,Estimasi berbasis shipment Xiaomi 2024 dan struktur wilayah IDC
2024-10-10,Asia,Other,18928,Estimasi berbasis shipment Xiaomi 2024 dan struktur wilayah IDC
2024-10-10,Europe,Other,7832,Estimasi berbasis shipment Xiaomi 2024 dan struktur wilayah IDC
2024-10-10,Latin America,Other,3264,Estimasi berbasis shipment Xiaomi 2024 dan struktur wilayah IDC
2024-10-10,Middle East & Africa,Other,2611,Estimasi berbasis shipment Xiaomi 2024 dan struktur wilayah IDC
2024-10-11,Asia,Redmi,195196,Estimasi berbasis shipment Xiaomi 2024 dan struktur wilayah IDC
2024-10-11,Europe,Redmi,80771,Estimasi berbasis shipment Xiaomi 2024 dan struktur wilayah IDC
2024-10-11,Latin America,Redmi,33654,Estimasi berbasis shipment Xiaomi 2024 dan struktur wilayah IDC
2024-10-11,Middle East & Africa,Redmi,26924,Estimasi berbasis shipment Xiaomi 2024 dan struktur wilayah IDC
2024-10-11,Asia,Xiaomi Flagship,23018,Estimasi berbasis shipment Xiaomi 2024 dan struktur wilayah IDC
2024-10-11,Europe,Xiaomi Flagship,9525,Estimasi berbasis shipment Xiaomi 2024 dan struktur wilayah IDC
2024-10-11,Latin America,Xiaomi Flagship,3969,Estimasi berbasis shipment Xiaomi 2024 dan struktur wilayah IDC
2024-10-11,Middle East & Africa,Xiaomi Flagship,3175,Estimasi berbasis shipment Xiaomi 2024 dan struktur wilayah IDC
2024-10-11,Asia,POCO,32840,Estimasi berbasis shipment Xiaomi 2024 dan struktur wilayah IDC
2024-10-11,Europe,POCO,13589,Estimasi berbasis shipment Xiaomi 2024 dan struktur wilayah IDC
2024-10-11,Latin America,POCO,5662,Estimasi berbasis shipment Xiaomi 2024 dan struktur wilayah IDC
2024-10-11,Middle East & Africa,POCO,4530,Estimasi berbasis shipment Xiaomi 2024 dan struktur wilayah IDC
2024-10-11,Asia,Black Shark,5217,Estimasi berbasis shipment Xiaomi 2024 dan struktur wilayah IDC
2024-10-11,Europe,Black Shark,2159,Estimasi berbasis shipment Xiaomi 2024 dan struktur wilayah IDC
2024-10-11,Latin America,Black Shark,900,Estimasi berbasis shipment Xiaomi 2024 dan struktur wilayah IDC
2024-10-11,Middle East & Africa,Black Shark,720,Estimasi berbasis shipment Xiaomi 2024 dan struktur wilayah IDC
2024-10-11,Asia,Other,19949,Estimasi berbasis shipment Xiaomi 2024 dan struktur wilayah IDC
2024-10-11,Europe,Other,8255,Estimasi berbasis shipment Xiaomi 2024 dan struktur wilayah IDC
2024-10-11,Latin America,Other,3440,Estimasi berbasis shipment Xiaomi 2024 dan struktur wilayah IDC
2024-10-11,Middle East & Africa,Other,2752,Estimasi berbasis shipment Xiaomi 2024 dan struktur wilayah IDC
2024-10-12,Asia,Redmi,178501,Estimasi berbasis shipment Xiaomi 2024 dan struktur wilayah IDC
2024-10-12,Europe,Redmi,73863,Estimasi berbasis shipment Xiaomi 2024 dan struktur wilayah IDC
2024-10-12,Latin America,Redmi,30776,Estimasi berbasis shipment Xiaomi 2024 dan struktur wilayah IDC
2024-10-12,Middle East & Africa,Redmi,24621,Estimasi berbasis shipment Xiaomi 2024 dan struktur wilayah IDC
2024-10-12,Asia,Xiaomi Flagship,21050,Estimasi berbasis shipment Xiaomi 2024 dan struktur wilayah IDC
2024-10-12,Europe,Xiaomi Flagship,8710,Estimasi berbasis shipment Xiaomi 2024 dan struktur wilayah IDC
2024-10-12,Latin America,Xiaomi Flagship,3629,Estimasi berbasis shipment Xiaomi 2024 dan struktur wilayah IDC
2024-10-12,Middle East & Africa,Xiaomi Flagship,2903,Estimasi berbasis shipment Xiaomi 2024 dan struktur wilayah IDC
2024-10-12,Asia,POCO,30031,Estimasi berbasis shipment Xiaomi 2024 dan struktur wilayah IDC
2024-10-12,Europe,POCO,12427,Estimasi berbasis shipment Xiaomi 2024 dan struktur wilayah IDC
2024-10-12,Latin America,POCO,5178,Estimasi berbasis shipment Xiaomi 2024 dan struktur wilayah IDC
2024-10-12,Middle East & Africa,POCO,4142,Estimasi berbasis shipment Xiaomi 2024 dan struktur wilayah IDC
2024-10-12,Asia,Black Shark,4771,Estimasi berbasis shipment Xiaomi 2024 dan struktur wilayah IDC
2024-10-12,Europe,Black Shark,1974,Estimasi berbasis shipment Xiaomi 2024 dan struktur wilayah IDC
2024-10-12,Latin America,Black Shark,823,Estimasi berbasis shipment Xiaomi 2024 dan struktur wilayah IDC
2024-10-12,Middle East & Africa,Black Shark,658,Estimasi berbasis shipment Xiaomi 2024 dan struktur wilayah IDC
2024-10-12,Asia,Other,18243,Estimasi berbasis shipment Xiaomi 2024 dan struktur wilayah IDC
2024-10-12,Europe,Other,7549,Estimasi berbasis shipment Xiaomi 2024 dan struktur wilayah IDC
2024-10-12,Latin America,Other,3145,Estimasi berbasis shipment Xiaomi 2024 dan struktur wilayah IDC
2024-10-12,Middle East & Africa,Other,2516,Estimasi berbasis shipment Xiaomi 2024 dan struktur wilayah IDC
2024-10-13,Asia,Redmi,172183,Estimasi berbasis shipment Xiaomi 2024 dan struktur wilayah IDC
2024-10-13,Europe,Redmi,71248,Estimasi berbasis shipment Xiaomi 2024 dan struktur wilayah IDC
2024-10-13,Latin America,Redmi,29687,Estimasi berbasis shipment Xiaomi 2024 dan struktur wilayah IDC
2024-10-13,Middle East & Africa,Redmi,23749,Estimasi berbasis shipment Xiaomi 2024 dan struktur wilayah IDC
2024-10-13,Asia,Xiaomi Flagship,20305,Estimasi berbasis shipment Xiaomi 2024 dan struktur wilayah IDC
2024-10-13,Europe,Xiaomi Flagship,8402,Estimasi berbasis shipment Xiaomi 2024 dan struktur wilayah IDC
2024-10-13,Latin America,Xiaomi Flagship,3501,Estimasi berbasis shipment Xiaomi 2024 dan struktur wilayah IDC
2024-10-13,Middle East & Africa,Xiaomi Flagship,2801,Estimasi berbasis shipment Xiaomi 2024 dan struktur wilayah IDC
2024-10-13,Asia,POCO,28968,Estimasi berbasis shipment Xiaomi 2024 dan struktur wilayah IDC
2024-10-13,Europe,POCO,11987,Estimasi berbasis shipment Xiaomi 2024 dan struktur wilayah IDC
2024-10-13,Latin America,POCO,4994,Estimasi berbasis shipment Xiaomi 2024 dan struktur wilayah IDC
2024-10-13,Middle East & Africa,POCO,3996,Estimasi berbasis shipment Xiaomi 2024 dan struktur wilayah IDC
2024-10-13,Asia,Black Shark,4602,Estimasi berbasis shipment Xiaomi 2024 dan struktur wilayah IDC
2024-10-13,Europe,Black Shark,1904,Estimasi berbasis shipment Xiaomi 2024 dan struktur wilayah IDC
2024-10-13,Latin America,Black Shark,794,Estimasi berbasis shipment Xiaomi 2024 dan struktur wilayah IDC
2024-10-13,Middle East & Africa,Black Shark,635,Estimasi berbasis shipment Xiaomi 2024 dan struktur wilayah IDC
2024-10-13,Asia,Other,17597,Estimasi berbasis shipment Xiaomi 2024 dan struktur wilayah IDC
2024-10-13,Europe,Other,7282,Estimasi berbasis shipment Xiaomi 2024 dan struktur wilayah IDC
2024-10-13,Latin America,Other,3034,Estimasi berbasis shipment Xiaomi 2024 dan struktur wilayah IDC
2024-10-13,Middle East & Africa,Other,2427,Estimasi berbasis shipment Xiaomi 2024 dan struktur wilayah IDC
2024-10-14,Asia,Redmi,186335,Estimasi berbasis shipment Xiaomi 2024 dan struktur wilayah IDC
2024-10-14,Europe,Redmi,77104,Estimasi berbasis shipment Xiaomi 2024 dan struktur wilayah IDC
2024-10-14,Latin America,Redmi,32127,Estimasi berbasis shipment Xiaomi 2024 dan struktur wilayah IDC
2024-10-14,Middle East & Africa,Redmi,25701,Estimasi berbasis shipment Xiaomi 2024 dan struktur wilayah IDC
2024-10-14,Asia,Xiaomi Flagship,21973,Estimasi berbasis shipment Xiaomi 2024 dan struktur wilayah IDC
2024-10-14,Europe,Xiaomi Flagship,9092,Estimasi berbasis shipment Xiaomi 2024 dan struktur wilayah IDC
2024-10-14,Latin America,Xiaomi Flagship,3789,Estimasi berbasis shipment Xiaomi 2024 dan struktur wilayah IDC
2024-10-14,Middle East & Africa,Xiaomi Flagship,3031,Estimasi berbasis shipment Xiaomi 2024 dan struktur wilayah IDC
2024-10-14,Asia,POCO,31349,Estimasi berbasis shipment Xiaomi 2024 dan struktur wilayah IDC
2024-10-14,Europe,POCO,12972,Estimasi berbasis shipment Xiaomi 2024 dan struktur wilayah IDC
2024-10-14,Latin America,POCO,5405,Estimasi berbasis shipment Xiaomi 2024 dan struktur wilayah IDC
2024-10-14,Middle East & Africa,POCO,4324,Estimasi berbasis shipment Xiaomi 2024 dan struktur wilayah IDC
2024-10-14,Asia,Black Shark,4981,Estimasi berbasis shipment Xiaomi 2024 dan struktur wilayah IDC
2024-10-14,Europe,Black Shark,2061,Estimasi berbasis shipment Xiaomi 2024 dan struktur wilayah IDC
2024-10-14,Latin America,Black Shark,859,Estimasi berbasis shipment Xiaomi 2024 dan struktur wilayah IDC
2024-10-14,Middle East & Africa,Black Shark,687,Estimasi berbasis shipment Xiaomi 2024 dan struktur wilayah IDC
2024-10-14,Asia,Other,19044,Estimasi berbasis shipment Xiaomi 2024 dan struktur wilayah IDC
2024-10-14,Europe,Other,7880,Estimasi berbasis shipment Xiaomi 2024 dan struktur wilayah IDC
2024-10-14,Latin America,Other,3283,Estimasi berbasis shipment Xiaomi 2024 dan struktur wilayah IDC
2024-10-14,Middle East & Africa,Other,2627,Estimasi berbasis shipment Xiaomi 2024 dan struktur wilayah IDC
2024-10-15,Asia,Redmi,180363,Estimasi berbasis shipment Xiaomi 2024 dan struktur wilayah IDC
2024-10-15,Europe,Redmi,74633,Estimasi berbasis shipment Xiaomi 2024 dan struktur wilayah IDC
2024-10-15,Latin America,Redmi,31097,Estimasi berbasis shipment Xiaomi 2024 dan struktur wilayah IDC
2024-10-15,Middle East & Africa,Redmi,24878,Estimasi berbasis shipment Xiaomi 2024 dan struktur wilayah IDC
2024-10-15,Asia,Xiaomi Flagship,21269,Estimasi berbasis shipment Xiaomi 2024 dan struktur wilayah IDC
2024-10-15,Europe,Xiaomi Flagship,8801,Estimasi berbasis shipment Xiaomi 2024 dan struktur wilayah IDC
2024-10-15,Latin America,Xiaomi Flagship,3667,Estimasi berbasis shipment Xiaomi 2024 dan struktur wilayah IDC
2024-10-15,Middle East & Africa,Xiaomi Flagship,2934,Estimasi berbasis shipment Xiaomi 2024 dan struktur wilayah IDC
2024-10-15,Asia,POCO,30344,Estimasi berbasis shipment Xiaomi 2024 dan struktur wilayah IDC
2024-10-15,Europe,POCO,12556,Estimasi berbasis shipment Xiaomi 2024 dan struktur wilayah IDC
2024-10-15,Latin America,POCO,5232,Estimasi berbasis shipment Xiaomi 2024 dan struktur wilayah IDC
2024-10-15,Middle East & Africa,POCO,4185,Estimasi berbasis shipment Xiaomi 2024 dan struktur wilayah IDC
2024-10-15,Asia,Black Shark,4821,Estimasi berbasis shipment Xiaomi 2024 dan struktur wilayah IDC
2024-10-15,Europe,Black Shark,1995,Estimasi berbasis shipment Xiaomi 2024 dan struktur wilayah IDC
2024-10-15,Latin America,Black Shark,831,Estimasi berbasis shipment Xiaomi 2024 dan struktur wilayah IDC
2024-10-15,Middle East & Africa,Black Shark,665,Estimasi berbasis shipment Xiaomi 2024 dan struktur wilayah IDC
2024-10-15,Asia,Other,18433,Estimasi berbasis shipment Xiaomi 2024 dan struktur wilayah IDC
2024-10-15,Europe,Other,7628,Estimasi berbasis shipment Xiaomi 2024 dan struktur wilayah IDC
2024-10-15,Latin America,Other,3178,Estimasi berbasis shipment Xiaomi 2024 dan struktur wilayah IDC
2024-10-15,Middle East & Africa,Other,2543,Estimasi berbasis shipment Xiaomi 2024 dan struktur wilayah IDC
2024-10-16,Asia,Redmi,202884,Estimasi berbasis shipment Xiaomi 2024 dan struktur wilayah IDC
2024-10-16,Europe,Redmi,83952,Estimasi berbasis shipment Xiaomi 2024 dan struktur wilayah IDC
2024-10-16,Latin America,Redmi,34980,Estimasi berbasis shipment Xiaomi 2024 dan struktur wilayah IDC
2024-10-16,Middle East & Africa,Redmi,27984,Estimasi berbasis shipment Xiaomi 2024 dan struktur wilayah IDC
2024-10-16,Asia,Xiaomi Flagship,23925,Estimasi berbasis shipment Xiaomi 2024 dan struktur wilayah IDC
2024-10-16,Europe,Xiaomi Flagship,9900,Estimasi berbasis shipment Xiaomi 2024 dan struktur wilayah IDC
2024-10-16,Latin America,Xiaomi Flagship,4125,Estimasi berbasis shipment Xiaomi 2024 dan struktur wilayah IDC
2024-10-16,Middle East & Africa,Xiaomi Flagship,3300,Estimasi berbasis shipment Xiaomi 2024 dan struktur wilayah IDC
2024-10-16,Asia,POCO,34133,Estimasi berbasis shipment Xiaomi 2024 dan struktur wilayah IDC
2024-10-16,Europe,POCO,14124,Estimasi berbasis shipment Xiaomi 2024 dan struktur wilayah IDC
2024-10-16,Latin America,POCO,5885,Estimasi berbasis shipment Xiaomi 2024 dan struktur wilayah IDC
2024-10-16,Middle East & Africa,POCO,4708,Estimasi berbasis shipment Xiaomi 2024 dan struktur wilayah IDC
2024-10-16,Asia,Black Shark,5423,Estimasi berbasis shipment Xiaomi 2024 dan struktur wilayah IDC
2024-10-16,Europe,Black Shark,2244,Estimasi berbasis shipment Xiaomi 2024 dan struktur wilayah IDC
2024-10-16,Latin America,Black Shark,935,Estimasi berbasis shipment Xiaomi 2024 dan struktur wilayah IDC
2024-10-16,Middle East & Africa,Black Shark,748,Estimasi berbasis shipment Xiaomi 2024 dan struktur wilayah IDC
2024-10-16,Asia,Other,20735,Estimasi berbasis shipment Xiaomi 2024 dan struktur wilayah IDC
2024-10-16,Europe,Other,8580,Estimasi berbasis shipment Xiaomi 2024 dan struktur wilayah IDC
2024-10-16,Latin America,Other,3575,Estimasi berbasis shipment Xiaomi 2024 dan struktur wilayah IDC
2024-10-16,Middle East & Africa,Other,2860,Estimasi berbasis shipment Xiaomi 2024 dan struktur wilayah IDC
2024-10-17,Asia,Redmi,168641,Estimasi berbasis shipment Xiaomi 2024 dan struktur wilayah IDC
2024-10-17,Europe,Redmi,69782,Estimasi berbasis shipment Xiaomi 2024 dan struktur wilayah IDC
2024-10-17,Latin America,Redmi,29076,Estimasi berbasis shipment Xiaomi 2024 dan struktur wilayah IDC
2024-10-17,Middle East & Africa,Redmi,23261,Estimasi berbasis shipment Xiaomi 2024 dan struktur wilayah IDC
2024-10-17,Asia,Xiaomi Flagship,19887,Estimasi berbasis shipment Xiaomi 2024 dan struktur wilayah IDC
2024-10-17,Europe,Xiaomi Flagship,8229,Estimasi berbasis shipment Xiaomi 2024 dan struktur wilayah IDC
2024-10-17,Latin America,Xiaomi Flagship,3429,Estimasi berbasis shipment Xiaomi 2024 dan struktur wilayah IDC
2024-10-17,Middle East & Africa,Xiaomi Flagship,2743,Estimasi berbasis shipment Xiaomi 2024 dan struktur wilayah IDC
2024-10-17,Asia,POCO,28372,Estimasi berbasis shipment Xiaomi 2024 dan struktur wilayah IDC
2024-10-17,Europe,POCO,11740,Estimasi berbasis shipment Xiaomi 2024 dan struktur wilayah IDC
2024-10-17,Latin America,POCO,4892,Estimasi berbasis shipment Xiaomi 2024 dan struktur wilayah IDC
2024-10-17,Middle East & Africa,POCO,3913,Estimasi berbasis shipment Xiaomi 2024 dan struktur wilayah IDC
2024-10-17,Asia,Black Shark,4508,Estimasi berbasis shipment Xiaomi 2024 dan struktur wilayah IDC
2024-10-17,Europe,Black Shark,1865,Estimasi berbasis shipment Xiaomi 2024 dan struktur wilayah IDC
2024-10-17,Latin America,Black Shark,777,Estimasi berbasis shipment Xiaomi 2024 dan struktur wilayah IDC
2024-10-17,Middle East & Africa,Black Shark,622,Estimasi berbasis shipment Xiaomi 2024 dan struktur wilayah IDC
2024-10-17,Asia,Other,17235,Estimasi berbasis shipment Xiaomi 2024 dan struktur wilayah IDC
2024-10-17,Europe,Other,7132,Estimasi berbasis shipment Xiaomi 2024 dan struktur wilayah IDC
2024-10-17,Latin America,Other,2972,Estimasi berbasis shipment Xiaomi 2024 dan struktur wilayah IDC
2024-10-17,Middle East & Africa,Other,2377,Estimasi berbasis shipment Xiaomi 2024 dan struktur wilayah IDC
2024-10-18,Asia,Redmi,184949,Estimasi berbasis shipment Xiaomi 2024 dan struktur wilayah IDC
2024-10-18,Europe,Redmi,76531,Estimasi berbasis shipment Xiaomi 2024 dan struktur wilayah IDC
2024-10-18,Latin America,Redmi,31888,Estimasi berbasis shipment Xiaomi 2024 dan struktur wilayah IDC
2024-10-18,Middle East & Africa,Redmi,25510,Estimasi berbasis shipment Xiaomi 2024 dan struktur wilayah IDC
2024-10-18,Asia,Xiaomi Flagship,21810,Estimasi berbasis shipment Xiaomi 2024 dan struktur wilayah IDC
2024-10-18,Europe,Xiaomi Flagship,9025,Estimasi berbasis shipment Xiaomi 2024 dan struktur wilayah IDC
2024-10-18,Latin America,Xiaomi Flagship,3760,Estimasi berbasis shipment Xiaomi 2024 dan struktur wilayah IDC
2024-10-18,Middle East & Africa,Xiaomi Flagship,3008,Estimasi berbasis shipment Xiaomi 2024 dan struktur wilayah IDC
2024-10-18,Asia,POCO,31116,Estimasi berbasis shipment Xiaomi 2024 dan struktur wilayah IDC
2024-10-18,Europe,POCO,12875,Estimasi berbasis shipment Xiaomi 2024 dan struktur wilayah IDC
2024-10-18,Latin America,POCO,5365,Estimasi berbasis shipment Xiaomi 2024 dan struktur wilayah IDC
2024-10-18,Middle East & Africa,POCO,4292,Estimasi berbasis shipment Xiaomi 2024 dan struktur wilayah IDC
2024-10-18,Asia,Black Shark,4944,Estimasi berbasis shipment Xiaomi 2024 dan struktur wilayah IDC
2024-10-18,Europe,Black Shark,2046,Estimasi berbasis shipment Xiaomi 2024 dan struktur wilayah IDC
2024-10-18,Latin America,Black Shark,852,Estimasi berbasis shipment Xiaomi 2024 dan struktur wilayah IDC
2024-10-18,Middle East & Africa,Black Shark,682,Estimasi berbasis shipment Xiaomi 2024 dan struktur wilayah IDC
2024-10-18,Asia,Other,18902,Estimasi berbasis shipment Xiaomi 2024 dan struktur wilayah IDC
2024-10-18,Europe,Other,7822,Estimasi berbasis shipment Xiaomi 2024 dan struktur wilayah IDC
2024-10-18,Latin America,Other,3259,Estimasi berbasis shipment Xiaomi 2024 dan struktur wilayah IDC
2024-10-18,Middle East & Africa,Other,2607,Estimasi berbasis shipment Xiaomi 2024 dan struktur wilayah IDC
2024-10-19,Asia,Redmi,187203,Estimasi berbasis shipment Xiaomi 2024 dan struktur wilayah IDC
2024-10-19,Europe,Redmi,77463,Estimasi berbasis shipment Xiaomi 2024 dan struktur wilayah IDC
2024-10-19,Latin America,Redmi,32276,Estimasi berbasis shipment Xiaomi 2024 dan struktur wilayah IDC
2024-10-19,Middle East & Africa,Redmi,25821,Estimasi berbasis shipment Xiaomi 2024 dan struktur wilayah IDC
2024-10-19,Asia,Xiaomi Flagship,22076,Estimasi berbasis shipment Xiaomi 2024 dan struktur wilayah IDC
2024-10-19,Europe,Xiaomi Flagship,9135,Estimasi berbasis shipment Xiaomi 2024 dan struktur wilayah IDC
2024-10-19,Latin America,Xiaomi Flagship,3806,Estimasi berbasis shipment Xiaomi 2024 dan struktur wilayah IDC
2024-10-19,Middle East & Africa,Xiaomi Flagship,3045,Estimasi berbasis shipment Xiaomi 2024 dan struktur wilayah IDC
2024-10-19,Asia,POCO,31495,Estimasi berbasis shipment Xiaomi 2024 dan struktur wilayah IDC
2024-10-19,Europe,POCO,13032,Estimasi berbasis shipment Xiaomi 2024 dan struktur wilayah IDC
2024-10-19,Latin America,POCO,5430,Estimasi berbasis shipment Xiaomi 2024 dan struktur wilayah IDC
2024-10-19,Middle East & Africa,POCO,4344,Estimasi berbasis shipment Xiaomi 2024 dan struktur wilayah IDC
2024-10-19,Asia,Black Shark,5004,Estimasi berbasis shipment Xiaomi 2024 dan struktur wilayah IDC
2024-10-19,Europe,Black Shark,2071,Estimasi berbasis shipment Xiaomi 2024 dan struktur wilayah IDC
2024-10-19,Latin America,Black Shark,863,Estimasi berbasis shipment Xiaomi 2024 dan struktur wilayah IDC
2024-10-19,Middle East & Africa,Black Shark,690,Estimasi berbasis shipment Xiaomi 2024 dan struktur wilayah IDC
2024-10-19,Asia,Other,19132,Estimasi berbasis shipment Xiaomi 2024 dan struktur wilayah IDC
2024-10-19,Europe,Other,7917,Estimasi berbasis shipment Xiaomi 2024 dan struktur wilayah IDC
2024-10-19,Latin America,Other,3299,Estimasi berbasis shipment Xiaomi 2024 dan struktur wilayah IDC
2024-10-19,Middle East & Africa,Other,2639,Estimasi berbasis shipment Xiaomi 2024 dan struktur wilayah IDC
2024-10-20,Asia,Redmi,188221,Estimasi berbasis shipment Xiaomi 2024 dan struktur wilayah IDC
2024-10-20,Europe,Redmi,77885,Estimasi berbasis shipment Xiaomi 2024 dan struktur wilayah IDC
2024-10-20,Latin America,Redmi,32452,Estimasi berbasis shipment Xiaomi 2024 dan struktur wilayah IDC
2024-10-20,Middle East & Africa,Redmi,25962,Estimasi berbasis shipment Xiaomi 2024 dan struktur wilayah IDC
2024-10-20,Asia,Xiaomi Flagship,22196,Estimasi berbasis shipment Xiaomi 2024 dan struktur wilayah IDC
2024-10-20,Europe,Xiaomi Flagship,9184,Estimasi berbasis shipment Xiaomi 2024 dan struktur wilayah IDC
2024-10-20,Latin America,Xiaomi Flagship,3827,Estimasi berbasis shipment Xiaomi 2024 dan struktur wilayah IDC
2024-10-20,Middle East & Africa,Xiaomi Flagship,3061,Estimasi berbasis shipment Xiaomi 2024 dan struktur wilayah IDC
2024-10-20,Asia,POCO,31666,Estimasi berbasis shipment Xiaomi 2024 dan struktur wilayah IDC
2024-10-20,Europe,POCO,13103,Estimasi berbasis shipment Xiaomi 2024 dan struktur wilayah IDC
2024-10-20,Latin America,POCO,5460,Estimasi berbasis shipment Xiaomi 2024 dan struktur wilayah IDC
2024-10-20,Middle East & Africa,POCO,4368,Estimasi berbasis shipment Xiaomi 2024 dan struktur wilayah IDC
2024-10-20,Asia,Black Shark,5031,Estimasi berbasis shipment Xiaomi 2024 dan struktur wilayah IDC
2024-10-20,Europe,Black Shark,2082,Estimasi berbasis shipment Xiaomi 2024 dan struktur wilayah IDC
2024-10-20,Latin America,Black Shark,867,Estimasi berbasis shipment Xiaomi 2024 dan struktur wilayah IDC
2024-10-20,Middle East & Africa,Black Shark,694,Estimasi berbasis shipment Xiaomi 2024 dan struktur wilayah IDC
2024-10-20,Asia,Other,19236,Estimasi berbasis shipment Xiaomi 2024 dan struktur wilayah IDC
2024-10-20,Europe,Other,7960,Estimasi berbasis shipment Xiaomi 2024 dan struktur wilayah IDC
2024-10-20,Latin America,Other,3317,Estimasi berbasis shipment Xiaomi 2024 dan struktur wilayah IDC
2024-10-20,Middle East & Africa,Other,2653,Estimasi berbasis shipment Xiaomi 2024 dan struktur wilayah IDC
2024-10-21,Asia,Redmi,179006,Estimasi berbasis shipment Xiaomi 2024 dan struktur wilayah IDC
2024-10-21,Europe,Redmi,74071,Estimasi berbasis shipment Xiaomi 2024 dan struktur wilayah IDC
2024-10-21,Latin America,Redmi,30863,Estimasi berbasis shipment Xiaomi 2024 dan struktur wilayah IDC
2024-10-21,Middle East & Africa,Redmi,24690,Estimasi berbasis shipment Xiaomi 2024 dan struktur wilayah IDC
2024-10-21,Asia,Xiaomi Flagship,21109,Estimasi berbasis shipment Xiaomi 2024 dan struktur wilayah IDC
2024-10-21,Europe,Xiaomi Flagship,8735,Estimasi berbasis shipment Xiaomi 2024 dan struktur wilayah IDC
2024-10-21,Latin America,Xiaomi Flagship,3640,Estimasi berbasis shipment Xiaomi 2024 dan struktur wilayah IDC
2024-10-21,Middle East & Africa,Xiaomi Flagship,2912,Estimasi berbasis shipment Xiaomi 2024 dan struktur wilayah IDC
2024-10-21,Asia,POCO,30116,Estimasi berbasis shipment Xiaomi 2024 dan struktur wilayah IDC
2024-10-21,Europe,POCO,12462,Estimasi berbasis shipment Xiaomi 2024 dan struktur wilayah IDC
2024-10-21,Latin America,POCO,5192,Estimasi berbasis shipment Xiaomi 2024 dan struktur wilayah IDC
2024-10-21,Middle East & Africa,POCO,4154,Estimasi berbasis shipment Xiaomi 2024 dan struktur wilayah IDC
2024-10-21,Asia,Black Shark,4785,Estimasi berbasis shipment Xiaomi 2024 dan struktur wilayah IDC
2024-10-21,Europe,Black Shark,1980,Estimasi berbasis shipment Xiaomi 2024 dan struktur wilayah IDC
2024-10-21,Latin America,Black Shark,825,Estimasi berbasis shipment Xiaomi 2024 dan struktur wilayah IDC
2024-10-21,Middle East & Africa,Black Shark,660,Estimasi berbasis shipment Xiaomi 2024 dan struktur wilayah IDC
2024-10-21,Asia,Other,18295,Estimasi berbasis shipment Xiaomi 2024 dan struktur wilayah IDC
2024-10-21,Europe,Other,7570,Estimasi berbasis shipment Xiaomi 2024 dan struktur wilayah IDC
2024-10-21,Latin America,Other,3154,Estimasi berbasis shipment Xiaomi 2024 dan struktur wilayah IDC
2024-10-21,Middle East & Africa,Other,2523,Estimasi berbasis shipment Xiaomi 2024 dan struktur wilayah IDC
2024-10-22,Asia,Redmi,176924,Estimasi berbasis shipment Xiaomi 2024 dan struktur wilayah IDC
2024-10-22,Europe,Redmi,73210,Estimasi berbasis shipment Xiaomi 2024 dan struktur wilayah IDC
2024-10-22,Latin America,Redmi,30504,Estimasi berbasis shipment Xiaomi 2024 dan struktur wilayah IDC
2024-10-22,Middle East & Africa,Redmi,24403,Estimasi berbasis shipment Xiaomi 2024 dan struktur wilayah IDC
2024-10-22,Asia,Xiaomi Flagship,20864,Estimasi berbasis shipment Xiaomi 2024 dan struktur wilayah IDC
2024-10-22,Europe,Xiaomi Flagship,8633,Estimasi berbasis shipment Xiaomi 2024 dan struktur wilayah IDC
2024-10-22,Latin America,Xiaomi Flagship,3597,Estimasi berbasis shipment Xiaomi 2024 dan struktur wilayah IDC
2024-10-22,Middle East & Africa,Xiaomi Flagship,2878,Estimasi berbasis shipment Xiaomi 2024 dan struktur wilayah IDC
2024-10-22,Asia,POCO,29766,Estimasi berbasis shipment Xiaomi 2024 dan struktur wilayah IDC
2024-10-22,Europe,POCO,12317,Estimasi berbasis shipment Xiaomi 2024 dan struktur wilayah IDC
2024-10-22,Latin America,POCO,5132,Estimasi berbasis shipment Xiaomi 2024 dan struktur wilayah IDC
2024-10-22,Middle East & Africa,POCO,4106,Estimasi berbasis shipment Xiaomi 2024 dan struktur wilayah IDC
2024-10-22,Asia,Black Shark,4729,Estimasi berbasis shipment Xiaomi 2024 dan struktur wilayah IDC
2024-10-22,Europe,Black Shark,1957,Estimasi berbasis shipment Xiaomi 2024 dan struktur wilayah IDC
2024-10-22,Latin America,Black Shark,815,Estimasi berbasis shipment Xiaomi 2024 dan struktur wilayah IDC
2024-10-22,Middle East & Africa,Black Shark,652,Estimasi berbasis shipment Xiaomi 2024 dan struktur wilayah IDC
2024-10-22,Asia,Other,18082,Estimasi berbasis shipment Xiaomi 2024 dan struktur wilayah IDC
2024-10-22,Europe,Other,7482,Estimasi berbasis shipment Xiaomi 2024 dan struktur wilayah IDC
2024-10-22,Latin America,Other,3118,Estimasi berbasis shipment Xiaomi 2024 dan struktur wilayah IDC
2024-10-22,Middle East & Africa,Other,2494,Estimasi berbasis shipment Xiaomi 2024 dan struktur wilayah IDC
2024-10-23,Asia,Redmi,202154,Estimasi berbasis shipment Xiaomi 2024 dan struktur wilayah IDC
2024-10-23,Europe,Redmi,83650,Estimasi berbasis shipment Xiaomi 2024 dan struktur wilayah IDC
2024-10-23,Latin America,Redmi,34854,Estimasi berbasis shipment Xiaomi 2024 dan struktur wilayah IDC
2024-10-23,Middle East & Africa,Redmi,27883,Estimasi berbasis shipment Xiaomi 2024 dan struktur wilayah IDC
2024-10-23,Asia,Xiaomi Flagship,23839,Estimasi berbasis shipment Xiaomi 2024 dan struktur wilayah IDC
2024-10-23,Europe,Xiaomi Flagship,9864,Estimasi berbasis shipment Xiaomi 2024 dan struktur wilayah IDC
2024-10-23,Latin America,Xiaomi Flagship,4110,Estimasi berbasis shipment Xiaomi 2024 dan struktur wilayah IDC
2024-10-23,Middle East & Africa,Xiaomi Flagship,3288,Estimasi berbasis shipment Xiaomi 2024 dan struktur wilayah IDC
2024-10-23,Asia,POCO,34010,Estimasi berbasis shipment Xiaomi 2024 dan struktur wilayah IDC
2024-10-23,Europe,POCO,14073,Estimasi berbasis shipment Xiaomi 2024 dan struktur wilayah IDC
2024-10-23,Latin America,POCO,5864,Estimasi berbasis shipment Xiaomi 2024 dan struktur wilayah IDC
2024-10-23,Middle East & Africa,POCO,4691,Estimasi berbasis shipment Xiaomi 2024 dan struktur wilayah IDC
2024-10-23,Asia,Black Shark,5403,Estimasi berbasis shipment Xiaomi 2024 dan struktur wilayah IDC
2024-10-23,Europe,Black Shark,2236,Estimasi berbasis shipment Xiaomi 2024 dan struktur wilayah IDC
2024-10-23,Latin America,Black Shark,932,Estimasi berbasis shipment Xiaomi 2024 dan struktur wilayah IDC
2024-10-23,Middle East & Africa,Black Shark,745,Estimasi berbasis shipment Xiaomi 2024 dan struktur wilayah IDC
2024-10-23,Asia,Other,20660,Estimasi berbasis shipment Xiaomi 2024 dan struktur wilayah IDC
2024-10-23,Europe,Other,8549,Estimasi berbasis shipment Xiaomi 2024 dan struktur wilayah IDC
2024-10-23,Latin America,Other,3562,Estimasi berbasis shipment Xiaomi 2024 dan struktur wilayah IDC
2024-10-23,Middle East & Africa,Other,2850,Estimasi berbasis shipment Xiaomi 2024 dan struktur wilayah IDC
2024-10-24,Asia,Redmi,192611,Estimasi berbasis shipment Xiaomi 2024 dan struktur wilayah IDC
2024-10-24,Europe,Redmi,79701,Estimasi berbasis shipment Xiaomi 2024 dan struktur wilayah IDC
2024-10-24,Latin America,Redmi,33209,Estimasi berbasis shipment Xiaomi 2024 dan struktur wilayah IDC
2024-10-24,Middle East & Africa,Redmi,26567,Estimasi berbasis shipment Xiaomi 2024 dan struktur wilayah IDC
2024-10-24,Asia,Xiaomi Flagship,22714,Estimasi berbasis shipment Xiaomi 2024 dan struktur wilayah IDC
2024-10-24,Europe,Xiaomi Flagship,9399,Estimasi berbasis shipment Xiaomi 2024 dan struktur wilayah IDC
2024-10-24,Latin America,Xiaomi Flagship,3916,Estimasi berbasis shipment Xiaomi 2024 dan struktur wilayah IDC
2024-10-24,Middle East & Africa,Xiaomi Flagship,3133,Estimasi berbasis shipment Xiaomi 2024 dan struktur wilayah IDC
2024-10-24,Asia,POCO,32405,Estimasi berbasis shipment Xiaomi 2024 dan struktur wilayah IDC
2024-10-24,Europe,POCO,13409,Estimasi berbasis shipment Xiaomi 2024 dan struktur wilayah IDC
2024-10-24,Latin America,POCO,5587,Estimasi berbasis shipment Xiaomi 2024 dan struktur wilayah IDC
2024-10-24,Middle East & Africa,POCO,4470,Estimasi berbasis shipment Xiaomi 2024 dan struktur wilayah IDC
2024-10-24,Asia,Black Shark,5148,Estimasi berbasis shipment Xiaomi 2024 dan struktur wilayah IDC
2024-10-24,Europe,Black Shark,2130,Estimasi berbasis shipment Xiaomi 2024 dan struktur wilayah IDC
2024-10-24,Latin America,Black Shark,888,Estimasi berbasis shipment Xiaomi 2024 dan struktur wilayah IDC
2024-10-24,Middle East & Africa,Black Shark,710,Estimasi berbasis shipment Xiaomi 2024 dan struktur wilayah IDC
2024-10-24,Asia,Other,19685,Estimasi berbasis shipment Xiaomi 2024 dan struktur wilayah IDC
2024-10-24,Europe,Other,8146,Estimasi berbasis shipment Xiaomi 2024 dan struktur wilayah IDC
2024-10-24,Latin America,Other,3394,Estimasi berbasis shipment Xiaomi 2024 dan struktur wilayah IDC
2024-10-24,Middle East & Africa,Other,2715,Estimasi berbasis shipment Xiaomi 2024 dan struktur wilayah IDC
2024-10-25,Asia,Redmi,189195,Estimasi berbasis shipment Xiaomi 2024 dan struktur wilayah IDC
2024-10-25,Europe,Redmi,78288,Estimasi berbasis shipment Xiaomi 2024 dan struktur wilayah IDC
2024-10-25,Latin America,Redmi,32620,Estimasi berbasis shipment Xiaomi 2024 dan struktur wilayah IDC
2024-10-25,Middle East & Africa,Redmi,26096,Estimasi berbasis shipment Xiaomi 2024 dan struktur wilayah IDC
2024-10-25,Asia,Xiaomi Flagship,22311,Estimasi berbasis shipment Xiaomi 2024 dan struktur wilayah IDC
2024-10-25,Europe,Xiaomi Flagship,9232,Estimasi berbasis shipment Xiaomi 2024 dan struktur wilayah IDC
2024-10-25,Latin America,Xiaomi Flagship,3847,Estimasi berbasis shipment Xiaomi 2024 dan struktur wilayah IDC
2024-10-25,Middle East & Africa,Xiaomi Flagship,3077,Estimasi berbasis shipment Xiaomi 2024 dan struktur wilayah IDC
2024-10-25,Asia,POCO,31830,Estimasi berbasis shipment Xiaomi 2024 dan struktur wilayah IDC
2024-10-25,Europe,POCO,13171,Estimasi berbasis shipment Xiaomi 2024 dan struktur wilayah IDC
2024-10-25,Latin America,POCO,5488,Estimasi berbasis shipment Xiaomi 2024 dan struktur wilayah IDC
2024-10-25,Middle East & Africa,POCO,4390,Estimasi berbasis shipment Xiaomi 2024 dan struktur wilayah IDC
2024-10-25,Asia,Black Shark,5057,Estimasi berbasis shipment Xiaomi 2024 dan struktur wilayah IDC
2024-10-25,Europe,Black Shark,2093,Estimasi berbasis shipment Xiaomi 2024 dan struktur wilayah IDC
2024-10-25,Latin America,Black Shark,872,Estimasi berbasis shipment Xiaomi 2024 dan struktur wilayah IDC
2024-10-25,Middle East & Africa,Black Shark,698,Estimasi berbasis shipment Xiaomi 2024 dan struktur wilayah IDC
2024-10-25,Asia,Other,19336,Estimasi berbasis shipment Xiaomi 2024 dan struktur wilayah IDC
2024-10-25,Europe,Other,8001,Estimasi berbasis shipment Xiaomi 2024 dan struktur wilayah IDC
2024-10-25,Latin America,Other,3334,Estimasi berbasis shipment Xiaomi 2024 dan struktur wilayah IDC
2024-10-25,Middle East & Africa,Other,2667,Estimasi berbasis shipment Xiaomi 2024 dan struktur wilayah IDC
2024-10-26,Asia,Redmi,189647,Estimasi berbasis shipment Xiaomi 2024 dan struktur wilayah IDC
2024-10-26,Europe,Redmi,78474,Estimasi berbasis shipment Xiaomi 2024 dan struktur wilayah IDC
2024-10-26,Latin America,Redmi,32698,Estimasi berbasis shipment Xiaomi 2024 dan struktur wilayah IDC
2024-10-26,Middle East & Africa,Redmi,26158,Estimasi berbasis shipment Xiaomi 2024 dan struktur wilayah IDC
2024-10-26,Asia,Xiaomi Flagship,22364,Estimasi berbasis shipment Xiaomi 2024 dan struktur wilayah IDC
2024-10-26,Europe,Xiaomi Flagship,9254,Estimasi berbasis shipment Xiaomi 2024 dan struktur wilayah IDC
2024-10-26,Latin America,Xiaomi Flagship,3856,Estimasi berbasis shipment Xiaomi 2024 dan struktur wilayah IDC
2024-10-26,Middle East & Africa,Xiaomi Flagship,3085,Estimasi berbasis shipment Xiaomi 2024 dan struktur wilayah IDC
2024-10-26,Asia,POCO,31906,Estimasi berbasis shipment Xiaomi 2024 dan struktur wilayah IDC
2024-10-26,Europe,POCO,13202,Estimasi berbasis shipment Xiaomi 2024 dan struktur wilayah IDC
2024-10-26,Latin America,POCO,5501,Estimasi berbasis shipment Xiaomi 2024 dan struktur wilayah IDC
2024-10-26,Middle East & Africa,POCO,4401,Estimasi berbasis shipment Xiaomi 2024 dan struktur wilayah IDC
2024-10-26,Asia,Black Shark,5069,Estimasi berbasis shipment Xiaomi 2024 dan struktur wilayah IDC
2024-10-26,Europe,Black Shark,2098,Estimasi berbasis shipment Xiaomi 2024 dan struktur wilayah IDC
2024-10-26,Latin America,Black Shark,874,Estimasi berbasis shipment Xiaomi 2024 dan struktur wilayah IDC
2024-10-26,Middle East & Africa,Black Shark,699,Estimasi berbasis shipment Xiaomi 2024 dan struktur wilayah IDC
2024-10-26,Asia,Other,19382,Estimasi berbasis shipment Xiaomi 2024 dan struktur wilayah IDC
2024-10-26,Europe,Other,8020,Estimasi berbasis shipment Xiaomi 2024 dan struktur wilayah IDC
2024-10-26,Latin America,Other,3342,Estimasi berbasis shipment Xiaomi 2024 dan struktur wilayah IDC
2024-10-26,Middle East & Africa,Other,2673,Estimasi berbasis shipment Xiaomi 2024 dan struktur wilayah IDC
2024-10-27,Asia,Redmi,183856,Estimasi berbasis shipment Xiaomi 2024 dan struktur wilayah IDC
2024-10-27,Europe,Redmi,76078,Estimasi berbasis shipment Xiaomi 2024 dan struktur wilayah IDC
2024-10-27,Latin America,Redmi,31699,Estimasi berbasis shipment Xiaomi 2024 dan struktur wilayah IDC
2024-10-27,Middle East & Africa,Redmi,25359,Estimasi berbasis shipment Xiaomi 2024 dan struktur wilayah IDC
2024-10-27,Asia,Xiaomi Flagship,21681,Estimasi berbasis shipment Xiaomi 2024 dan struktur wilayah IDC
2024-10-27,Europe,Xiaomi Flagship,8971,Estimasi berbasis shipment Xiaomi 2024 dan struktur wilayah IDC
2024-10-27,Latin America,Xiaomi Flagship,3738,Estimasi berbasis shipment Xiaomi 2024 dan struktur wilayah IDC
2024-10-27,Middle East & Africa,Xiaomi Flagship,2990,Estimasi berbasis shipment Xiaomi 2024 dan struktur wilayah IDC
2024-10-27,Asia,POCO,30932,Estimasi berbasis shipment Xiaomi 2024 dan struktur wilayah IDC
2024-10-27,Europe,POCO,12799,Estimasi berbasis shipment Xiaomi 2024 dan struktur wilayah IDC
2024-10-27,Latin America,POCO,5333,Estimasi berbasis shipment Xiaomi 2024 dan struktur wilayah IDC
2024-10-27,Middle East & Africa,POCO,4266,Estimasi berbasis shipment Xiaomi 2024 dan struktur wilayah IDC
2024-10-27,Asia,Black Shark,4914,Estimasi berbasis shipment Xiaomi 2024 dan struktur wilayah IDC
2024-10-27,Europe,Black Shark,2034,Estimasi berbasis shipment Xiaomi 2024 dan struktur wilayah IDC
2024-10-27,Latin America,Black Shark,847,Estimasi berbasis shipment Xiaomi 2024 dan struktur wilayah IDC
2024-10-27,Middle East & Africa,Black Shark,678,Estimasi berbasis shipment Xiaomi 2024 dan struktur wilayah IDC
2024-10-27,Asia,Other,18790,Estimasi berbasis shipment Xiaomi 2024 dan struktur wilayah IDC
2024-10-27,Europe,Other,7775,Estimasi berbasis shipment Xiaomi 2024 dan struktur wilayah IDC
2024-10-27,Latin America,Other,3240,Estimasi berbasis shipment Xiaomi 2024 dan struktur wilayah IDC
2024-10-27,Middle East & Africa,Other,2592,Estimasi berbasis shipment Xiaomi 2024 dan struktur wilayah IDC
2024-10-28,Asia,Redmi,204646,Estimasi berbasis shipment Xiaomi 2024 dan struktur wilayah IDC
2024-10-28,Europe,Redmi,84681,Estimasi berbasis shipment Xiaomi 2024 dan struktur wilayah IDC
2024-10-28,Latin America,Redmi,35284,Estimasi berbasis shipment Xiaomi 2024 dan struktur wilayah IDC
2024-10-28,Middle East & Africa,Redmi,28227,Estimasi berbasis shipment Xiaomi 2024 dan struktur wilayah IDC
2024-10-28,Asia,Xiaomi Flagship,24133,Estimasi berbasis shipment Xiaomi 2024 dan struktur wilayah IDC
2024-10-28,Europe,Xiaomi Flagship,9986,Estimasi berbasis shipment Xiaomi 2024 dan struktur wilayah IDC
2024-10-28,Latin America,Xiaomi Flagship,4161,Estimasi berbasis shipment Xiaomi 2024 dan struktur wilayah IDC
2024-10-28,Middle East & Africa,Xiaomi Flagship,3329,Estimasi berbasis shipment Xiaomi 2024 dan struktur wilayah IDC
2024-10-28,Asia,POCO,34429,Estimasi berbasis shipment Xiaomi 2024 dan struktur wilayah IDC
2024-10-28,Europe,POCO,14247,Estimasi berbasis shipment Xiaomi 2024 dan struktur wilayah IDC
2024-10-28,Latin America,POCO,5936,Estimasi berbasis shipment Xiaomi 2024 dan struktur wilayah IDC
2024-10-28,Middle East & Africa,POCO,4749,Estimasi berbasis shipment Xiaomi 2024 dan struktur wilayah IDC
2024-10-28,Asia,Black Shark,5470,Estimasi berbasis shipment Xiaomi 2024 dan struktur wilayah IDC
2024-10-28,Europe,Black Shark,2263,Estimasi berbasis shipment Xiaomi 2024 dan struktur wilayah IDC
2024-10-28,Latin America,Black Shark,943,Estimasi berbasis shipment Xiaomi 2024 dan struktur wilayah IDC
2024-10-28,Middle East & Africa,Black Shark,754,Estimasi berbasis shipment Xiaomi 2024 dan struktur wilayah IDC
2024-10-28,Asia,Other,20915,Estimasi berbasis shipment Xiaomi 2024 dan struktur wilayah IDC
2024-10-28,Europe,Other,8655,Estimasi berbasis shipment Xiaomi 2024 dan struktur wilayah IDC
2024-10-28,Latin America,Other,3606,Estimasi berbasis shipment Xiaomi 2024 dan struktur wilayah IDC
2024-10-28,Middle East & Africa,Other,2885,Estimasi berbasis shipment Xiaomi 2024 dan struktur wilayah IDC
2024-10-29,Asia,Redmi,180940,Estimasi berbasis shipment Xiaomi 2024 dan struktur wilayah IDC
2024-10-29,Europe,Redmi,74872,Estimasi berbasis shipment Xiaomi 2024 dan struktur wilayah IDC
2024-10-29,Latin America,Redmi,31197,Estimasi berbasis shipment Xiaomi 2024 dan struktur wilayah IDC
2024-10-29,Middle East & Africa,Redmi,24957,Estimasi berbasis shipment Xiaomi 2024 dan struktur wilayah IDC
2024-10-29,Asia,Xiaomi Flagship,21337,Estimasi berbasis shipment Xiaomi 2024 dan struktur wilayah IDC
2024-10-29,Europe,Xiaomi Flagship,8829,Estimasi berbasis shipment Xiaomi 2024 dan struktur wilayah IDC
2024-10-29,Latin America,Xiaomi Flagship,3679,Estimasi berbasis shipment Xiaomi 2024 dan struktur wilayah IDC
2024-10-29,Middle East & Africa,Xiaomi Flagship,2943,Estimasi berbasis shipment Xiaomi 2024 dan struktur wilayah IDC
2024-10-29,Asia,POCO,30441,Estimasi berbasis shipment Xiaomi 2024 dan struktur wilayah IDC
2024-10-29,Europe,POCO,12596,Estimasi berbasis shipment Xiaomi 2024 dan struktur wilayah IDC
2024-10-29,Latin America,POCO,5248,Estimasi berbasis shipment Xiaomi 2024 dan struktur wilayah IDC
2024-10-29,Middle East & Africa,POCO,4199,Estimasi berbasis shipment Xiaomi 2024 dan struktur wilayah IDC
2024-10-29,Asia,Black Shark,4836,Estimasi berbasis shipment Xiaomi 2024 dan struktur wilayah IDC
2024-10-29,Europe,Black Shark,2001,Estimasi berbasis shipment Xiaomi 2024 dan struktur wilayah IDC
2024-10-29,Latin America,Black Shark,834,Estimasi berbasis shipment Xiaomi 2024 dan struktur wilayah IDC
2024-10-29,Middle East & Africa,Black Shark,667,Estimasi berbasis shipment Xiaomi 2024 dan struktur wilayah IDC
2024-10-29,Asia,Other,18492,Estimasi berbasis shipment Xiaomi 2024 dan struktur wilayah IDC
2024-10-29,Europe,Other,7652,Estimasi berbasis shipment Xiaomi 2024 dan struktur wilayah IDC
2024-10-29,Latin America,Other,3188,Estimasi berbasis shipment Xiaomi 2024 dan struktur wilayah IDC
2024-10-29,Middle East & Africa,Other,2551,Estimasi berbasis shipment Xiaomi 2024 dan struktur wilayah IDC
2024-10-30,Asia,Redmi,185657,Estimasi berbasis shipment Xiaomi 2024 dan struktur wilayah IDC
2024-10-30,Europe,Redmi,76824,Estimasi berbasis shipment Xiaomi 2024 dan struktur wilayah IDC
2024-10-30,Latin America,Redmi,32010,Estimasi berbasis shipment Xiaomi 2024 dan struktur wilayah IDC
2024-10-30,Middle East & Africa,Redmi,25608,Estimasi berbasis shipment Xiaomi 2024 dan struktur wilayah IDC
2024-10-30,Asia,Xiaomi Flagship,21894,Estimasi berbasis shipment Xiaomi 2024 dan struktur wilayah IDC
2024-10-30,Europe,Xiaomi Flagship,9059,Estimasi berbasis shipment Xiaomi 2024 dan struktur wilayah IDC
2024-10-30,Latin America,Xiaomi Flagship,3775,Estimasi berbasis shipment Xiaomi 2024 dan struktur wilayah IDC
2024-10-30,Middle East & Africa,Xiaomi Flagship,3020,Estimasi berbasis shipment Xiaomi 2024 dan struktur wilayah IDC
2024-10-30,Asia,POCO,31235,Estimasi berbasis shipment Xiaomi 2024 dan struktur wilayah IDC
2024-10-30,Europe,POCO,12925,Estimasi berbasis shipment Xiaomi 2024 dan struktur wilayah IDC
2024-10-30,Latin America,POCO,5385,Estimasi berbasis shipment Xiaomi 2024 dan struktur wilayah IDC
2024-10-30,Middle East & Africa,POCO,4308,Estimasi berbasis shipment Xiaomi 2024 dan struktur wilayah IDC
2024-10-30,Asia,Black Shark,4963,Estimasi berbasis shipment Xiaomi 2024 dan struktur wilayah IDC
2024-10-30,Europe,Black Shark,2053,Estimasi berbasis shipment Xiaomi 2024 dan struktur wilayah IDC
2024-10-30,Latin America,Black Shark,856,Estimasi berbasis shipment Xiaomi 2024 dan struktur wilayah IDC
2024-10-30,Middle East & Africa,Black Shark,684,Estimasi berbasis shipment Xiaomi 2024 dan struktur wilayah IDC
2024-10-30,Asia,Other,18974,Estimasi berbasis shipment Xiaomi 2024 dan struktur wilayah IDC
2024-10-30,Europe,Other,7851,Estimasi berbasis shipment Xiaomi 2024 dan struktur wilayah IDC
2024-10-30,Latin America,Other,3271,Estimasi berbasis shipment Xiaomi 2024 dan struktur wilayah IDC
2024-10-30,Middle East & Africa,Other,2617,Estimasi berbasis shipment Xiaomi 2024 dan struktur wilayah IDC
2024-10-31,Asia,Redmi,170261,Estimasi berbasis shipment Xiaomi 2024 dan struktur wilayah IDC
2024-10-31,Europe,Redmi,70453,Estimasi berbasis shipment Xiaomi 2024 dan struktur wilayah IDC
2024-10-31,Latin America,Redmi,29355,Estimasi berbasis shipment Xiaomi 2024 dan struktur wilayah IDC
2024-10-31,Middle East & Africa,Redmi,23484,Estimasi berbasis shipment Xiaomi 2024 dan struktur wilayah IDC
2024-10-31,Asia,Xiaomi Flagship,20078,Estimasi berbasis shipment Xiaomi 2024 dan struktur wilayah IDC
2024-10-31,Europe,Xiaomi Flagship,8308,Estimasi berbasis shipment Xiaomi 2024 dan struktur wilayah IDC
2024-10-31,Latin America,Xiaomi Flagship,3462,Estimasi berbasis shipment Xiaomi 2024 dan struktur wilayah IDC
2024-10-31,Middle East & Africa,Xiaomi Flagship,2769,Estimasi berbasis shipment Xiaomi 2024 dan struktur wilayah IDC
2024-10-31,Asia,POCO,28645,Estimasi berbasis shipment Xiaomi 2024 dan struktur wilayah IDC
2024-10-31,Europe,POCO,11853,Estimasi berbasis shipment Xiaomi 2024 dan struktur wilayah IDC
2024-10-31,Latin America,POCO,4939,Estimasi berbasis shipment Xiaomi 2024 dan struktur wilayah IDC
2024-10-31,Middle East & Africa,POCO,3951,Estimasi berbasis shipment Xiaomi 2024 dan struktur wilayah IDC
2024-10-31,Asia,Black Shark,4551,Estimasi berbasis shipment Xiaomi 2024 dan struktur wilayah IDC
2024-10-31,Europe,Black Shark,1883,Estimasi berbasis shipment Xiaomi 2024 dan struktur wilayah IDC
2024-10-31,Latin America,Black Shark,785,Estimasi berbasis shipment Xiaomi 2024 dan struktur wilayah IDC
2024-10-31,Middle East & Africa,Black Shark,628,Estimasi berbasis shipment Xiaomi 2024 dan struktur wilayah IDC
2024-10-31,Asia,Other,17401,Estimasi berbasis shipment Xiaomi 2024 dan struktur wilayah IDC
2024-10-31,Europe,Other,7200,Estimasi berbasis shipment Xiaomi 2024 dan struktur wilayah IDC
2024-10-31,Latin America,Other,3000,Estimasi berbasis shipment Xiaomi 2024 dan struktur wilayah IDC
2024-10-31,Middle East & Africa,Other,2400,Estimasi berbasis shipment Xiaomi 2024 dan struktur wilayah IDC
2024-11-01,Asia,Redmi,174946,Estimasi berbasis shipment Xiaomi 2024 dan struktur wilayah IDC
2024-11-01,Europe,Redmi,72392,Estimasi berbasis shipment Xiaomi 2024 dan struktur wilayah IDC
2024-11-01,Latin America,Redmi,30163,Estimasi berbasis shipment Xiaomi 2024 dan struktur wilayah IDC
2024-11-01,Middle East & Africa,Redmi,24131,Estimasi berbasis shipment Xiaomi 2024 dan struktur wilayah IDC
2024-11-01,Asia,Xiaomi Flagship,20630,Estimasi berbasis shipment Xiaomi 2024 dan struktur wilayah IDC
2024-11-01,Europe,Xiaomi Flagship,8537,Estimasi berbasis shipment Xiaomi 2024 dan struktur wilayah IDC
2024-11-01,Latin America,Xiaomi Flagship,3557,Estimasi berbasis shipment Xiaomi 2024 dan struktur wilayah IDC
2024-11-01,Middle East & Africa,Xiaomi Flagship,2846,Estimasi berbasis shipment Xiaomi 2024 dan struktur wilayah IDC
2024-11-01,Asia,POCO,29433,Estimasi berbasis shipment Xiaomi 2024 dan struktur wilayah IDC
2024-11-01,Europe,POCO,12179,Estimasi berbasis shipment Xiaomi 2024 dan struktur wilayah IDC
2024-11-01,Latin America,POCO,5075,Estimasi berbasis shipment Xiaomi 2024 dan struktur wilayah IDC
2024-11-01,Middle East & Africa,POCO,4060,Estimasi berbasis shipment Xiaomi 2024 dan struktur wilayah IDC
2024-11-01,Asia,Black Shark,4676,Estimasi berbasis shipment Xiaomi 2024 dan struktur wilayah IDC
2024-11-01,Europe,Black Shark,1935,Estimasi berbasis shipment Xiaomi 2024 dan struktur wilayah IDC
2024-11-01,Latin America,Black Shark,806,Estimasi berbasis shipment Xiaomi 2024 dan struktur wilayah IDC
2024-11-01,Middle East & Africa,Black Shark,645,Estimasi berbasis shipment Xiaomi 2024 dan struktur wilayah IDC
2024-11-01,Asia,Other,17880,Estimasi berbasis shipment Xiaomi 2024 dan struktur wilayah IDC
2024-11-01,Europe,Other,7399,Estimasi berbasis shipment Xiaomi 2024 dan struktur wilayah IDC
2024-11-01,Latin America,Other,3083,Estimasi berbasis shipment Xiaomi 2024 dan struktur wilayah IDC
2024-11-01,Middle East & Africa,Other,2466,Estimasi berbasis shipment Xiaomi 2024 dan struktur wilayah IDC
2024-11-02,Asia,Redmi,195681,Estimasi berbasis shipment Xiaomi 2024 dan struktur wilayah IDC
2024-11-02,Europe,Redmi,80971,Estimasi berbasis shipment Xiaomi 2024 dan struktur wilayah IDC
2024-11-02,Latin America,Redmi,33738,Estimasi berbasis shipment Xiaomi 2024 dan struktur wilayah IDC
2024-11-02,Middle East & Africa,Redmi,26990,Estimasi berbasis shipment Xiaomi 2024 dan struktur wilayah IDC
2024-11-02,Asia,Xiaomi Flagship,23076,Estimasi berbasis shipment Xiaomi 2024 dan struktur wilayah IDC
2024-11-02,Europe,Xiaomi Flagship,9549,Estimasi berbasis shipment Xiaomi 2024 dan struktur wilayah IDC
2024-11-02,Latin America,Xiaomi Flagship,3979,Estimasi berbasis shipment Xiaomi 2024 dan struktur wilayah IDC
2024-11-02,Middle East & Africa,Xiaomi Flagship,3183,Estimasi berbasis shipment Xiaomi 2024 dan struktur wilayah IDC
2024-11-02,Asia,POCO,32921,Estimasi berbasis shipment Xiaomi 2024 dan struktur wilayah IDC
2024-11-02,Europe,POCO,13623,Estimasi berbasis shipment Xiaomi 2024 dan struktur wilayah IDC
2024-11-02,Latin America,POCO,5676,Estimasi berbasis shipment Xiaomi 2024 dan struktur wilayah IDC
2024-11-02,Middle East & Africa,POCO,4541,Estimasi berbasis shipment Xiaomi 2024 dan struktur wilayah IDC
2024-11-02,Asia,Black Shark,5230,Estimasi berbasis shipment Xiaomi 2024 dan struktur wilayah IDC
2024-11-02,Europe,Black Shark,2164,Estimasi berbasis shipment Xiaomi 2024 dan struktur wilayah IDC
2024-11-02,Latin America,Black Shark,902,Estimasi berbasis shipment Xiaomi 2024 dan struktur wilayah IDC
2024-11-02,Middle East & Africa,Black Shark,721,Estimasi berbasis shipment Xiaomi 2024 dan struktur wilayah IDC
2024-11-02,Asia,Other,19999,Estimasi berbasis shipment Xiaomi 2024 dan struktur wilayah IDC
2024-11-02,Europe,Other,8275,Estimasi berbasis shipment Xiaomi 2024 dan struktur wilayah IDC
2024-11-02,Latin America,Other,3448,Estimasi berbasis shipment Xiaomi 2024 dan struktur wilayah IDC
2024-11-02,Middle East & Africa,Other,2758,Estimasi berbasis shipment Xiaomi 2024 dan struktur wilayah IDC
2024-11-03,Asia,Redmi,183025,Estimasi berbasis shipment Xiaomi 2024 dan struktur wilayah IDC
2024-11-03,Europe,Redmi,75734,Estimasi berbasis shipment Xiaomi 2024 dan struktur wilayah IDC
2024-11-03,Latin America,Redmi,31556,Estimasi berbasis shipment Xiaomi 2024 dan struktur wilayah IDC
2024-11-03,Middle East & Africa,Redmi,25245,Estimasi berbasis shipment Xiaomi 2024 dan struktur wilayah IDC
2024-11-03,Asia,Xiaomi Flagship,21583,Estimasi berbasis shipment Xiaomi 2024 dan struktur wilayah IDC
2024-11-03,Europe,Xiaomi Flagship,8931,Estimasi berbasis shipment Xiaomi 2024 dan struktur wilayah IDC
2024-11-03,Latin America,Xiaomi Flagship,3721,Estimasi berbasis shipment Xiaomi 2024 dan struktur wilayah IDC
2024-11-03,Middle East & Africa,Xiaomi Flagship,2977,Estimasi berbasis shipment Xiaomi 2024 dan struktur wilayah IDC
2024-11-03,Asia,POCO,30792,Estimasi berbasis shipment Xiaomi 2024 dan struktur wilayah IDC
2024-11-03,Europe,POCO,12741,Estimasi berbasis shipment Xiaomi 2024 dan struktur wilayah IDC
2024-11-03,Latin America,POCO,5309,Estimasi berbasis shipment Xiaomi 2024 dan struktur wilayah IDC
2024-11-03,Middle East & Africa,POCO,4247,Estimasi berbasis shipment Xiaomi 2024 dan struktur wilayah IDC
2024-11-03,Asia,Black Shark,4892,Estimasi berbasis shipment Xiaomi 2024 dan struktur wilayah IDC
2024-11-03,Europe,Black Shark,2024,Estimasi berbasis shipment Xiaomi 2024 dan struktur wilayah IDC
2024-11-03,Latin America,Black Shark,843,Estimasi berbasis shipment Xiaomi 2024 dan struktur wilayah IDC
2024-11-03,Middle East & Africa,Black Shark,675,Estimasi berbasis shipment Xiaomi 2024 dan struktur wilayah IDC
2024-11-03,Asia,Other,18705,Estimasi berbasis shipment Xiaomi 2024 dan struktur wilayah IDC
2024-11-03,Europe,Other,7740,Estimasi berbasis shipment Xiaomi 2024 dan struktur wilayah IDC
2024-11-03,Latin America,Other,3225,Estimasi berbasis shipment Xiaomi 2024 dan struktur wilayah IDC
2024-11-03,Middle East & Africa,Other,2580,Estimasi berbasis shipment Xiaomi 2024 dan struktur wilayah IDC
2024-11-04,Asia,Redmi,194578,Estimasi berbasis shipment Xiaomi 2024 dan struktur wilayah IDC
2024-11-04,Europe,Redmi,80515,Estimasi berbasis shipment Xiaomi 2024 dan struktur wilayah IDC
2024-11-04,Latin America,Redmi,33548,Estimasi berbasis shipment Xiaomi 2024 dan struktur wilayah IDC
2024-11-04,Middle East & Africa,Redmi,26838,Estimasi berbasis shipment Xiaomi 2024 dan struktur wilayah IDC
2024-11-04,Asia,Xiaomi Flagship,22946,Estimasi berbasis shipment Xiaomi 2024 dan struktur wilayah IDC
2024-11-04,Europe,Xiaomi Flagship,9495,Estimasi berbasis shipment Xiaomi 2024 dan struktur wilayah IDC
2024-11-04,Latin America,Xiaomi Flagship,3956,Estimasi berbasis shipment Xiaomi 2024 dan struktur wilayah IDC
2024-11-04,Middle East & Africa,Xiaomi Flagship,3165,Estimasi berbasis shipment Xiaomi 2024 dan struktur wilayah IDC
2024-11-04,Asia,POCO,32736,Estimasi berbasis shipment Xiaomi 2024 dan struktur wilayah IDC
2024-11-04,Europe,POCO,13546,Estimasi berbasis shipment Xiaomi 2024 dan struktur wilayah IDC
2024-11-04,Latin America,POCO,5644,Estimasi berbasis shipment Xiaomi 2024 dan struktur wilayah IDC
2024-11-04,Middle East & Africa,POCO,4515,Estimasi berbasis shipment Xiaomi 2024 dan struktur wilayah IDC
2024-11-04,Asia,Black Shark,5201,Estimasi berbasis shipment Xiaomi 2024 dan struktur wilayah IDC
2024-11-04,Europe,Black Shark,2152,Estimasi berbasis shipment Xiaomi 2024 dan struktur wilayah IDC
2024-11-04,Latin America,Black Shark,897,Estimasi berbasis shipment Xiaomi 2024 dan struktur wilayah IDC
2024-11-04,Middle East & Africa,Black Shark,717,Estimasi berbasis shipment Xiaomi 2024 dan struktur wilayah IDC
2024-11-04,Asia,Other,19886,Estimasi berbasis shipment Xiaomi 2024 dan struktur wilayah IDC
2024-11-04,Europe,Other,8229,Estimasi berbasis shipment Xiaomi 2024 dan struktur wilayah IDC
2024-11-04,Latin America,Other,3429,Estimasi berbasis shipment Xiaomi 2024 dan struktur wilayah IDC
2024-11-04,Middle East & Africa,Other,2743,Estimasi berbasis shipment Xiaomi 2024 dan struktur wilayah IDC
2024-11-05,Asia,Redmi,180612,Estimasi berbasis shipment Xiaomi 2024 dan struktur wilayah IDC
2024-11-05,Europe,Redmi,74736,Estimasi berbasis shipment Xiaomi 2024 dan struktur wilayah IDC
2024-11-05,Latin America,Redmi,31140,Estimasi berbasis shipment Xiaomi 2024 dan struktur wilayah IDC
2024-11-05,Middle East & Africa,Redmi,24912,Estimasi berbasis shipment Xiaomi 2024 dan struktur wilayah IDC
2024-11-05,Asia,Xiaomi Flagship,21299,Estimasi berbasis shipment Xiaomi 2024 dan struktur wilayah IDC
2024-11-05,Europe,Xiaomi Flagship,8813,Estimasi berbasis shipment Xiaomi 2024 dan struktur wilayah IDC
2024-11-05,Latin America,Xiaomi Flagship,3672,Estimasi berbasis shipment Xiaomi 2024 dan struktur wilayah IDC
2024-11-05,Middle East & Africa,Xiaomi Flagship,2938,Estimasi berbasis shipment Xiaomi 2024 dan struktur wilayah IDC
2024-11-05,Asia,POCO,30386,Estimasi berbasis shipment Xiaomi 2024 dan struktur wilayah IDC
2024-11-05,Europe,POCO,12573,Estimasi berbasis shipment Xiaomi 2024 dan struktur wilayah IDC
2024-11-05,Latin America,POCO,5239,Estimasi berbasis shipment Xiaomi 2024 dan struktur wilayah IDC
2024-11-05,Middle East & Africa,POCO,4191,Estimasi berbasis shipment Xiaomi 2024 dan struktur wilayah IDC
2024-11-05,Asia,Black Shark,4828,Estimasi berbasis shipment Xiaomi 2024 dan struktur wilayah IDC
2024-11-05,Europe,Black Shark,1998,Estimasi berbasis shipment Xiaomi 2024 dan struktur wilayah IDC
2024-11-05,Latin America,Black Shark,832,Estimasi berbasis shipment Xiaomi 2024 dan struktur wilayah IDC
2024-11-05,Middle East & Africa,Black Shark,666,Estimasi berbasis shipment Xiaomi 2024 dan struktur wilayah IDC
2024-11-05,Asia,Other,18459,Estimasi berbasis shipment Xiaomi 2024 dan struktur wilayah IDC
2024-11-05,Europe,Other,7638,Estimasi berbasis shipment Xiaomi 2024 dan struktur wilayah IDC
2024-11-05,Latin America,Other,3183,Estimasi berbasis shipment Xiaomi 2024 dan struktur wilayah IDC
2024-11-05,Middle East & Africa,Other,2546,Estimasi berbasis shipment Xiaomi 2024 dan struktur wilayah IDC
2024-11-06,Asia,Redmi,187153,Estimasi berbasis shipment Xiaomi 2024 dan struktur wilayah IDC
2024-11-06,Europe,Redmi,77442,Estimasi berbasis shipment Xiaomi 2024 dan struktur wilayah IDC
2024-11-06,Latin America,Redmi,32268,Estimasi berbasis shipment Xiaomi 2024 dan struktur wilayah IDC
2024-11-06,Middle East & Africa,Redmi,25814,Estimasi berbasis shipment Xiaomi 2024 dan struktur wilayah IDC
2024-11-06,Asia,Xiaomi Flagship,22070,Estimasi berbasis shipment Xiaomi 2024 dan struktur wilayah IDC
2024-11-06,Europe,Xiaomi Flagship,9132,Estimasi berbasis shipment Xiaomi 2024 dan struktur wilayah IDC
2024-11-06,Latin America,Xiaomi Flagship,3805,Estimasi berbasis shipment Xiaomi 2024 dan struktur wilayah IDC
2024-11-06,Middle East & Africa,Xiaomi Flagship,3044,Estimasi berbasis shipment Xiaomi 2024 dan struktur wilayah IDC
2024-11-06,Asia,POCO,31486,Estimasi berbasis shipment Xiaomi 2024 dan struktur wilayah IDC
2024-11-06,Europe,POCO,13029,Estimasi berbasis shipment Xiaomi 2024 dan struktur wilayah IDC
2024-11-06,Latin America,POCO,5429,Estimasi berbasis shipment Xiaomi 2024 dan struktur wilayah IDC
2024-11-06,Middle East & Africa,POCO,4343,Estimasi berbasis shipment Xiaomi 2024 dan struktur wilayah IDC
2024-11-06,Asia,Black Shark,5003,Estimasi berbasis shipment Xiaomi 2024 dan struktur wilayah IDC
2024-11-06,Europe,Black Shark,2070,Estimasi berbasis shipment Xiaomi 2024 dan struktur wilayah IDC
2024-11-06,Latin America,Black Shark,863,Estimasi berbasis shipment Xiaomi 2024 dan struktur wilayah IDC
2024-11-06,Middle East & Africa,Black Shark,690,Estimasi berbasis shipment Xiaomi 2024 dan struktur wilayah IDC
2024-11-06,Asia,Other,19127,Estimasi berbasis shipment Xiaomi 2024 dan struktur wilayah IDC
2024-11-06,Europe,Other,7915,Estimasi berbasis shipment Xiaomi 2024 dan struktur wilayah IDC
2024-11-06,Latin America,Other,3298,Estimasi berbasis shipment Xiaomi 2024 dan struktur wilayah IDC
2024-11-06,Middle East & Africa,Other,2638,Estimasi berbasis shipment Xiaomi 2024 dan struktur wilayah IDC
2024-11-07,Asia,Redmi,194120,Estimasi berbasis shipment Xiaomi 2024 dan struktur wilayah IDC
2024-11-07,Europe,Redmi,80326,Estimasi berbasis shipment Xiaomi 2024 dan struktur wilayah IDC
2024-11-07,Latin America,Redmi,33469,Estimasi berbasis shipment Xiaomi 2024 dan struktur wilayah IDC
2024-11-07,Middle East & Africa,Redmi,26775,Estimasi berbasis shipment Xiaomi 2024 dan struktur wilayah IDC
2024-11-07,Asia,Xiaomi Flagship,22892,Estimasi berbasis shipment Xiaomi 2024 dan struktur wilayah IDC
2024-11-07,Europe,Xiaomi Flagship,9472,Estimasi berbasis shipment Xiaomi 2024 dan struktur wilayah IDC
2024-11-07,Latin America,Xiaomi Flagship,3947,Estimasi berbasis shipment Xiaomi 2024 dan struktur wilayah IDC
2024-11-07,Middle East & Africa,Xiaomi Flagship,3157,Estimasi berbasis shipment Xiaomi 2024 dan struktur wilayah IDC
2024-11-07,Asia,POCO,32659,Estimasi berbasis shipment Xiaomi 2024 dan struktur wilayah IDC
2024-11-07,Europe,POCO,13514,Estimasi berbasis shipment Xiaomi 2024 dan struktur wilayah IDC
2024-11-07,Latin America,POCO,5631,Estimasi berbasis shipment Xiaomi 2024 dan struktur wilayah IDC
2024-11-07,Middle East & Africa,POCO,4505,Estimasi berbasis shipment Xiaomi 2024 dan struktur wilayah IDC
2024-11-07,Asia,Black Shark,5189,Estimasi berbasis shipment Xiaomi 2024 dan struktur wilayah IDC
2024-11-07,Europe,Black Shark,2147,Estimasi berbasis shipment Xiaomi 2024 dan struktur wilayah IDC
2024-11-07,Latin America,Black Shark,895,Estimasi berbasis shipment Xiaomi 2024 dan struktur wilayah IDC
2024-11-07,Middle East & Africa,Black Shark,716,Estimasi berbasis shipment Xiaomi 2024 dan struktur wilayah IDC
2024-11-07,Asia,Other,19839,Estimasi berbasis shipment Xiaomi 2024 dan struktur wilayah IDC
2024-11-07,Europe,Other,8209,Estimasi berbasis shipment Xiaomi 2024 dan struktur wilayah IDC
2024-11-07,Latin America,Other,3421,Estimasi berbasis shipment Xiaomi 2024 dan struktur wilayah IDC
2024-11-07,Middle East & Africa,Other,2736,Estimasi berbasis shipment Xiaomi 2024 dan struktur wilayah IDC
2024-11-08,Asia,Redmi,176385,Estimasi berbasis shipment Xiaomi 2024 dan struktur wilayah IDC
2024-11-08,Europe,Redmi,72987,Estimasi berbasis shipment Xiaomi 2024 dan struktur wilayah IDC
2024-11-08,Latin America,Redmi,30411,Estimasi berbasis shipment Xiaomi 2024 dan struktur wilayah IDC
2024-11-08,Middle East & Africa,Redmi,24329,Estimasi berbasis shipment Xiaomi 2024 dan struktur wilayah IDC
2024-11-08,Asia,Xiaomi Flagship,20800,Estimasi berbasis shipment Xiaomi 2024 dan struktur wilayah IDC
2024-11-08,Europe,Xiaomi Flagship,8607,Estimasi berbasis shipment Xiaomi 2024 dan struktur wilayah IDC
2024-11-08,Latin America,Xiaomi Flagship,3586,Estimasi berbasis shipment Xiaomi 2024 dan struktur wilayah IDC
2024-11-08,Middle East & Africa,Xiaomi Flagship,2869,Estimasi berbasis shipment Xiaomi 2024 dan struktur wilayah IDC
2024-11-08,Asia,POCO,29675,Estimasi berbasis shipment Xiaomi 2024 dan struktur wilayah IDC
2024-11-08,Europe,POCO,12279,Estimasi berbasis shipment Xiaomi 2024 dan struktur wilayah IDC
2024-11-08,Latin America,POCO,5116,Estimasi berbasis shipment Xiaomi 2024 dan struktur wilayah IDC
2024-11-08,Middle East & Africa,POCO,4093,Estimasi berbasis shipment Xiaomi 2024 dan struktur wilayah IDC
2024-11-08,Asia,Black Shark,4715,Estimasi berbasis shipment Xiaomi 2024 dan struktur wilayah IDC
2024-11-08,Europe,Black Shark,1951,Estimasi berbasis shipment Xiaomi 2024 dan struktur wilayah IDC
2024-11-08,Latin America,Black Shark,813,Estimasi berbasis shipment Xiaomi 2024 dan struktur wilayah IDC
2024-11-08,Middle East & Africa,Black Shark,650,Estimasi berbasis shipment Xiaomi 2024 dan struktur wilayah IDC
2024-11-08,Asia,Other,18027,Estimasi berbasis shipment Xiaomi 2024 dan struktur wilayah IDC
2024-11-08,Europe,Other,7459,Estimasi berbasis shipment Xiaomi 2024 dan struktur wilayah IDC
2024-11-08,Latin America,Other,3108,Estimasi berbasis shipment Xiaomi 2024 dan struktur wilayah IDC
2024-11-08,Middle East & Africa,Other,2486,Estimasi berbasis shipment Xiaomi 2024 dan struktur wilayah IDC
2024-11-09,Asia,Redmi,190728,Estimasi berbasis shipment Xiaomi 2024 dan struktur wilayah IDC
2024-11-09,Europe,Redmi,78922,Estimasi berbasis shipment Xiaomi 2024 dan struktur wilayah IDC
2024-11-09,Latin America,Redmi,32884,Estimasi berbasis shipment Xiaomi 2024 dan struktur wilayah IDC
2024-11-09,Middle East & Africa,Redmi,26307,Estimasi berbasis shipment Xiaomi 2024 dan struktur wilayah IDC
2024-11-09,Asia,Xiaomi Flagship,22492,Estimasi berbasis shipment Xiaomi 2024 dan struktur wilayah IDC
2024-11-09,Europe,Xiaomi Flagship,9307,Estimasi berbasis shipment Xiaomi 2024 dan struktur wilayah IDC
2024-11-09,Latin America,Xiaomi Flagship,3878,Estimasi berbasis shipment Xiaomi 2024 dan struktur wilayah IDC
2024-11-09,Middle East & Africa,Xiaomi Flagship,3102,Estimasi berbasis shipment Xiaomi 2024 dan struktur wilayah IDC
2024-11-09,Asia,POCO,32088,Estimasi berbasis shipment Xiaomi 2024 dan struktur wilayah IDC
2024-11-09,Europe,POCO,13278,Estimasi berbasis shipment Xiaomi 2024 dan struktur wilayah IDC
2024-11-09,Latin America,POCO,5532,Estimasi berbasis shipment Xiaomi 2024 dan struktur wilayah IDC
2024-11-09,Middle East & Africa,POCO,4426,Estimasi berbasis shipment Xiaomi 2024 dan struktur wilayah IDC
2024-11-09,Asia,Black Shark,5098,Estimasi berbasis shipment Xiaomi 2024 dan struktur wilayah IDC
2024-11-09,Europe,Black Shark,2110,Estimasi berbasis shipment Xiaomi 2024 dan struktur wilayah IDC
2024-11-09,Latin America,Black Shark,879,Estimasi berbasis shipment Xiaomi 2024 dan struktur wilayah IDC
2024-11-09,Middle East & Africa,Black Shark,703,Estimasi berbasis shipment Xiaomi 2024 dan struktur wilayah IDC
2024-11-09,Asia,Other,19493,Estimasi berbasis shipment Xiaomi 2024 dan struktur wilayah IDC
2024-11-09,Europe,Other,8066,Estimasi berbasis shipment Xiaomi 2024 dan struktur wilayah IDC
2024-11-09,Latin America,Other,3361,Estimasi berbasis shipment Xiaomi 2024 dan struktur wilayah IDC
2024-11-09,Middle East & Africa,Other,2689,Estimasi berbasis shipment Xiaomi 2024 dan struktur wilayah IDC
2024-11-10,Asia,Redmi,192588,Estimasi berbasis shipment Xiaomi 2024 dan struktur wilayah IDC
2024-11-10,Europe,Redmi,79692,Estimasi berbasis shipment Xiaomi 2024 dan struktur wilayah IDC
2024-11-10,Latin America,Redmi,33205,Estimasi berbasis shipment Xiaomi 2024 dan struktur wilayah IDC
2024-11-10,Middle East & Africa,Redmi,26564,Estimasi berbasis shipment Xiaomi 2024 dan struktur wilayah IDC
2024-11-10,Asia,Xiaomi Flagship,22711,Estimasi berbasis shipment Xiaomi 2024 dan struktur wilayah IDC
2024-11-10,Europe,Xiaomi Flagship,9398,Estimasi berbasis shipment Xiaomi 2024 dan struktur wilayah IDC
2024-11-10,Latin America,Xiaomi Flagship,3916,Estimasi berbasis shipment Xiaomi 2024 dan struktur wilayah IDC
2024-11-10,Middle East & Africa,Xiaomi Flagship,3133,Estimasi berbasis shipment Xiaomi 2024 dan struktur wilayah IDC
2024-11-10,Asia,POCO,32401,Estimasi berbasis shipment Xiaomi 2024 dan struktur wilayah IDC
2024-11-10,Europe,POCO,13407,Estimasi berbasis shipment Xiaomi 2024 dan struktur wilayah IDC
2024-11-10,Latin America,POCO,5586,Estimasi berbasis shipment Xiaomi 2024 dan struktur wilayah IDC
2024-11-10,Middle East & Africa,POCO,4469,Estimasi berbasis shipment Xiaomi 2024 dan struktur wilayah IDC
2024-11-10,Asia,Black Shark,5148,Estimasi berbasis shipment Xiaomi 2024 dan struktur wilayah IDC
2024-11-10,Europe,Black Shark,2130,Estimasi berbasis shipment Xiaomi 2024 dan struktur wilayah IDC
2024-11-10,Latin America,Black Shark,888,Estimasi berbasis shipment Xiaomi 2024 dan struktur wilayah IDC
2024-11-10,Middle East & Africa,Black Shark,710,Estimasi berbasis shipment Xiaomi 2024 dan struktur wilayah IDC
2024-11-10,Asia,Other,19683,Estimasi berbasis shipment Xiaomi 2024 dan struktur wilayah IDC
2024-11-10,Europe,Other,8145,Estimasi berbasis shipment Xiaomi 2024 dan struktur wilayah IDC
2024-11-10,Latin America,Other,3394,Estimasi berbasis shipment Xiaomi 2024 dan struktur wilayah IDC
2024-11-10,Middle East & Africa,Other,2715,Estimasi berbasis shipment Xiaomi 2024 dan struktur wilayah IDC
2024-11-11,Asia,Redmi,173981,Estimasi berbasis shipment Xiaomi 2024 dan struktur wilayah IDC
2024-11-11,Europe,Redmi,71992,Estimasi berbasis shipment Xiaomi 2024 dan struktur wilayah IDC
2024-11-11,Latin America,Redmi,29997,Estimasi berbasis shipment Xiaomi 2024 dan struktur wilayah IDC
2024-11-11,Middle East & Africa,Redmi,23997,Estimasi berbasis shipment Xiaomi 2024 dan struktur wilayah IDC
2024-11-11,Asia,Xiaomi Flagship,20517,Estimasi berbasis shipment Xiaomi 2024 dan struktur wilayah IDC
2024-11-11,Europe,Xiaomi Flagship,8490,Estimasi berbasis shipment Xiaomi 2024 dan struktur wilayah IDC
2024-11-11,Latin America,Xiaomi Flagship,3537,Estimasi berbasis shipment Xiaomi 2024 dan struktur wilayah IDC
2024-11-11,Middle East & Africa,Xiaomi Flagship,2830,Estimasi berbasis shipment Xiaomi 2024 dan struktur wilayah IDC
2024-11-11,Asia,POCO,29270,Estimasi berbasis shipment Xiaomi 2024 dan struktur wilayah IDC
2024-11-11,Europe,POCO,12112,Estimasi berbasis shipment Xiaomi 2024 dan struktur wilayah IDC
2024-11-11,Latin America,POCO,5047,Estimasi berbasis shipment Xiaomi 2024 dan struktur wilayah IDC
2024-11-11,Middle East & Africa,POCO,4037,Estimasi berbasis shipment Xiaomi 2024 dan struktur wilayah IDC
2024-11-11,Asia,Black Shark,4650,Estimasi berbasis shipment Xiaomi 2024 dan struktur wilayah IDC
2024-11-11,Europe,Black Shark,1924,Estimasi berbasis shipment Xiaomi 2024 dan struktur wilayah IDC
2024-11-11,Latin America,Black Shark,802,Estimasi berbasis shipment Xiaomi 2024 dan struktur wilayah IDC
2024-11-11,Middle East & Africa,Black Shark,641,Estimasi berbasis shipment Xiaomi 2024 dan struktur wilayah IDC
2024-11-11,Asia,Other,17781,Estimasi berbasis shipment Xiaomi 2024 dan struktur wilayah IDC
2024-11-11,Europe,Other,7358,Estimasi berbasis shipment Xiaomi 2024 dan struktur wilayah IDC
2024-11-11,Latin America,Other,3066,Estimasi berbasis shipment Xiaomi 2024 dan struktur wilayah IDC
2024-11-11,Middle East & Africa,Other,2453,Estimasi berbasis shipment Xiaomi 2024 dan struktur wilayah IDC
2024-11-12,Asia,Redmi,180653,Estimasi berbasis shipment Xiaomi 2024 dan struktur wilayah IDC
2024-11-12,Europe,Redmi,74753,Estimasi berbasis shipment Xiaomi 2024 dan struktur wilayah IDC
2024-11-12,Latin America,Redmi,31147,Estimasi berbasis shipment Xiaomi 2024 dan struktur wilayah IDC
2024-11-12,Middle East & Africa,Redmi,24918,Estimasi berbasis shipment Xiaomi 2024 dan struktur wilayah IDC
2024-11-12,Asia,Xiaomi Flagship,21303,Estimasi berbasis shipment Xiaomi 2024 dan struktur wilayah IDC
2024-11-12,Europe,Xiaomi Flagship,8815,Estimasi berbasis shipment Xiaomi 2024 dan struktur wilayah IDC
2024-11-12,Latin America,Xiaomi Flagship,3673,Estimasi berbasis shipment Xiaomi 2024 dan struktur wilayah IDC
2024-11-12,Middle East & Africa,Xiaomi Flagship,2938,Estimasi berbasis shipment Xiaomi 2024 dan struktur wilayah IDC
2024-11-12,Asia,POCO,30393,Estimasi berbasis shipment Xiaomi 2024 dan struktur wilayah IDC
2024-11-12,Europe,POCO,12576,Estimasi berbasis shipment Xiaomi 2024 dan struktur wilayah IDC
2024-11-12,Latin America,POCO,5240,Estimasi berbasis shipment Xiaomi 2024 dan struktur wilayah IDC
2024-11-12,Middle East & Africa,POCO,4192,Estimasi berbasis shipment Xiaomi 2024 dan struktur wilayah IDC
2024-11-12,Asia,Black Shark,4829,Estimasi berbasis shipment Xiaomi 2024 dan struktur wilayah IDC
2024-11-12,Europe,Black Shark,1998,Estimasi berbasis shipment Xiaomi 2024 dan struktur wilayah IDC
2024-11-12,Latin America,Black Shark,833,Estimasi berbasis shipment Xiaomi 2024 dan struktur wilayah IDC
2024-11-12,Middle East & Africa,Black Shark,666,Estimasi berbasis shipment Xiaomi 2024 dan struktur wilayah IDC
2024-11-12,Asia,Other,18463,Estimasi berbasis shipment Xiaomi 2024 dan struktur wilayah IDC
2024-11-12,Europe,Other,7640,Estimasi berbasis shipment Xiaomi 2024 dan struktur wilayah IDC
2024-11-12,Latin America,Other,3183,Estimasi berbasis shipment Xiaomi 2024 dan struktur wilayah IDC
2024-11-12,Middle East & Africa,Other,2547,Estimasi berbasis shipment Xiaomi 2024 dan struktur wilayah IDC
2024-11-13,Asia,Redmi,179895,Estimasi berbasis shipment Xiaomi 2024 dan struktur wilayah IDC
2024-11-13,Europe,Redmi,74439,Estimasi berbasis shipment Xiaomi 2024 dan struktur wilayah IDC
2024-11-13,Latin America,Redmi,31016,Estimasi berbasis shipment Xiaomi 2024 dan struktur wilayah IDC
2024-11-13,Middle East & Africa,Redmi,24813,Estimasi berbasis shipment Xiaomi 2024 dan struktur wilayah IDC
2024-11-13,Asia,Xiaomi Flagship,21214,Estimasi berbasis shipment Xiaomi 2024 dan struktur wilayah IDC
2024-11-13,Europe,Xiaomi Flagship,8778,Estimasi berbasis shipment Xiaomi 2024 dan struktur wilayah IDC
2024-11-13,Latin America,Xiaomi Flagship,3658,Estimasi berbasis shipment Xiaomi 2024 dan struktur wilayah IDC
2024-11-13,Middle East & Africa,Xiaomi Flagship,2926,Estimasi berbasis shipment Xiaomi 2024 dan struktur wilayah IDC
2024-11-13,Asia,POCO,30265,Estimasi berbasis shipment Xiaomi 2024 dan struktur wilayah IDC
2024-11-13,Europe,POCO,12524,Estimasi berbasis shipment Xiaomi 2024 dan struktur wilayah IDC
2024-11-13,Latin America,POCO,5218,Estimasi berbasis shipment Xiaomi 2024 dan struktur wilayah IDC
2024-11-13,Middle East & Africa,POCO,4175,Estimasi berbasis shipment Xiaomi 2024 dan struktur wilayah IDC
2024-11-13,Asia,Black Shark,4809,Estimasi berbasis shipment Xiaomi 2024 dan struktur wilayah IDC
2024-11-13,Europe,Black Shark,1990,Estimasi berbasis shipment Xiaomi 2024 dan struktur wilayah IDC
2024-11-13,Latin America,Black Shark,829,Estimasi berbasis shipment Xiaomi 2024 dan struktur wilayah IDC
2024-11-13,Middle East & Africa,Black Shark,663,Estimasi berbasis shipment Xiaomi 2024 dan struktur wilayah IDC
2024-11-13,Asia,Other,18385,Estimasi berbasis shipment Xiaomi 2024 dan struktur wilayah IDC
2024-11-13,Europe,Other,7608,Estimasi berbasis shipment Xiaomi 2024 dan struktur wilayah IDC
2024-11-13,Latin America,Other,3170,Estimasi berbasis shipment Xiaomi 2024 dan struktur wilayah IDC
2024-11-13,Middle East & Africa,Other,2536,Estimasi berbasis shipment Xiaomi 2024 dan struktur wilayah IDC
2024-11-14,Asia,Redmi,197027,Estimasi berbasis shipment Xiaomi 2024 dan struktur wilayah IDC
2024-11-14,Europe,Redmi,81528,Estimasi berbasis shipment Xiaomi 2024 dan struktur wilayah IDC
2024-11-14,Latin America,Redmi,33970,Estimasi berbasis shipment Xiaomi 2024 dan struktur wilayah IDC
2024-11-14,Middle East & Africa,Redmi,27176,Estimasi berbasis shipment Xiaomi 2024 dan struktur wilayah IDC
2024-11-14,Asia,Xiaomi Flagship,23234,Estimasi berbasis shipment Xiaomi 2024 dan struktur wilayah IDC
2024-11-14,Europe,Xiaomi Flagship,9614,Estimasi berbasis shipment Xiaomi 2024 dan struktur wilayah IDC
2024-11-14,Latin America,Xiaomi Flagship,4006,Estimasi berbasis shipment Xiaomi 2024 dan struktur wilayah IDC
2024-11-14,Middle East & Africa,Xiaomi Flagship,3205,Estimasi berbasis shipment Xiaomi 2024 dan struktur wilayah IDC
2024-11-14,Asia,POCO,33148,Estimasi berbasis shipment Xiaomi 2024 dan struktur wilayah IDC
2024-11-14,Europe,POCO,13716,Estimasi berbasis shipment Xiaomi 2024 dan struktur wilayah IDC
2024-11-14,Latin America,POCO,5715,Estimasi berbasis shipment Xiaomi 2024 dan struktur wilayah IDC
2024-11-14,Middle East & Africa,POCO,4572,Estimasi berbasis shipment Xiaomi 2024 dan struktur wilayah IDC
2024-11-14,Asia,Black Shark,5266,Estimasi berbasis shipment Xiaomi 2024 dan struktur wilayah IDC
2024-11-14,Europe,Black Shark,2179,Estimasi berbasis shipment Xiaomi 2024 dan struktur wilayah IDC
2024-11-14,Latin America,Black Shark,908,Estimasi berbasis shipment Xiaomi 2024 dan struktur wilayah IDC
2024-11-14,Middle East & Africa,Black Shark,726,Estimasi berbasis shipment Xiaomi 2024 dan struktur wilayah IDC
2024-11-14,Asia,Other,20136,Estimasi berbasis shipment Xiaomi 2024 dan struktur wilayah IDC
2024-11-14,Europe,Other,8332,Estimasi berbasis shipment Xiaomi 2024 dan struktur wilayah IDC
2024-11-14,Latin America,Other,3472,Estimasi berbasis shipment Xiaomi 2024 dan struktur wilayah IDC
2024-11-14,Middle East & Africa,Other,2777,Estimasi berbasis shipment Xiaomi 2024 dan struktur wilayah IDC
2024-11-15,Asia,Redmi,196341,Estimasi berbasis shipment Xiaomi 2024 dan struktur wilayah IDC
2024-11-15,Europe,Redmi,81244,Estimasi berbasis shipment Xiaomi 2024 dan struktur wilayah IDC
2024-11-15,Latin America,Redmi,33852,Estimasi berbasis shipment Xiaomi 2024 dan struktur wilayah IDC
2024-11-15,Middle East & Africa,Redmi,27081,Estimasi berbasis shipment Xiaomi 2024 dan struktur wilayah IDC
2024-11-15,Asia,Xiaomi Flagship,23153,Estimasi berbasis shipment Xiaomi 2024 dan struktur wilayah IDC
2024-11-15,Europe,Xiaomi Flagship,9581,Estimasi berbasis shipment Xiaomi 2024 dan struktur wilayah IDC
2024-11-15,Latin America,Xiaomi Flagship,3992,Estimasi berbasis shipment Xiaomi 2024 dan struktur wilayah IDC
2024-11-15,Middle East & Africa,Xiaomi Flagship,3194,Estimasi berbasis shipment Xiaomi 2024 dan struktur wilayah IDC
2024-11-15,Asia,POCO,33032,Estimasi berbasis shipment Xiaomi 2024 dan struktur wilayah IDC
2024-11-15,Europe,POCO,13668,Estimasi berbasis shipment Xiaomi 2024 dan struktur wilayah IDC
2024-11-15,Latin America,POCO,5695,Estimasi berbasis shipment Xiaomi 2024 dan struktur wilayah IDC
2024-11-15,Middle East & Africa,POCO,4556,Estimasi berbasis shipment Xiaomi 2024 dan struktur wilayah IDC
2024-11-15,Asia,Black Shark,5248,Estimasi berbasis shipment Xiaomi 2024 dan struktur wilayah IDC
2024-11-15,Europe,Black Shark,2172,Estimasi berbasis shipment Xiaomi 2024 dan struktur wilayah IDC
2024-11-15,Latin America,Black Shark,905,Estimasi berbasis shipment Xiaomi 2024 dan struktur wilayah IDC
2024-11-15,Middle East & Africa,Black Shark,724,Estimasi berbasis shipment Xiaomi 2024 dan struktur wilayah IDC
2024-11-15,Asia,Other,20066,Estimasi berbasis shipment Xiaomi 2024 dan struktur wilayah IDC
2024-11-15,Europe,Other,8303,Estimasi berbasis shipment Xiaomi 2024 dan struktur wilayah IDC
2024-11-15,Latin America,Other,3460,Estimasi berbasis shipment Xiaomi 2024 dan struktur wilayah IDC
2024-11-15,Middle East & Africa,Other,2768,Estimasi berbasis shipment Xiaomi 2024 dan struktur wilayah IDC
2024-11-16,Asia,Redmi,184675,Estimasi berbasis shipment Xiaomi 2024 dan struktur wilayah IDC
2024-11-16,Europe,Redmi,76417,Estimasi berbasis shipment Xiaomi 2024 dan struktur wilayah IDC
2024-11-16,Latin America,Redmi,31841,Estimasi berbasis shipment Xiaomi 2024 dan struktur wilayah IDC
2024-11-16,Middle East & Africa,Redmi,25472,Estimasi berbasis shipment Xiaomi 2024 dan struktur wilayah IDC
2024-11-16,Asia,Xiaomi Flagship,21778,Estimasi berbasis shipment Xiaomi 2024 dan struktur wilayah IDC
2024-11-16,Europe,Xiaomi Flagship,9011,Estimasi berbasis shipment Xiaomi 2024 dan struktur wilayah IDC
2024-11-16,Latin America,Xiaomi Flagship,3755,Estimasi berbasis shipment Xiaomi 2024 dan struktur wilayah IDC
2024-11-16,Middle East & Africa,Xiaomi Flagship,3004,Estimasi berbasis shipment Xiaomi 2024 dan struktur wilayah IDC
2024-11-16,Asia,POCO,31070,Estimasi berbasis shipment Xiaomi 2024 dan struktur wilayah IDC
2024-11-16,Europe,POCO,12856,Estimasi berbasis shipment Xiaomi 2024 dan struktur wilayah IDC
2024-11-16,Latin America,POCO,5357,Estimasi berbasis shipment Xiaomi 2024 dan struktur wilayah IDC
2024-11-16,Middle East & Africa,POCO,4285,Estimasi berbasis shipment Xiaomi 2024 dan struktur wilayah IDC
2024-11-16,Asia,Black Shark,4936,Estimasi berbasis shipment Xiaomi 2024 dan struktur wilayah IDC
2024-11-16,Europe,Black Shark,2043,Estimasi berbasis shipment Xiaomi 2024 dan struktur wilayah IDC
2024-11-16,Latin America,Black Shark,851,Estimasi berbasis shipment Xiaomi 2024 dan struktur wilayah IDC
2024-11-16,Middle East & Africa,Black Shark,681,Estimasi berbasis shipment Xiaomi 2024 dan struktur wilayah IDC
2024-11-16,Asia,Other,18874,Estimasi berbasis shipment Xiaomi 2024 dan struktur wilayah IDC
2024-11-16,Europe,Other,7810,Estimasi berbasis shipment Xiaomi 2024 dan struktur wilayah IDC
2024-11-16,Latin America,Other,3254,Estimasi berbasis shipment Xiaomi 2024 dan struktur wilayah IDC
2024-11-16,Middle East & Africa,Other,2603,Estimasi berbasis shipment Xiaomi 2024 dan struktur wilayah IDC
2024-11-17,Asia,Redmi,181057,Estimasi berbasis shipment Xiaomi 2024 dan struktur wilayah IDC
2024-11-17,Europe,Redmi,74920,Estimasi berbasis shipment Xiaomi 2024 dan struktur wilayah IDC
2024-11-17,Latin America,Redmi,31217,Estimasi berbasis shipment Xiaomi 2024 dan struktur wilayah IDC
2024-11-17,Middle East & Africa,Redmi,24973,Estimasi berbasis shipment Xiaomi 2024 dan struktur wilayah IDC
2024-11-17,Asia,Xiaomi Flagship,21351,Estimasi berbasis shipment Xiaomi 2024 dan struktur wilayah IDC
2024-11-17,Europe,Xiaomi Flagship,8835,Estimasi berbasis shipment Xiaomi 2024 dan struktur wilayah IDC
2024-11-17,Latin America,Xiaomi Flagship,3681,Estimasi berbasis shipment Xiaomi 2024 dan struktur wilayah IDC
2024-11-17,Middle East & Africa,Xiaomi Flagship,2945,Estimasi berbasis shipment Xiaomi 2024 dan struktur wilayah IDC
2024-11-17,Asia,POCO,30461,Estimasi berbasis shipment Xiaomi 2024 dan struktur wilayah IDC
2024-11-17,Europe,POCO,12605,Estimasi berbasis shipment Xiaomi 2024 dan struktur wilayah IDC
2024-11-17,Latin America,POCO,5252,Estimasi berbasis shipment Xiaomi 2024 dan struktur wilayah IDC
2024-11-17,Middle East & Africa,POCO,4202,Estimasi berbasis shipment Xiaomi 2024 dan struktur wilayah IDC
2024-11-17,Asia,Black Shark,4840,Estimasi berbasis shipment Xiaomi 2024 dan struktur wilayah IDC
2024-11-17,Europe,Black Shark,2003,Estimasi berbasis shipment Xiaomi 2024 dan struktur wilayah IDC
2024-11-17,Latin America,Black Shark,834,Estimasi berbasis shipment Xiaomi 2024 dan struktur wilayah IDC
2024-11-17,Middle East & Africa,Black Shark,668,Estimasi berbasis shipment Xiaomi 2024 dan struktur wilayah IDC
2024-11-17,Asia,Other,18504,Estimasi berbasis shipment Xiaomi 2024 dan struktur wilayah IDC
2024-11-17,Europe,Other,7657,Estimasi berbasis shipment Xiaomi 2024 dan struktur wilayah IDC
2024-11-17,Latin America,Other,3190,Estimasi berbasis shipment Xiaomi 2024 dan struktur wilayah IDC
2024-11-17,Middle East & Africa,Other,2552,Estimasi berbasis shipment Xiaomi 2024 dan struktur wilayah IDC
2024-11-18,Asia,Redmi,186222,Estimasi berbasis shipment Xiaomi 2024 dan struktur wilayah IDC
2024-11-18,Europe,Redmi,77057,Estimasi berbasis shipment Xiaomi 2024 dan struktur wilayah IDC
2024-11-18,Latin America,Redmi,32107,Estimasi berbasis shipment Xiaomi 2024 dan struktur wilayah IDC
2024-11-18,Middle East & Africa,Redmi,25686,Estimasi berbasis shipment Xiaomi 2024 dan struktur wilayah IDC
2024-11-18,Asia,Xiaomi Flagship,21960,Estimasi berbasis shipment Xiaomi 2024 dan struktur wilayah IDC
2024-11-18,Europe,Xiaomi Flagship,9087,Estimasi berbasis shipment Xiaomi 2024 dan struktur wilayah IDC
2024-11-18,Latin America,Xiaomi Flagship,3786,Estimasi berbasis shipment Xiaomi 2024 dan struktur wilayah IDC
2024-11-18,Middle East & Africa,Xiaomi Flagship,3029,Estimasi berbasis shipment Xiaomi 2024 dan struktur wilayah IDC
2024-11-18,Asia,POCO,31330,Estimasi berbasis shipment Xiaomi 2024 dan struktur wilayah IDC
2024-11-18,Europe,POCO,12964,Estimasi berbasis shipment Xiaomi 2024 dan struktur wilayah IDC
2024-11-18,Latin America,POCO,5402,Estimasi berbasis shipment Xiaomi 2024 dan struktur wilayah IDC
2024-11-18,Middle East & Africa,POCO,4321,Estimasi berbasis shipment Xiaomi 2024 dan struktur wilayah IDC
2024-11-18,Asia,Black Shark,4978,Estimasi berbasis shipment Xiaomi 2024 dan struktur wilayah IDC
2024-11-18,Europe,Black Shark,2060,Estimasi berbasis shipment Xiaomi 2024 dan struktur wilayah IDC
2024-11-18,Latin America,Black Shark,858,Estimasi berbasis shipment Xiaomi 2024 dan struktur wilayah IDC
2024-11-18,Middle East & Africa,Black Shark,687,Estimasi berbasis shipment Xiaomi 2024 dan struktur wilayah IDC
2024-11-18,Asia,Other,19032,Estimasi berbasis shipment Xiaomi 2024 dan struktur wilayah IDC
2024-11-18,Europe,Other,7875,Estimasi berbasis shipment Xiaomi 2024 dan struktur wilayah IDC
2024-11-18,Latin America,Other,3281,Estimasi berbasis shipment Xiaomi 2024 dan struktur wilayah IDC
2024-11-18,Middle East & Africa,Other,2625,Estimasi berbasis shipment Xiaomi 2024 dan struktur wilayah IDC
2024-11-19,Asia,Redmi,193096,Estimasi berbasis shipment Xiaomi 2024 dan struktur wilayah IDC
2024-11-19,Europe,Redmi,79902,Estimasi berbasis shipment Xiaomi 2024 dan struktur wilayah IDC
2024-11-19,Latin America,Redmi,33292,Estimasi berbasis shipment Xiaomi 2024 dan struktur wilayah IDC
2024-11-19,Middle East & Africa,Redmi,26634,Estimasi berbasis shipment Xiaomi 2024 dan struktur wilayah IDC
2024-11-19,Asia,Xiaomi Flagship,22771,Estimasi berbasis shipment Xiaomi 2024 dan struktur wilayah IDC
2024-11-19,Europe,Xiaomi Flagship,9422,Estimasi berbasis shipment Xiaomi 2024 dan struktur wilayah IDC
2024-11-19,Latin America,Xiaomi Flagship,3926,Estimasi berbasis shipment Xiaomi 2024 dan struktur wilayah IDC
2024-11-19,Middle East & Africa,Xiaomi Flagship,3141,Estimasi berbasis shipment Xiaomi 2024 dan struktur wilayah IDC
2024-11-19,Asia,POCO,32486,Estimasi berbasis shipment Xiaomi 2024 dan struktur wilayah IDC
2024-11-19,Europe,POCO,13443,Estimasi berbasis shipment Xiaomi 2024 dan struktur wilayah IDC
2024-11-19,Latin America,POCO,5601,Estimasi berbasis shipment Xiaomi 2024 dan struktur wilayah IDC
2024-11-19,Middle East & Africa,POCO,4481,Estimasi berbasis shipment Xiaomi 2024 dan struktur wilayah IDC
2024-11-19,Asia,Black Shark,5161,Estimasi berbasis shipment Xiaomi 2024 dan struktur wilayah IDC
2024-11-19,Europe,Black Shark,2136,Estimasi berbasis shipment Xiaomi 2024 dan struktur wilayah IDC
2024-11-19,Latin America,Black Shark,890,Estimasi berbasis shipment Xiaomi 2024 dan struktur wilayah IDC
2024-11-19,Middle East & Africa,Black Shark,712,Estimasi berbasis shipment Xiaomi 2024 dan struktur wilayah IDC
2024-11-19,Asia,Other,19735,Estimasi berbasis shipment Xiaomi 2024 dan struktur wilayah IDC
2024-11-19,Europe,Other,8166,Estimasi berbasis shipment Xiaomi 2024 dan struktur wilayah IDC
2024-11-19,Latin America,Other,3403,Estimasi berbasis shipment Xiaomi 2024 dan struktur wilayah IDC
2024-11-19,Middle East & Africa,Other,2722,Estimasi berbasis shipment Xiaomi 2024 dan struktur wilayah IDC
2024-11-20,Asia,Redmi,179365,Estimasi berbasis shipment Xiaomi 2024 dan struktur wilayah IDC
2024-11-20,Europe,Redmi,74220,Estimasi berbasis shipment Xiaomi 2024 dan struktur wilayah IDC
2024-11-20,Latin America,Redmi,30925,Estimasi berbasis shipment Xiaomi 2024 dan struktur wilayah IDC
2024-11-20,Middle East & Africa,Redmi,24740,Estimasi berbasis shipment Xiaomi 2024 dan struktur wilayah IDC
2024-11-20,Asia,Xiaomi Flagship,21151,Estimasi berbasis shipment Xiaomi 2024 dan struktur wilayah IDC
2024-11-20,Europe,Xiaomi Flagship,8752,Estimasi berbasis shipment Xiaomi 2024 dan struktur wilayah IDC
2024-11-20,Latin America,Xiaomi Flagship,3647,Estimasi berbasis shipment Xiaomi 2024 dan struktur wilayah IDC
2024-11-20,Middle East & Africa,Xiaomi Flagship,2917,Estimasi berbasis shipment Xiaomi 2024 dan struktur wilayah IDC
2024-11-20,Asia,POCO,30176,Estimasi berbasis shipment Xiaomi 2024 dan struktur wilayah IDC
2024-11-20,Europe,POCO,12487,Estimasi berbasis shipment Xiaomi 2024 dan struktur wilayah IDC
2024-11-20,Latin America,POCO,5203,Estimasi berbasis shipment Xiaomi 2024 dan struktur wilayah IDC
2024-11-20,Middle East & Africa,POCO,4162,Estimasi berbasis shipment Xiaomi 2024 dan struktur wilayah IDC
2024-11-20,Asia,Black Shark,4794,Estimasi berbasis shipment Xiaomi 2024 dan struktur wilayah IDC
2024-11-20,Europe,Black Shark,1984,Estimasi berbasis shipment Xiaomi 2024 dan struktur wilayah IDC
2024-11-20,Latin America,Black Shark,827,Estimasi berbasis shipment Xiaomi 2024 dan struktur wilayah IDC
2024-11-20,Middle East & Africa,Black Shark,661,Estimasi berbasis shipment Xiaomi 2024 dan struktur wilayah IDC
2024-11-20,Asia,Other,18331,Estimasi berbasis shipment Xiaomi 2024 dan struktur wilayah IDC
2024-11-20,Europe,Other,7585,Estimasi berbasis shipment Xiaomi 2024 dan struktur wilayah IDC
2024-11-20,Latin America,Other,3161,Estimasi berbasis shipment Xiaomi 2024 dan struktur wilayah IDC
2024-11-20,Middle East & Africa,Other,2528,Estimasi berbasis shipment Xiaomi 2024 dan struktur wilayah IDC
2024-11-21,Asia,Redmi,188625,Estimasi berbasis shipment Xiaomi 2024 dan struktur wilayah IDC
2024-11-21,Europe,Redmi,78052,Estimasi berbasis shipment Xiaomi 2024 dan struktur wilayah IDC
2024-11-21,Latin America,Redmi,32522,Estimasi berbasis shipment Xiaomi 2024 dan struktur wilayah IDC
2024-11-21,Middle East & Africa,Redmi,26017,Estimasi berbasis shipment Xiaomi 2024 dan struktur wilayah IDC
2024-11-21,Asia,Xiaomi Flagship,22244,Estimasi berbasis shipment Xiaomi 2024 dan struktur wilayah IDC
2024-11-21,Europe,Xiaomi Flagship,9204,Estimasi berbasis shipment Xiaomi 2024 dan struktur wilayah IDC
2024-11-21,Latin America,Xiaomi Flagship,3835,Estimasi berbasis shipment Xiaomi 2024 dan struktur wilayah IDC
2024-11-21,Middle East & Africa,Xiaomi Flagship,3068,Estimasi berbasis shipment Xiaomi 2024 dan struktur wilayah IDC
2024-11-21,Asia,POCO,31734,Estimasi berbasis shipment Xiaomi 2024 dan struktur wilayah IDC
2024-11-21,Europe,POCO,13131,Estimasi berbasis shipment Xiaomi 2024 dan struktur wilayah IDC
2024-11-21,Latin America,POCO,5471,Estimasi berbasis shipment Xiaomi 2024 dan struktur wilayah IDC
2024-11-21,Middle East & Africa,POCO,4377,Estimasi berbasis shipment Xiaomi 2024 dan struktur wilayah IDC
2024-11-21,Asia,Black Shark,5042,Estimasi berbasis shipment Xiaomi 2024 dan struktur wilayah IDC
2024-11-21,Europe,Black Shark,2086,Estimasi berbasis shipment Xiaomi 2024 dan struktur wilayah IDC
2024-11-21,Latin America,Black Shark,869,Estimasi berbasis shipment Xiaomi 2024 dan struktur wilayah IDC
2024-11-21,Middle East & Africa,Black Shark,695,Estimasi berbasis shipment Xiaomi 2024 dan struktur wilayah IDC
2024-11-21,Asia,Other,19278,Estimasi berbasis shipment Xiaomi 2024 dan struktur wilayah IDC
2024-11-21,Europe,Other,7977,Estimasi berbasis shipment Xiaomi 2024 dan struktur wilayah IDC
2024-11-21,Latin America,Other,3324,Estimasi berbasis shipment Xiaomi 2024 dan struktur wilayah IDC
2024-11-21,Middle East & Africa,Other,2659,Estimasi berbasis shipment Xiaomi 2024 dan struktur wilayah IDC
2024-11-22,Asia,Redmi,196902,Estimasi berbasis shipment Xiaomi 2024 dan struktur wilayah IDC
2024-11-22,Europe,Redmi,81477,Estimasi berbasis shipment Xiaomi 2024 dan struktur wilayah IDC
2024-11-22,Latin America,Redmi,33949,Estimasi berbasis shipment Xiaomi 2024 dan struktur wilayah IDC
2024-11-22,Middle East & Africa,Redmi,27159,Estimasi berbasis shipment Xiaomi 2024 dan struktur wilayah IDC
2024-11-22,Asia,Xiaomi Flagship,23220,Estimasi berbasis shipment Xiaomi 2024 dan struktur wilayah IDC
2024-11-22,Europe,Xiaomi Flagship,9608,Estimasi berbasis shipment Xiaomi 2024 dan struktur wilayah IDC
2024-11-22,Latin America,Xiaomi Flagship,4003,Estimasi berbasis shipment Xiaomi 2024 dan struktur wilayah IDC
2024-11-22,Middle East & Africa,Xiaomi Flagship,3203,Estimasi berbasis shipment Xiaomi 2024 dan struktur wilayah IDC
2024-11-22,Asia,POCO,33127,Estimasi berbasis shipment Xiaomi 2024 dan struktur wilayah IDC
2024-11-22,Europe,POCO,13708,Estimasi berbasis shipment Xiaomi 2024 dan struktur wilayah IDC
2024-11-22,Latin America,POCO,5711,Estimasi berbasis shipment Xiaomi 2024 dan struktur wilayah IDC
2024-11-22,Middle East & Africa,POCO,4569,Estimasi berbasis shipment Xiaomi 2024 dan struktur wilayah IDC
2024-11-22,Asia,Black Shark,5263,Estimasi berbasis shipment Xiaomi 2024 dan struktur wilayah IDC
2024-11-22,Europe,Black Shark,2178,Estimasi berbasis shipment Xiaomi 2024 dan struktur wilayah IDC
2024-11-22,Latin America,Black Shark,907,Estimasi berbasis shipment Xiaomi 2024 dan struktur wilayah IDC
2024-11-22,Middle East & Africa,Black Shark,726,Estimasi berbasis shipment Xiaomi 2024 dan struktur wilayah IDC
2024-11-22,Asia,Other,20124,Estimasi berbasis shipment Xiaomi 2024 dan struktur wilayah IDC
2024-11-22,Europe,Other,8327,Estimasi berbasis shipment Xiaomi 2024 dan struktur wilayah IDC
2024-11-22,Latin America,Other,3470,Estimasi berbasis shipment Xiaomi 2024 dan struktur wilayah IDC
2024-11-22,Middle East & Africa,Other,2776,Estimasi berbasis shipment Xiaomi 2024 dan struktur wilayah IDC
2024-11-23,Asia,Redmi,173626,Estimasi berbasis shipment Xiaomi 2024 dan struktur wilayah IDC
2024-11-23,Europe,Redmi,71845,Estimasi berbasis shipment Xiaomi 2024 dan struktur wilayah IDC
2024-11-23,Latin America,Redmi,29936,Estimasi berbasis shipment Xiaomi 2024 dan struktur wilayah IDC
2024-11-23,Middle East & Africa,Redmi,23948,Estimasi berbasis shipment Xiaomi 2024 dan struktur wilayah IDC
2024-11-23,Asia,Xiaomi Flagship,20475,Estimasi berbasis shipment Xiaomi 2024 dan struktur wilayah IDC
2024-11-23,Europe,Xiaomi Flagship,8472,Estimasi berbasis shipment Xiaomi 2024 dan struktur wilayah IDC
2024-11-23,Latin America,Xiaomi Flagship,3530,Estimasi berbasis shipment Xiaomi 2024 dan struktur wilayah IDC
2024-11-23,Middle East & Africa,Xiaomi Flagship,2824,Estimasi berbasis shipment Xiaomi 2024 dan struktur wilayah IDC
2024-11-23,Asia,POCO,29211,Estimasi berbasis shipment Xiaomi 2024 dan struktur wilayah IDC
2024-11-23,Europe,POCO,12087,Estimasi berbasis shipment Xiaomi 2024 dan struktur wilayah IDC
2024-11-23,Latin America,POCO,5036,Estimasi berbasis shipment Xiaomi 2024 dan struktur wilayah IDC
2024-11-23,Middle East & Africa,POCO,4029,Estimasi berbasis shipment Xiaomi 2024 dan struktur wilayah IDC
2024-11-23,Asia,Black Shark,4641,Estimasi berbasis shipment Xiaomi 2024 dan struktur wilayah IDC
2024-11-23,Europe,Black Shark,1920,Estimasi berbasis shipment Xiaomi 2024 dan struktur wilayah IDC
2024-11-23,Latin America,Black Shark,800,Estimasi berbasis shipment Xiaomi 2024 dan struktur wilayah IDC
2024-11-23,Middle East & Africa,Black Shark,640,Estimasi berbasis shipment Xiaomi 2024 dan struktur wilayah IDC
2024-11-23,Asia,Other,17745,Estimasi berbasis shipment Xiaomi 2024 dan struktur wilayah IDC
2024-11-23,Europe,Other,7343,Estimasi berbasis shipment Xiaomi 2024 dan struktur wilayah IDC
2024-11-23,Latin America,Other,3059,Estimasi berbasis shipment Xiaomi 2024 dan struktur wilayah IDC
2024-11-23,Middle East & Africa,Other,2448,Estimasi berbasis shipment Xiaomi 2024 dan struktur wilayah IDC
2024-11-24,Asia,Redmi,195525,Estimasi berbasis shipment Xiaomi 2024 dan struktur wilayah IDC
2024-11-24,Europe,Redmi,80907,Estimasi berbasis shipment Xiaomi 2024 dan struktur wilayah IDC
2024-11-24,Latin America,Redmi,33711,Estimasi berbasis shipment Xiaomi 2024 dan struktur wilayah IDC
2024-11-24,Middle East & Africa,Redmi,26969,Estimasi berbasis shipment Xiaomi 2024 dan struktur wilayah IDC
2024-11-24,Asia,Xiaomi Flagship,23057,Estimasi berbasis shipment Xiaomi 2024 dan struktur wilayah IDC
2024-11-24,Europe,Xiaomi Flagship,9541,Estimasi berbasis shipment Xiaomi 2024 dan struktur wilayah IDC
2024-11-24,Latin America,Xiaomi Flagship,3975,Estimasi berbasis shipment Xiaomi 2024 dan struktur wilayah IDC
2024-11-24,Middle East & Africa,Xiaomi Flagship,3180,Estimasi berbasis shipment Xiaomi 2024 dan struktur wilayah IDC
2024-11-24,Asia,POCO,32895,Estimasi berbasis shipment Xiaomi 2024 dan struktur wilayah IDC
2024-11-24,Europe,POCO,13612,Estimasi berbasis shipment Xiaomi 2024 dan struktur wilayah IDC
2024-11-24,Latin America,POCO,5672,Estimasi berbasis shipment Xiaomi 2024 dan struktur wilayah IDC
2024-11-24,Middle East & Africa,POCO,4537,Estimasi berbasis shipment Xiaomi 2024 dan struktur wilayah IDC
2024-11-24,Asia,Black Shark,5226,Estimasi berbasis shipment Xiaomi 2024 dan struktur wilayah IDC
2024-11-24,Europe,Black Shark,2163,Estimasi berbasis shipment Xiaomi 2024 dan struktur wilayah IDC
2024-11-24,Latin America,Black Shark,901,Estimasi berbasis shipment Xiaomi 2024 dan struktur wilayah IDC
2024-11-24,Middle East & Africa,Black Shark,721,Estimasi berbasis shipment Xiaomi 2024 dan struktur wilayah IDC
2024-11-24,Asia,Other,19983,Estimasi berbasis shipment Xiaomi 2024 dan struktur wilayah IDC
2024-11-24,Europe,Other,8269,Estimasi berbasis shipment Xiaomi 2024 dan struktur wilayah IDC
2024-11-24,Latin America,Other,3445,Estimasi berbasis shipment Xiaomi 2024 dan struktur wilayah IDC
2024-11-24,Middle East & Africa,Other,2756,Estimasi berbasis shipment Xiaomi 2024 dan struktur wilayah IDC
2024-11-25,Asia,Redmi,208078,Estimasi berbasis shipment Xiaomi 2024 dan struktur wilayah IDC
2024-11-25,Europe,Redmi,86101,Estimasi berbasis shipment Xiaomi 2024 dan struktur wilayah IDC
2024-11-25,Latin America,Redmi,35875,Estimasi berbasis shipment Xiaomi 2024 dan struktur wilayah IDC
2024-11-25,Middle East & Africa,Redmi,28700,Estimasi berbasis shipment Xiaomi 2024 dan struktur wilayah IDC
2024-11-25,Asia,Xiaomi Flagship,24537,Estimasi berbasis shipment Xiaomi 2024 dan struktur wilayah IDC
2024-11-25,Europe,Xiaomi Flagship,10153,Estimasi berbasis shipment Xiaomi 2024 dan struktur wilayah IDC
2024-11-25,Latin America,Xiaomi Flagship,4231,Estimasi berbasis shipment Xiaomi 2024 dan struktur wilayah IDC
2024-11-25,Middle East & Africa,Xiaomi Flagship,3384,Estimasi berbasis shipment Xiaomi 2024 dan struktur wilayah IDC
2024-11-25,Asia,POCO,35007,Estimasi berbasis shipment Xiaomi 2024 dan struktur wilayah IDC
2024-11-25,Europe,POCO,14486,Estimasi berbasis shipment Xiaomi 2024 dan struktur wilayah IDC
2024-11-25,Latin America,POCO,6036,Estimasi berbasis shipment Xiaomi 2024 dan struktur wilayah IDC
2024-11-25,Middle East & Africa,POCO,4829,Estimasi berbasis shipment Xiaomi 2024 dan struktur wilayah IDC
2024-11-25,Asia,Black Shark,5562,Estimasi berbasis shipment Xiaomi 2024 dan struktur wilayah IDC
2024-11-25,Europe,Black Shark,2301,Estimasi berbasis shipment Xiaomi 2024 dan struktur wilayah IDC
2024-11-25,Latin America,Black Shark,959,Estimasi berbasis shipment Xiaomi 2024 dan struktur wilayah IDC
2024-11-25,Middle East & Africa,Black Shark,767,Estimasi berbasis shipment Xiaomi 2024 dan struktur wilayah IDC
2024-11-25,Asia,Other,21266,Estimasi berbasis shipment Xiaomi 2024 dan struktur wilayah IDC
2024-11-25,Europe,Other,8800,Estimasi berbasis shipment Xiaomi 2024 dan struktur wilayah IDC
2024-11-25,Latin America,Other,3667,Estimasi berbasis shipment Xiaomi 2024 dan struktur wilayah IDC
2024-11-25,Middle East & Africa,Other,2933,Estimasi berbasis shipment Xiaomi 2024 dan struktur wilayah IDC
2024-11-26,Asia,Redmi,198695,Estimasi berbasis shipment Xiaomi 2024 dan struktur wilayah IDC
2024-11-26,Europe,Redmi,82219,Estimasi berbasis shipment Xiaomi 2024 dan struktur wilayah IDC
2024-11-26,Latin America,Redmi,34258,Estimasi berbasis shipment Xiaomi 2024 dan struktur wilayah IDC
2024-11-26,Middle East & Africa,Redmi,27406,Estimasi berbasis shipment Xiaomi 2024 dan struktur wilayah IDC
2024-11-26,Asia,Xiaomi Flagship,23431,Estimasi berbasis shipment Xiaomi 2024 dan struktur wilayah IDC
2024-11-26,Europe,Xiaomi Flagship,9696,Estimasi berbasis shipment Xiaomi 2024 dan struktur wilayah IDC
2024-11-26,Latin America,Xiaomi Flagship,4040,Estimasi berbasis shipment Xiaomi 2024 dan struktur wilayah IDC
2024-11-26,Middle East & Africa,Xiaomi Flagship,3232,Estimasi berbasis shipment Xiaomi 2024 dan struktur wilayah IDC
2024-11-26,Asia,POCO,33428,Estimasi berbasis shipment Xiaomi 2024 dan struktur wilayah IDC
2024-11-26,Europe,POCO,13832,Estimasi berbasis shipment Xiaomi 2024 dan struktur wilayah IDC
2024-11-26,Latin America,POCO,5764,Estimasi berbasis shipment Xiaomi 2024 dan struktur wilayah IDC
2024-11-26,Middle East & Africa,POCO,4611,Estimasi berbasis shipment Xiaomi 2024 dan struktur wilayah IDC
2024-11-26,Asia,Black Shark,5311,Estimasi berbasis shipment Xiaomi 2024 dan struktur wilayah IDC
2024-11-26,Europe,Black Shark,2198,Estimasi berbasis shipment Xiaomi 2024 dan struktur wilayah IDC
2024-11-26,Latin America,Black Shark,916,Estimasi berbasis shipment Xiaomi 2024 dan struktur wilayah IDC
2024-11-26,Middle East & Africa,Black Shark,733,Estimasi berbasis shipment Xiaomi 2024 dan struktur wilayah IDC
2024-11-26,Asia,Other,20307,Estimasi berbasis shipment Xiaomi 2024 dan struktur wilayah IDC
2024-11-26,Europe,Other,8403,Estimasi berbasis shipment Xiaomi 2024 dan struktur wilayah IDC
2024-11-26,Latin America,Other,3501,Estimasi berbasis shipment Xiaomi 2024 dan struktur wilayah IDC
2024-11-26,Middle East & Africa,Other,2801,Estimasi berbasis shipment Xiaomi 2024 dan struktur wilayah IDC
2024-11-27,Asia,Redmi,173027,Estimasi berbasis shipment Xiaomi 2024 dan struktur wilayah IDC
2024-11-27,Europe,Redmi,71598,Estimasi berbasis shipment Xiaomi 2024 dan struktur wilayah IDC
2024-11-27,Latin America,Redmi,29832,Estimasi berbasis shipment Xiaomi 2024 dan struktur wilayah IDC
2024-11-27,Middle East & Africa,Redmi,23866,Estimasi berbasis shipment Xiaomi 2024 dan struktur wilayah IDC
2024-11-27,Asia,Xiaomi Flagship,20404,Estimasi berbasis shipment Xiaomi 2024 dan struktur wilayah IDC
2024-11-27,Europe,Xiaomi Flagship,8443,Estimasi berbasis shipment Xiaomi 2024 dan struktur wilayah IDC
2024-11-27,Latin America,Xiaomi Flagship,3518,Estimasi berbasis shipment Xiaomi 2024 dan struktur wilayah IDC
2024-11-27,Middle East & Africa,Xiaomi Flagship,2814,Estimasi berbasis shipment Xiaomi 2024 dan struktur wilayah IDC
2024-11-27,Asia,POCO,29110,Estimasi berbasis shipment Xiaomi 2024 dan struktur wilayah IDC
2024-11-27,Europe,POCO,12046,Estimasi berbasis shipment Xiaomi 2024 dan struktur wilayah IDC
2024-11-27,Latin America,POCO,5019,Estimasi berbasis shipment Xiaomi 2024 dan struktur wilayah IDC
2024-11-27,Middle East & Africa,POCO,4015,Estimasi berbasis shipment Xiaomi 2024 dan struktur wilayah IDC
2024-11-27,Asia,Black Shark,4625,Estimasi berbasis shipment Xiaomi 2024 dan struktur wilayah IDC
2024-11-27,Europe,Black Shark,1914,Estimasi berbasis shipment Xiaomi 2024 dan struktur wilayah IDC
2024-11-27,Latin America,Black Shark,797,Estimasi berbasis shipment Xiaomi 2024 dan struktur wilayah IDC
2024-11-27,Middle East & Africa,Black Shark,638,Estimasi berbasis shipment Xiaomi 2024 dan struktur wilayah IDC
2024-11-27,Asia,Other,17684,Estimasi berbasis shipment Xiaomi 2024 dan struktur wilayah IDC
2024-11-27,Europe,Other,7317,Estimasi berbasis shipment Xiaomi 2024 dan struktur wilayah IDC
2024-11-27,Latin America,Other,3049,Estimasi berbasis shipment Xiaomi 2024 dan struktur wilayah IDC
2024-11-27,Middle East & Africa,Other,2439,Estimasi berbasis shipment Xiaomi 2024 dan struktur wilayah IDC
2024-11-28,Asia,Redmi,174448,Estimasi berbasis shipment Xiaomi 2024 dan struktur wilayah IDC
2024-11-28,Europe,Redmi,72185,Estimasi berbasis shipment Xiaomi 2024 dan struktur wilayah IDC
2024-11-28,Latin America,Redmi,30077,Estimasi berbasis shipment Xiaomi 2024 dan struktur wilayah IDC
2024-11-28,Middle East & Africa,Redmi,24062,Estimasi berbasis shipment Xiaomi 2024 dan struktur wilayah IDC
2024-11-28,Asia,Xiaomi Flagship,20572,Estimasi berbasis shipment Xiaomi 2024 dan struktur wilayah IDC
2024-11-28,Europe,Xiaomi Flagship,8512,Estimasi berbasis shipment Xiaomi 2024 dan struktur wilayah IDC
2024-11-28,Latin America,Xiaomi Flagship,3547,Estimasi berbasis shipment Xiaomi 2024 dan struktur wilayah IDC
2024-11-28,Middle East & Africa,Xiaomi Flagship,2837,Estimasi berbasis shipment Xiaomi 2024 dan struktur wilayah IDC
2024-11-28,Asia,POCO,29349,Estimasi berbasis shipment Xiaomi 2024 dan struktur wilayah IDC
2024-11-28,Europe,POCO,12144,Estimasi berbasis shipment Xiaomi 2024 dan struktur wilayah IDC
2024-11-28,Latin America,POCO,5060,Estimasi berbasis shipment Xiaomi 2024 dan struktur wilayah IDC
2024-11-28,Middle East & Africa,POCO,4048,Estimasi berbasis shipment Xiaomi 2024 dan struktur wilayah IDC
2024-11-28,Asia,Black Shark,4663,Estimasi berbasis shipment Xiaomi 2024 dan struktur wilayah IDC
2024-11-28,Europe,Black Shark,1929,Estimasi berbasis shipment Xiaomi 2024 dan struktur wilayah IDC
2024-11-28,Latin America,Black Shark,804,Estimasi berbasis shipment Xiaomi 2024 dan struktur wilayah IDC
2024-11-28,Middle East & Africa,Black Shark,643,Estimasi berbasis shipment Xiaomi 2024 dan struktur wilayah IDC
2024-11-28,Asia,Other,17829,Estimasi berbasis shipment Xiaomi 2024 dan struktur wilayah IDC
2024-11-28,Europe,Other,7377,Estimasi berbasis shipment Xiaomi 2024 dan struktur wilayah IDC
2024-11-28,Latin America,Other,3074,Estimasi berbasis shipment Xiaomi 2024 dan struktur wilayah IDC
2024-11-28,Middle East & Africa,Other,2459,Estimasi berbasis shipment Xiaomi 2024 dan struktur wilayah IDC
2024-11-29,Asia,Redmi,175326,Estimasi berbasis shipment Xiaomi 2024 dan struktur wilayah IDC
2024-11-29,Europe,Redmi,72549,Estimasi berbasis shipment Xiaomi 2024 dan struktur wilayah IDC
2024-11-29,Latin America,Redmi,30229,Estimasi berbasis shipment Xiaomi 2024 dan struktur wilayah IDC
2024-11-29,Middle East & Africa,Redmi,24183,Estimasi berbasis shipment Xiaomi 2024 dan struktur wilayah IDC
2024-11-29,Asia,Xiaomi Flagship,20675,Estimasi berbasis shipment Xiaomi 2024 dan struktur wilayah IDC
2024-11-29,Europe,Xiaomi Flagship,8555,Estimasi berbasis shipment Xiaomi 2024 dan struktur wilayah IDC
2024-11-29,Latin America,Xiaomi Flagship,3565,Estimasi berbasis shipment Xiaomi 2024 dan struktur wilayah IDC
2024-11-29,Middle East & Africa,Xiaomi Flagship,2852,Estimasi berbasis shipment Xiaomi 2024 dan struktur wilayah IDC
2024-11-29,Asia,POCO,29497,Estimasi berbasis shipment Xiaomi 2024 dan struktur wilayah IDC
2024-11-29,Europe,POCO,12206,Estimasi berbasis shipment Xiaomi 2024 dan struktur wilayah IDC
2024-11-29,Latin America,POCO,5086,Estimasi berbasis shipment Xiaomi 2024 dan struktur wilayah IDC
2024-11-29,Middle East & Africa,POCO,4069,Estimasi berbasis shipment Xiaomi 2024 dan struktur wilayah IDC
2024-11-29,Asia,Black Shark,4686,Estimasi berbasis shipment Xiaomi 2024 dan struktur wilayah IDC
2024-11-29,Europe,Black Shark,1939,Estimasi berbasis shipment Xiaomi 2024 dan struktur wilayah IDC
2024-11-29,Latin America,Black Shark,808,Estimasi berbasis shipment Xiaomi 2024 dan struktur wilayah IDC
2024-11-29,Middle East & Africa,Black Shark,646,Estimasi berbasis shipment Xiaomi 2024 dan struktur wilayah IDC
2024-11-29,Asia,Other,17919,Estimasi berbasis shipment Xiaomi 2024 dan struktur wilayah IDC
2024-11-29,Europe,Other,7415,Estimasi berbasis shipment Xiaomi 2024 dan struktur wilayah IDC
2024-11-29,Latin America,Other,3089,Estimasi berbasis shipment Xiaomi 2024 dan struktur wilayah IDC
2024-11-29,Middle East & Africa,Other,2472,Estimasi berbasis shipment Xiaomi 2024 dan struktur wilayah IDC
2024-11-30,Asia,Redmi,181791,Estimasi berbasis shipment Xiaomi 2024 dan struktur wilayah IDC
2024-11-30,Europe,Redmi,75224,Estimasi berbasis shipment Xiaomi 2024 dan struktur wilayah IDC
2024-11-30,Latin America,Redmi,31343,Estimasi berbasis shipment Xiaomi 2024 dan struktur wilayah IDC
2024-11-30,Middle East & Africa,Redmi,25075,Estimasi berbasis shipment Xiaomi 2024 dan struktur wilayah IDC
2024-11-30,Asia,Xiaomi Flagship,21438,Estimasi berbasis shipment Xiaomi 2024 dan struktur wilayah IDC
2024-11-30,Europe,Xiaomi Flagship,8871,Estimasi berbasis shipment Xiaomi 2024 dan struktur wilayah IDC
2024-11-30,Latin America,Xiaomi Flagship,3696,Estimasi berbasis shipment Xiaomi 2024 dan struktur wilayah IDC
2024-11-30,Middle East & Africa,Xiaomi Flagship,2957,Estimasi berbasis shipment Xiaomi 2024 dan struktur wilayah IDC
2024-11-30,Asia,POCO,30584,Estimasi berbasis shipment Xiaomi 2024 dan struktur wilayah IDC
2024-11-30,Europe,POCO,12656,Estimasi berbasis shipment Xiaomi 2024 dan struktur wilayah IDC
2024-11-30,Latin America,POCO,5273,Estimasi berbasis shipment Xiaomi 2024 dan struktur wilayah IDC
2024-11-30,Middle East & Africa,POCO,4219,Estimasi berbasis shipment Xiaomi 2024 dan struktur wilayah IDC
2024-11-30,Asia,Black Shark,4859,Estimasi berbasis shipment Xiaomi 2024 dan struktur wilayah IDC
2024-11-30,Europe,Black Shark,2011,Estimasi berbasis shipment Xiaomi 2024 dan struktur wilayah IDC
2024-11-30,Latin America,Black Shark,838,Estimasi berbasis shipment Xiaomi 2024 dan struktur wilayah IDC
2024-11-30,Middle East & Africa,Black Shark,670,Estimasi berbasis shipment Xiaomi 2024 dan struktur wilayah IDC
2024-11-30,Asia,Other,18579,Estimasi berbasis shipment Xiaomi 2024 dan struktur wilayah IDC
2024-11-30,Europe,Other,7688,Estimasi berbasis shipment Xiaomi 2024 dan struktur wilayah IDC
2024-11-30,Latin America,Other,3203,Estimasi berbasis shipment Xiaomi 2024 dan struktur wilayah IDC
2024-11-30,Middle East & Africa,Other,2563,Estimasi berbasis shipment Xiaomi 2024 dan struktur wilayah IDC
2024-12-01,Asia,Redmi,209678,Estimasi berbasis shipment Xiaomi 2024 dan struktur wilayah IDC
2024-12-01,Europe,Redmi,86763,Estimasi berbasis shipment Xiaomi 2024 dan struktur wilayah IDC
2024-12-01,Latin America,Redmi,36151,Estimasi berbasis shipment Xiaomi 2024 dan struktur wilayah IDC
2024-12-01,Middle East & Africa,Redmi,28921,Estimasi berbasis shipment Xiaomi 2024 dan struktur wilayah IDC
2024-12-01,Asia,Xiaomi Flagship,24726,Estimasi berbasis shipment Xiaomi 2024 dan struktur wilayah IDC
2024-12-01,Europe,Xiaomi Flagship,10232,Estimasi berbasis shipment Xiaomi 2024 dan struktur wilayah IDC
2024-12-01,Latin America,Xiaomi Flagship,4263,Estimasi berbasis shipment Xiaomi 2024 dan struktur wilayah IDC
2024-12-01,Middle East & Africa,Xiaomi Flagship,3411,Estimasi berbasis shipment Xiaomi 2024 dan struktur wilayah IDC
2024-12-01,Asia,POCO,35276,Estimasi berbasis shipment Xiaomi 2024 dan struktur wilayah IDC
2024-12-01,Europe,POCO,14597,Estimasi berbasis shipment Xiaomi 2024 dan struktur wilayah IDC
2024-12-01,Latin America,POCO,6082,Estimasi berbasis shipment Xiaomi 2024 dan struktur wilayah IDC
2024-12-01,Middle East & Africa,POCO,4866,Estimasi berbasis shipment Xiaomi 2024 dan struktur wilayah IDC
2024-12-01,Asia,Black Shark,5605,Estimasi berbasis shipment Xiaomi 2024 dan struktur wilayah IDC
2024-12-01,Europe,Black Shark,2319,Estimasi berbasis shipment Xiaomi 2024 dan struktur wilayah IDC
2024-12-01,Latin America,Black Shark,966,Estimasi berbasis shipment Xiaomi 2024 dan struktur wilayah IDC
2024-12-01,Middle East & Africa,Black Shark,773,Estimasi berbasis shipment Xiaomi 2024 dan struktur wilayah IDC
2024-12-01,Asia,Other,21429,Estimasi berbasis shipment Xiaomi 2024 dan struktur wilayah IDC
2024-12-01,Europe,Other,8867,Estimasi berbasis shipment Xiaomi 2024 dan struktur wilayah IDC
2024-12-01,Latin America,Other,3695,Estimasi berbasis shipment Xiaomi 2024 dan struktur wilayah IDC
2024-12-01,Middle East & Africa,Other,2956,Estimasi berbasis shipment Xiaomi 2024 dan struktur wilayah IDC
2024-12-02,Asia,Redmi,175356,Estimasi berbasis shipment Xiaomi 2024 dan struktur wilayah IDC
2024-12-02,Europe,Redmi,72561,Estimasi berbasis shipment Xiaomi 2024 dan struktur wilayah IDC
2024-12-02,Latin America,Redmi,30234,Estimasi berbasis shipment Xiaomi 2024 dan struktur wilayah IDC
2024-12-02,Middle East & Africa,Redmi,24187,Estimasi berbasis shipment Xiaomi 2024 dan struktur wilayah IDC
2024-12-02,Asia,Xiaomi Flagship,20679,Estimasi berbasis shipment Xiaomi 2024 dan struktur wilayah IDC
2024-12-02,Europe,Xiaomi Flagship,8557,Estimasi berbasis shipment Xiaomi 2024 dan struktur wilayah IDC
2024-12-02,Latin America,Xiaomi Flagship,3565,Estimasi berbasis shipment Xiaomi 2024 dan struktur wilayah IDC
2024-12-02,Middle East & Africa,Xiaomi Flagship,2852,Estimasi berbasis shipment Xiaomi 2024 dan struktur wilayah IDC
2024-12-02,Asia,POCO,29502,Estimasi berbasis shipment Xiaomi 2024 dan struktur wilayah IDC
2024-12-02,Europe,POCO,12208,Estimasi berbasis shipment Xiaomi 2024 dan struktur wilayah IDC
2024-12-02,Latin America,POCO,5087,Estimasi berbasis shipment Xiaomi 2024 dan struktur wilayah IDC
2024-12-02,Middle East & Africa,POCO,4069,Estimasi berbasis shipment Xiaomi 2024 dan struktur wilayah IDC
2024-12-02,Asia,Black Shark,4687,Estimasi berbasis shipment Xiaomi 2024 dan struktur wilayah IDC
2024-12-02,Europe,Black Shark,1940,Estimasi berbasis shipment Xiaomi 2024 dan struktur wilayah IDC
2024-12-02,Latin America,Black Shark,808,Estimasi berbasis shipment Xiaomi 2024 dan struktur wilayah IDC
2024-12-02,Middle East & Africa,Black Shark,647,Estimasi berbasis shipment Xiaomi 2024 dan struktur wilayah IDC
2024-12-02,Asia,Other,17922,Estimasi berbasis shipment Xiaomi 2024 dan struktur wilayah IDC
2024-12-02,Europe,Other,7416,Estimasi berbasis shipment Xiaomi 2024 dan struktur wilayah IDC
2024-12-02,Latin America,Other,3090,Estimasi berbasis shipment Xiaomi 2024 dan struktur wilayah IDC
2024-12-02,Middle East & Africa,Other,2472,Estimasi berbasis shipment Xiaomi 2024 dan struktur wilayah IDC
2024-12-03,Asia,Redmi,212156,Estimasi berbasis shipment Xiaomi 2024 dan struktur wilayah IDC
2024-12-03,Europe,Redmi,87789,Estimasi berbasis shipment Xiaomi 2024 dan struktur wilayah IDC
2024-12-03,Latin America,Redmi,36579,Estimasi berbasis shipment Xiaomi 2024 dan struktur wilayah IDC
2024-12-03,Middle East & Africa,Redmi,29263,Estimasi berbasis shipment Xiaomi 2024 dan struktur wilayah IDC
2024-12-03,Asia,Xiaomi Flagship,25018,Estimasi berbasis shipment Xiaomi 2024 dan struktur wilayah IDC
2024-12-03,Europe,Xiaomi Flagship,10352,Estimasi berbasis shipment Xiaomi 2024 dan struktur wilayah IDC
2024-12-03,Latin America,Xiaomi Flagship,4314,Estimasi berbasis shipment Xiaomi 2024 dan struktur wilayah IDC
2024-12-03,Middle East & Africa,Xiaomi Flagship,3451,Estimasi berbasis shipment Xiaomi 2024 dan struktur wilayah IDC
2024-12-03,Asia,POCO,35693,Estimasi berbasis shipment Xiaomi 2024 dan struktur wilayah IDC
2024-12-03,Europe,POCO,14769,Estimasi berbasis shipment Xiaomi 2024 dan struktur wilayah IDC
2024-12-03,Latin America,POCO,6154,Estimasi berbasis shipment Xiaomi 2024 dan struktur wilayah IDC
2024-12-03,Middle East & Africa,POCO,4923,Estimasi berbasis shipment Xiaomi 2024 dan struktur wilayah IDC
2024-12-03,Asia,Black Shark,5671,Estimasi berbasis shipment Xiaomi 2024 dan struktur wilayah IDC
2024-12-03,Europe,Black Shark,2347,Estimasi berbasis shipment Xiaomi 2024 dan struktur wilayah IDC
2024-12-03,Latin America,Black Shark,978,Estimasi berbasis shipment Xiaomi 2024 dan struktur wilayah IDC
2024-12-03,Middle East & Africa,Black Shark,782,Estimasi berbasis shipment Xiaomi 2024 dan struktur wilayah IDC
2024-12-03,Asia,Other,21683,Estimasi berbasis shipment Xiaomi 2024 dan struktur wilayah IDC
2024-12-03,Europe,Other,8972,Estimasi berbasis shipment Xiaomi 2024 dan struktur wilayah IDC
2024-12-03,Latin America,Other,3738,Estimasi berbasis shipment Xiaomi 2024 dan struktur wilayah IDC
2024-12-03,Middle East & Africa,Other,2991,Estimasi berbasis shipment Xiaomi 2024 dan struktur wilayah IDC
2024-12-04,Asia,Redmi,181957,Estimasi berbasis shipment Xiaomi 2024 dan struktur wilayah IDC
2024-12-04,Europe,Redmi,75293,Estimasi berbasis shipment Xiaomi 2024 dan struktur wilayah IDC
2024-12-04,Latin America,Redmi,31372,Estimasi berbasis shipment Xiaomi 2024 dan struktur wilayah IDC
2024-12-04,Middle East & Africa,Redmi,25098,Estimasi berbasis shipment Xiaomi 2024 dan struktur wilayah IDC
2024-12-04,Asia,Xiaomi Flagship,21457,Estimasi berbasis shipment Xiaomi 2024 dan struktur wilayah IDC
2024-12-04,Europe,Xiaomi Flagship,8879,Estimasi berbasis shipment Xiaomi 2024 dan struktur wilayah IDC
2024-12-04,Latin America,Xiaomi Flagship,3700,Estimasi berbasis shipment Xiaomi 2024 dan struktur wilayah IDC
2024-12-04,Middle East & Africa,Xiaomi Flagship,2960,Estimasi berbasis shipment Xiaomi 2024 dan struktur wilayah IDC
2024-12-04,Asia,POCO,30612,Estimasi berbasis shipment Xiaomi 2024 dan struktur wilayah IDC
2024-12-04,Europe,POCO,12667,Estimasi berbasis shipment Xiaomi 2024 dan struktur wilayah IDC
2024-12-04,Latin America,POCO,5278,Estimasi berbasis shipment Xiaomi 2024 dan struktur wilayah IDC
2024-12-04,Middle East & Africa,POCO,4222,Estimasi berbasis shipment Xiaomi 2024 dan struktur wilayah IDC
2024-12-04,Asia,Black Shark,4864,Estimasi berbasis shipment Xiaomi 2024 dan struktur wilayah IDC
2024-12-04,Europe,Black Shark,2013,Estimasi berbasis shipment Xiaomi 2024 dan struktur wilayah IDC
2024-12-04,Latin America,Black Shark,839,Estimasi berbasis shipment Xiaomi 2024 dan struktur wilayah IDC
2024-12-04,Middle East & Africa,Black Shark,671,Estimasi berbasis shipment Xiaomi 2024 dan struktur wilayah IDC
2024-12-04,Asia,Other,18596,Estimasi berbasis shipment Xiaomi 2024 dan struktur wilayah IDC
2024-12-04,Europe,Other,7695,Estimasi berbasis shipment Xiaomi 2024 dan struktur wilayah IDC
2024-12-04,Latin America,Other,3206,Estimasi berbasis shipment Xiaomi 2024 dan struktur wilayah IDC
2024-12-04,Middle East & Africa,Other,2565,Estimasi berbasis shipment Xiaomi 2024 dan struktur wilayah IDC
2024-12-05,Asia,Redmi,176154,Estimasi berbasis shipment Xiaomi 2024 dan struktur wilayah IDC
2024-12-05,Europe,Redmi,72891,Estimasi berbasis shipment Xiaomi 2024 dan struktur wilayah IDC
2024-12-05,Latin America,Redmi,30371,Estimasi berbasis shipment Xiaomi 2024 dan struktur wilayah IDC
2024-12-05,Middle East & Africa,Redmi,24297,Estimasi berbasis shipment Xiaomi 2024 dan struktur wilayah IDC
2024-12-05,Asia,Xiaomi Flagship,20773,Estimasi berbasis shipment Xiaomi 2024 dan struktur wilayah IDC
2024-12-05,Europe,Xiaomi Flagship,8596,Estimasi berbasis shipment Xiaomi 2024 dan struktur wilayah IDC
2024-12-05,Latin America,Xiaomi Flagship,3582,Estimasi berbasis shipment Xiaomi 2024 dan struktur wilayah IDC
2024-12-05,Middle East & Africa,Xiaomi Flagship,2865,Estimasi berbasis shipment Xiaomi 2024 dan struktur wilayah IDC
2024-12-05,Asia,POCO,29636,Estimasi berbasis shipment Xiaomi 2024 dan struktur wilayah IDC
2024-12-05,Europe,POCO,12263,Estimasi berbasis shipment Xiaomi 2024 dan struktur wilayah IDC
2024-12-05,Latin America,POCO,5110,Estimasi berbasis shipment Xiaomi 2024 dan struktur wilayah IDC
2024-12-05,Middle East & Africa,POCO,4088,Estimasi berbasis shipment Xiaomi 2024 dan struktur wilayah IDC
2024-12-05,Asia,Black Shark,4709,Estimasi berbasis shipment Xiaomi 2024 dan struktur wilayah IDC
2024-12-05,Europe,Black Shark,1948,Estimasi berbasis shipment Xiaomi 2024 dan struktur wilayah IDC
2024-12-05,Latin America,Black Shark,812,Estimasi berbasis shipment Xiaomi 2024 dan struktur wilayah IDC
2024-12-05,Middle East & Africa,Black Shark,649,Estimasi berbasis shipment Xiaomi 2024 dan struktur wilayah IDC
2024-12-05,Asia,Other,18003,Estimasi berbasis shipment Xiaomi 2024 dan struktur wilayah IDC
2024-12-05,Europe,Other,7450,Estimasi berbasis shipment Xiaomi 2024 dan struktur wilayah IDC
2024-12-05,Latin America,Other,3104,Estimasi berbasis shipment Xiaomi 2024 dan struktur wilayah IDC
2024-12-05,Middle East & Africa,Other,2483,Estimasi berbasis shipment Xiaomi 2024 dan struktur wilayah IDC
2024-12-06,Asia,Redmi,184685,Estimasi berbasis shipment Xiaomi 2024 dan struktur wilayah IDC
2024-12-06,Europe,Redmi,76421,Estimasi berbasis shipment Xiaomi 2024 dan struktur wilayah IDC
2024-12-06,Latin America,Redmi,31842,Estimasi berbasis shipment Xiaomi 2024 dan struktur wilayah IDC
2024-12-06,Middle East & Africa,Redmi,25474,Estimasi berbasis shipment Xiaomi 2024 dan struktur wilayah IDC
2024-12-06,Asia,Xiaomi Flagship,21779,Estimasi berbasis shipment Xiaomi 2024 dan struktur wilayah IDC
2024-12-06,Europe,Xiaomi Flagship,9012,Estimasi berbasis shipment Xiaomi 2024 dan struktur wilayah IDC
2024-12-06,Latin America,Xiaomi Flagship,3755,Estimasi berbasis shipment Xiaomi 2024 dan struktur wilayah IDC
2024-12-06,Middle East & Africa,Xiaomi Flagship,3004,Estimasi berbasis shipment Xiaomi 2024 dan struktur wilayah IDC
2024-12-06,Asia,POCO,31071,Estimasi berbasis shipment Xiaomi 2024 dan struktur wilayah IDC
2024-12-06,Europe,POCO,12857,Estimasi berbasis shipment Xiaomi 2024 dan struktur wilayah IDC
2024-12-06,Latin America,POCO,5357,Estimasi berbasis shipment Xiaomi 2024 dan struktur wilayah IDC
2024-12-06,Middle East & Africa,POCO,4286,Estimasi berbasis shipment Xiaomi 2024 dan struktur wilayah IDC
2024-12-06,Asia,Black Shark,4937,Estimasi berbasis shipment Xiaomi 2024 dan struktur wilayah IDC
2024-12-06,Europe,Black Shark,2043,Estimasi berbasis shipment Xiaomi 2024 dan struktur wilayah IDC
2024-12-06,Latin America,Black Shark,851,Estimasi berbasis shipment Xiaomi 2024 dan struktur wilayah IDC
2024-12-06,Middle East & Africa,Black Shark,681,Estimasi berbasis shipment Xiaomi 2024 dan struktur wilayah IDC
2024-12-06,Asia,Other,18875,Estimasi berbasis shipment Xiaomi 2024 dan struktur wilayah IDC
2024-12-06,Europe,Other,7810,Estimasi berbasis shipment Xiaomi 2024 dan struktur wilayah IDC
2024-12-06,Latin America,Other,3254,Estimasi berbasis shipment Xiaomi 2024 dan struktur wilayah IDC
2024-12-06,Middle East & Africa,Other,2603,Estimasi berbasis shipment Xiaomi 2024 dan struktur wilayah IDC
2024-12-07,Asia,Redmi,210277,Estimasi berbasis shipment Xiaomi 2024 dan struktur wilayah IDC
2024-12-07,Europe,Redmi,87011,Estimasi berbasis shipment Xiaomi 2024 dan struktur wilayah IDC
2024-12-07,Latin America,Redmi,36255,Estimasi berbasis shipment Xiaomi 2024 dan struktur wilayah IDC
2024-12-07,Middle East & Africa,Redmi,29004,Estimasi berbasis shipment Xiaomi 2024 dan struktur wilayah IDC
2024-12-07,Asia,Xiaomi Flagship,24797,Estimasi berbasis shipment Xiaomi 2024 dan struktur wilayah IDC
2024-12-07,Europe,Xiaomi Flagship,10261,Estimasi berbasis shipment Xiaomi 2024 dan struktur wilayah IDC
2024-12-07,Latin America,Xiaomi Flagship,4275,Estimasi berbasis shipment Xiaomi 2024 dan struktur wilayah IDC
2024-12-07,Middle East & Africa,Xiaomi Flagship,3420,Estimasi berbasis shipment Xiaomi 2024 dan struktur wilayah IDC
2024-12-07,Asia,POCO,35377,Estimasi berbasis shipment Xiaomi 2024 dan struktur wilayah IDC
2024-12-07,Europe,POCO,14639,Estimasi berbasis shipment Xiaomi 2024 dan struktur wilayah IDC
2024-12-07,Latin America,POCO,6099,Estimasi berbasis shipment Xiaomi 2024 dan struktur wilayah IDC
2024-12-07,Middle East & Africa,POCO,4880,Estimasi berbasis shipment Xiaomi 2024 dan struktur wilayah IDC
2024-12-07,Asia,Black Shark,5621,Estimasi berbasis shipment Xiaomi 2024 dan struktur wilayah IDC
2024-12-07,Europe,Black Shark,2326,Estimasi berbasis shipment Xiaomi 2024 dan struktur wilayah IDC
2024-12-07,Latin America,Black Shark,969,Estimasi berbasis shipment Xiaomi 2024 dan struktur wilayah IDC
2024-12-07,Middle East & Africa,Black Shark,775,Estimasi berbasis shipment Xiaomi 2024 dan struktur wilayah IDC
2024-12-07,Asia,Other,21491,Estimasi berbasis shipment Xiaomi 2024 dan struktur wilayah IDC
2024-12-07,Europe,Other,8893,Estimasi berbasis shipment Xiaomi 2024 dan struktur wilayah IDC
2024-12-07,Latin America,Other,3705,Estimasi berbasis shipment Xiaomi 2024 dan struktur wilayah IDC
2024-12-07,Middle East & Africa,Other,2964,Estimasi berbasis shipment Xiaomi 2024 dan struktur wilayah IDC
2024-12-08,Asia,Redmi,203985,Estimasi berbasis shipment Xiaomi 2024 dan struktur wilayah IDC
2024-12-08,Europe,Redmi,84407,Estimasi berbasis shipment Xiaomi 2024 dan struktur wilayah IDC
2024-12-08,Latin America,Redmi,35170,Estimasi berbasis shipment Xiaomi 2024 dan struktur wilayah IDC
2024-12-08,Middle East & Africa,Redmi,28136,Estimasi berbasis shipment Xiaomi 2024 dan struktur wilayah IDC
2024-12-08,Asia,Xiaomi Flagship,24055,Estimasi berbasis shipment Xiaomi 2024 dan struktur wilayah IDC
2024-12-08,Europe,Xiaomi Flagship,9954,Estimasi berbasis shipment Xiaomi 2024 dan struktur wilayah IDC
2024-12-08,Latin America,Xiaomi Flagship,4147,Estimasi berbasis shipment Xiaomi 2024 dan struktur wilayah IDC
2024-12-08,Middle East & Africa,Xiaomi Flagship,3318,Estimasi berbasis shipment Xiaomi 2024 dan struktur wilayah IDC
2024-12-08,Asia,POCO,34318,Estimasi berbasis shipment Xiaomi 2024 dan struktur wilayah IDC
2024-12-08,Europe,POCO,14201,Estimasi berbasis shipment Xiaomi 2024 dan struktur wilayah IDC
2024-12-08,Latin America,POCO,5917,Estimasi berbasis shipment Xiaomi 2024 dan struktur wilayah IDC
2024-12-08,Middle East & Africa,POCO,4734,Estimasi berbasis shipment Xiaomi 2024 dan struktur wilayah IDC
2024-12-08,Asia,Black Shark,5452,Estimasi berbasis shipment Xiaomi 2024 dan struktur wilayah IDC
2024-12-08,Europe,Black Shark,2256,Estimasi berbasis shipment Xiaomi 2024 dan struktur wilayah IDC
2024-12-08,Latin America,Black Shark,940,Estimasi berbasis shipment Xiaomi 2024 dan struktur wilayah IDC
2024-12-08,Middle East & Africa,Black Shark,752,Estimasi berbasis shipment Xiaomi 2024 dan struktur wilayah IDC
2024-12-08,Asia,Other,20847,Estimasi berbasis shipment Xiaomi 2024 dan struktur wilayah IDC
2024-12-08,Europe,Other,8627,Estimasi berbasis shipment Xiaomi 2024 dan struktur wilayah IDC
2024-12-08,Latin America,Other,3594,Estimasi berbasis shipment Xiaomi 2024 dan struktur wilayah IDC
2024-12-08,Middle East & Africa,Other,2876,Estimasi berbasis shipment Xiaomi 2024 dan struktur wilayah IDC
2024-12-09,Asia,Redmi,201272,Estimasi berbasis shipment Xiaomi 2024 dan struktur wilayah IDC
2024-12-09,Europe,Redmi,83285,Estimasi berbasis shipment Xiaomi 2024 dan struktur wilayah IDC
2024-12-09,Latin America,Redmi,34702,Estimasi berbasis shipment Xiaomi 2024 dan struktur wilayah IDC
2024-12-09,Middle East & Africa,Redmi,27762,Estimasi berbasis shipment Xiaomi 2024 dan struktur wilayah IDC
2024-12-09,Asia,Xiaomi Flagship,23735,Estimasi berbasis shipment Xiaomi 2024 dan struktur wilayah IDC
2024-12-09,Europe,Xiaomi Flagship,9821,Estimasi berbasis shipment Xiaomi 2024 dan struktur wilayah IDC
2024-12-09,Latin America,Xiaomi Flagship,4092,Estimasi berbasis shipment Xiaomi 2024 dan struktur wilayah IDC
2024-12-09,Middle East & Africa,Xiaomi Flagship,3274,Estimasi berbasis shipment Xiaomi 2024 dan struktur wilayah IDC
2024-12-09,Asia,POCO,33862,Estimasi berbasis shipment Xiaomi 2024 dan struktur wilayah IDC
2024-12-09,Europe,POCO,14012,Estimasi berbasis shipment Xiaomi 2024 dan struktur wilayah IDC
2024-12-09,Latin America,POCO,5838,Estimasi berbasis shipment Xiaomi 2024 dan struktur wilayah IDC
2024-12-09,Middle East & Africa,POCO,4671,Estimasi berbasis shipment Xiaomi 2024 dan struktur wilayah IDC
2024-12-09,Asia,Black Shark,5380,Estimasi berbasis shipment Xiaomi 2024 dan struktur wilayah IDC
2024-12-09,Europe,Black Shark,2226,Estimasi berbasis shipment Xiaomi 2024 dan struktur wilayah IDC
2024-12-09,Latin America,Black Shark,928,Estimasi berbasis shipment Xiaomi 2024 dan struktur wilayah IDC
2024-12-09,Middle East & Africa,Black Shark,742,Estimasi berbasis shipment Xiaomi 2024 dan struktur wilayah IDC
2024-12-09,Asia,Other,20570,Estimasi berbasis shipment Xiaomi 2024 dan struktur wilayah IDC
2024-12-09,Europe,Other,8512,Estimasi berbasis shipment Xiaomi 2024 dan struktur wilayah IDC
2024-12-09,Latin America,Other,3547,Estimasi berbasis shipment Xiaomi 2024 dan struktur wilayah IDC
2024-12-09,Middle East & Africa,Other,2837,Estimasi berbasis shipment Xiaomi 2024 dan struktur wilayah IDC
2024-12-10,Asia,Redmi,193277,Estimasi berbasis shipment Xiaomi 2024 dan struktur wilayah IDC
2024-12-10,Europe,Redmi,79977,Estimasi berbasis shipment Xiaomi 2024 dan struktur wilayah IDC
2024-12-10,Latin America,Redmi,33324,Estimasi berbasis shipment Xiaomi 2024 dan struktur wilayah IDC
2024-12-10,Middle East & Africa,Redmi,26659,Estimasi berbasis shipment Xiaomi 2024 dan struktur wilayah IDC
2024-12-10,Asia,Xiaomi Flagship,22792,Estimasi berbasis shipment Xiaomi 2024 dan struktur wilayah IDC
2024-12-10,Europe,Xiaomi Flagship,9431,Estimasi berbasis shipment Xiaomi 2024 dan struktur wilayah IDC
2024-12-10,Latin America,Xiaomi Flagship,3930,Estimasi berbasis shipment Xiaomi 2024 dan struktur wilayah IDC
2024-12-10,Middle East & Africa,Xiaomi Flagship,3144,Estimasi berbasis shipment Xiaomi 2024 dan struktur wilayah IDC
2024-12-10,Asia,POCO,32517,Estimasi berbasis shipment Xiaomi 2024 dan struktur wilayah IDC
2024-12-10,Europe,POCO,13455,Estimasi berbasis shipment Xiaomi 2024 dan struktur wilayah IDC
2024-12-10,Latin America,POCO,5606,Estimasi berbasis shipment Xiaomi 2024 dan struktur wilayah IDC
2024-12-10,Middle East & Africa,POCO,4485,Estimasi berbasis shipment Xiaomi 2024 dan struktur wilayah IDC
2024-12-10,Asia,Black Shark,5166,Estimasi berbasis shipment Xiaomi 2024 dan struktur wilayah IDC
2024-12-10,Europe,Black Shark,2138,Estimasi berbasis shipment Xiaomi 2024 dan struktur wilayah IDC
2024-12-10,Latin America,Black Shark,891,Estimasi berbasis shipment Xiaomi 2024 dan struktur wilayah IDC
2024-12-10,Middle East & Africa,Black Shark,713,Estimasi berbasis shipment Xiaomi 2024 dan struktur wilayah IDC
2024-12-10,Asia,Other,19753,Estimasi berbasis shipment Xiaomi 2024 dan struktur wilayah IDC
2024-12-10,Europe,Other,8174,Estimasi berbasis shipment Xiaomi 2024 dan struktur wilayah IDC
2024-12-10,Latin America,Other,3406,Estimasi berbasis shipment Xiaomi 2024 dan struktur wilayah IDC
2024-12-10,Middle East & Africa,Other,2725,Estimasi berbasis shipment Xiaomi 2024 dan struktur wilayah IDC
2024-12-11,Asia,Redmi,185119,Estimasi berbasis shipment Xiaomi 2024 dan struktur wilayah IDC
2024-12-11,Europe,Redmi,76601,Estimasi berbasis shipment Xiaomi 2024 dan struktur wilayah IDC
2024-12-11,Latin America,Redmi,31917,Estimasi berbasis shipment Xiaomi 2024 dan struktur wilayah IDC
2024-12-11,Middle East & Africa,Redmi,25534,Estimasi berbasis shipment Xiaomi 2024 dan struktur wilayah IDC
2024-12-11,Asia,Xiaomi Flagship,21830,Estimasi berbasis shipment Xiaomi 2024 dan struktur wilayah IDC
2024-12-11,Europe,Xiaomi Flagship,9033,Estimasi berbasis shipment Xiaomi 2024 dan struktur wilayah IDC
2024-12-11,Latin America,Xiaomi Flagship,3764,Estimasi berbasis shipment Xiaomi 2024 dan struktur wilayah IDC
2024-12-11,Middle East & Africa,Xiaomi Flagship,3011,Estimasi berbasis shipment Xiaomi 2024 dan struktur wilayah IDC
2024-12-11,Asia,POCO,31144,Estimasi berbasis shipment Xiaomi 2024 dan struktur wilayah IDC
2024-12-11,Europe,POCO,12887,Estimasi berbasis shipment Xiaomi 2024 dan struktur wilayah IDC
2024-12-11,Latin America,POCO,5370,Estimasi berbasis shipment Xiaomi 2024 dan struktur wilayah IDC
2024-12-11,Middle East & Africa,POCO,4296,Estimasi berbasis shipment Xiaomi 2024 dan struktur wilayah IDC
2024-12-11,Asia,Black Shark,4948,Estimasi berbasis shipment Xiaomi 2024 dan struktur wilayah IDC
2024-12-11,Europe,Black Shark,2048,Estimasi berbasis shipment Xiaomi 2024 dan struktur wilayah IDC
2024-12-11,Latin America,Black Shark,853,Estimasi berbasis shipment Xiaomi 2024 dan struktur wilayah IDC
2024-12-11,Middle East & Africa,Black Shark,683,Estimasi berbasis shipment Xiaomi 2024 dan struktur wilayah IDC
2024-12-11,Asia,Other,18919,Estimasi berbasis shipment Xiaomi 2024 dan struktur wilayah IDC
2024-12-11,Europe,Other,7829,Estimasi berbasis shipment Xiaomi 2024 dan struktur wilayah IDC
2024-12-11,Latin America,Other,3262,Estimasi berbasis shipment Xiaomi 2024 dan struktur wilayah IDC
2024-12-11,Middle East & Africa,Other,2610,Estimasi berbasis shipment Xiaomi 2024 dan struktur wilayah IDC
2024-12-12,Asia,Redmi,204836,Estimasi berbasis shipment Xiaomi 2024 dan struktur wilayah IDC
2024-12-12,Europe,Redmi,84760,Estimasi berbasis shipment Xiaomi 2024 dan struktur wilayah IDC
2024-12-12,Latin America,Redmi,35317,Estimasi berbasis shipment Xiaomi 2024 dan struktur wilayah IDC
2024-12-12,Middle East & Africa,Redmi,28253,Estimasi berbasis shipment Xiaomi 2024 dan struktur wilayah IDC
2024-12-12,Asia,Xiaomi Flagship,24155,Estimasi berbasis shipment Xiaomi 2024 dan struktur wilayah IDC
2024-12-12,Europe,Xiaomi Flagship,9995,Estimasi berbasis shipment Xiaomi 2024 dan struktur wilayah IDC
2024-12-12,Latin America,Xiaomi Flagship,4165,Estimasi berbasis shipment Xiaomi 2024 dan struktur wilayah IDC
2024-12-12,Middle East & Africa,Xiaomi Flagship,3332,Estimasi berbasis shipment Xiaomi 2024 dan struktur wilayah IDC
2024-12-12,Asia,POCO,34461,Estimasi berbasis shipment Xiaomi 2024 dan struktur wilayah IDC
2024-12-12,Europe,POCO,14260,Estimasi berbasis shipment Xiaomi 2024 dan struktur wilayah IDC
2024-12-12,Latin America,POCO,5942,Estimasi berbasis shipment Xiaomi 2024 dan struktur wilayah IDC
2024-12-12,Middle East & Africa,POCO,4753,Estimasi berbasis shipment Xiaomi 2024 dan struktur wilayah IDC
2024-12-12,Asia,Black Shark,5475,Estimasi berbasis shipment Xiaomi 2024 dan struktur wilayah IDC
2024-12-12,Europe,Black Shark,2266,Estimasi berbasis shipment Xiaomi 2024 dan struktur wilayah IDC
2024-12-12,Latin America,Black Shark,944,Estimasi berbasis shipment Xiaomi 2024 dan struktur wilayah IDC
2024-12-12,Middle East & Africa,Black Shark,755,Estimasi berbasis shipment Xiaomi 2024 dan struktur wilayah IDC
2024-12-12,Asia,Other,20935,Estimasi berbasis shipment Xiaomi 2024 dan struktur wilayah IDC
2024-12-12,Europe,Other,8663,Estimasi berbasis shipment Xiaomi 2024 dan struktur wilayah IDC
2024-12-12,Latin America,Other,3609,Estimasi berbasis shipment Xiaomi 2024 dan struktur wilayah IDC
2024-12-12,Middle East & Africa,Other,2888,Estimasi berbasis shipment Xiaomi 2024 dan struktur wilayah IDC
2024-12-13,Asia,Redmi,210087,Estimasi berbasis shipment Xiaomi 2024 dan struktur wilayah IDC
2024-12-13,Europe,Redmi,86932,Estimasi berbasis shipment Xiaomi 2024 dan struktur wilayah IDC
2024-12-13,Latin America,Redmi,36222,Estimasi berbasis shipment Xiaomi 2024 dan struktur wilayah IDC
2024-12-13,Middle East & Africa,Redmi,28977,Estimasi berbasis shipment Xiaomi 2024 dan struktur wilayah IDC
2024-12-13,Asia,Xiaomi Flagship,24774,Estimasi berbasis shipment Xiaomi 2024 dan struktur wilayah IDC
2024-12-13,Europe,Xiaomi Flagship,10251,Estimasi berbasis shipment Xiaomi 2024 dan struktur wilayah IDC
2024-12-13,Latin America,Xiaomi Flagship,4271,Estimasi berbasis shipment Xiaomi 2024 dan struktur wilayah IDC
2024-12-13,Middle East & Africa,Xiaomi Flagship,3417,Estimasi berbasis shipment Xiaomi 2024 dan struktur wilayah IDC
2024-12-13,Asia,POCO,35345,Estimasi berbasis shipment Xiaomi 2024 dan struktur wilayah IDC
2024-12-13,Europe,POCO,14625,Estimasi berbasis shipment Xiaomi 2024 dan struktur wilayah IDC
2024-12-13,Latin America,POCO,6094,Estimasi berbasis shipment Xiaomi 2024 dan struktur wilayah IDC
2024-12-13,Middle East & Africa,POCO,4875,Estimasi berbasis shipment Xiaomi 2024 dan struktur wilayah IDC
2024-12-13,Asia,Black Shark,5616,Estimasi berbasis shipment Xiaomi 2024 dan struktur wilayah IDC
2024-12-13,Europe,Black Shark,2324,Estimasi berbasis shipment Xiaomi 2024 dan struktur wilayah IDC
2024-12-13,Latin America,Black Shark,968,Estimasi berbasis shipment Xiaomi 2024 dan struktur wilayah IDC
2024-12-13,Middle East & Africa,Black Shark,775,Estimasi berbasis shipment Xiaomi 2024 dan struktur wilayah IDC
2024-12-13,Asia,Other,21471,Estimasi berbasis shipment Xiaomi 2024 dan struktur wilayah IDC
2024-12-13,Europe,Other,8885,Estimasi berbasis shipment Xiaomi 2024 dan struktur wilayah IDC
2024-12-13,Latin America,Other,3702,Estimasi berbasis shipment Xiaomi 2024 dan struktur wilayah IDC
2024-12-13,Middle East & Africa,Other,2962,Estimasi berbasis shipment Xiaomi 2024 dan struktur wilayah IDC
2024-12-14,Asia,Redmi,195729,Estimasi berbasis shipment Xiaomi 2024 dan struktur wilayah IDC
2024-12-14,Europe,Redmi,80991,Estimasi berbasis shipment Xiaomi 2024 dan struktur wilayah IDC
2024-12-14,Latin America,Redmi,33746,Estimasi berbasis shipment Xiaomi 2024 dan struktur wilayah IDC
2024-12-14,Middle East & Africa,Redmi,26997,Estimasi berbasis shipment Xiaomi 2024 dan struktur wilayah IDC
2024-12-14,Asia,Xiaomi Flagship,23081,Estimasi berbasis shipment Xiaomi 2024 dan struktur wilayah IDC
2024-12-14,Europe,Xiaomi Flagship,9551,Estimasi berbasis shipment Xiaomi 2024 dan struktur wilayah IDC
2024-12-14,Latin America,Xiaomi Flagship,3980,Estimasi berbasis shipment Xiaomi 2024 dan struktur wilayah IDC
2024-12-14,Middle East & Africa,Xiaomi Flagship,3184,Estimasi berbasis shipment Xiaomi 2024 dan struktur wilayah IDC
2024-12-14,Asia,POCO,32929,Estimasi berbasis shipment Xiaomi 2024 dan struktur wilayah IDC
2024-12-14,Europe,POCO,13626,Estimasi berbasis shipment Xiaomi 2024 dan struktur wilayah IDC
2024-12-14,Latin America,POCO,5677,Estimasi berbasis shipment Xiaomi 2024 dan struktur wilayah IDC
2024-12-14,Middle East & Africa,POCO,4542,Estimasi berbasis shipment Xiaomi 2024 dan struktur wilayah IDC
2024-12-14,Asia,Black Shark,5232,Estimasi berbasis shipment Xiaomi 2024 dan struktur wilayah IDC
2024-12-14,Europe,Black Shark,2165,Estimasi berbasis shipment Xiaomi 2024 dan struktur wilayah IDC
2024-12-14,Latin America,Black Shark,902,Estimasi berbasis shipment Xiaomi 2024 dan struktur wilayah IDC
2024-12-14,Middle East & Africa,Black Shark,722,Estimasi berbasis shipment Xiaomi 2024 dan struktur wilayah IDC
2024-12-14,Asia,Other,20004,Estimasi berbasis shipment Xiaomi 2024 dan struktur wilayah IDC
2024-12-14,Europe,Other,8277,Estimasi berbasis shipment Xiaomi 2024 dan struktur wilayah IDC
2024-12-14,Latin America,Other,3449,Estimasi berbasis shipment Xiaomi 2024 dan struktur wilayah IDC
2024-12-14,Middle East & Africa,Other,2759,Estimasi berbasis shipment Xiaomi 2024 dan struktur wilayah IDC
2024-12-15,Asia,Redmi,197404,Estimasi berbasis shipment Xiaomi 2024 dan struktur wilayah IDC
2024-12-15,Europe,Redmi,81684,Estimasi berbasis shipment Xiaomi 2024 dan struktur wilayah IDC
2024-12-15,Latin America,Redmi,34035,Estimasi berbasis shipment Xiaomi 2024 dan struktur wilayah IDC
2024-12-15,Middle East & Africa,Redmi,27228,Estimasi berbasis shipment Xiaomi 2024 dan struktur wilayah IDC
2024-12-15,Asia,Xiaomi Flagship,23279,Estimasi berbasis shipment Xiaomi 2024 dan struktur wilayah IDC
2024-12-15,Europe,Xiaomi Flagship,9633,Estimasi berbasis shipment Xiaomi 2024 dan struktur wilayah IDC
2024-12-15,Latin America,Xiaomi Flagship,4014,Estimasi berbasis shipment Xiaomi 2024 dan struktur wilayah IDC
2024-12-15,Middle East & Africa,Xiaomi Flagship,3211,Estimasi berbasis shipment Xiaomi 2024 dan struktur wilayah IDC
2024-12-15,Asia,POCO,33211,Estimasi berbasis shipment Xiaomi 2024 dan struktur wilayah IDC
2024-12-15,Europe,POCO,13743,Estimasi berbasis shipment Xiaomi 2024 dan struktur wilayah IDC
2024-12-15,Latin America,POCO,5726,Estimasi berbasis shipment Xiaomi 2024 dan struktur wilayah IDC
2024-12-15,Middle East & Africa,POCO,4581,Estimasi berbasis shipment Xiaomi 2024 dan struktur wilayah IDC
2024-12-15,Asia,Black Shark,5277,Estimasi berbasis shipment Xiaomi 2024 dan struktur wilayah IDC
2024-12-15,Europe,Black Shark,2183,Estimasi berbasis shipment Xiaomi 2024 dan struktur wilayah IDC
2024-12-15,Latin America,Black Shark,910,Estimasi berbasis shipment Xiaomi 2024 dan struktur wilayah IDC
2024-12-15,Middle East & Africa,Black Shark,728,Estimasi berbasis shipment Xiaomi 2024 dan struktur wilayah IDC
2024-12-15,Asia,Other,20175,Estimasi berbasis shipment Xiaomi 2024 dan struktur wilayah IDC
2024-12-15,Europe,Other,8348,Estimasi berbasis shipment Xiaomi 2024 dan struktur wilayah IDC
2024-12-15,Latin America,Other,3478,Estimasi berbasis shipment Xiaomi 2024 dan struktur wilayah IDC
2024-12-15,Middle East & Africa,Other,2783,Estimasi berbasis shipment Xiaomi 2024 dan struktur wilayah IDC
2024-12-16,Asia,Redmi,180298,Estimasi berbasis shipment Xiaomi 2024 dan struktur wilayah IDC
2024-12-16,Europe,Redmi,74606,Estimasi berbasis shipment Xiaomi 2024 dan struktur wilayah IDC
2024-12-16,Latin America,Redmi,31086,Estimasi berbasis shipment Xiaomi 2024 dan struktur wilayah IDC
2024-12-16,Middle East & Africa,Redmi,24869,Estimasi berbasis shipment Xiaomi 2024 dan struktur wilayah IDC
2024-12-16,Asia,Xiaomi Flagship,21262,Estimasi berbasis shipment Xiaomi 2024 dan struktur wilayah IDC
2024-12-16,Europe,Xiaomi Flagship,8798,Estimasi berbasis shipment Xiaomi 2024 dan struktur wilayah IDC
2024-12-16,Latin America,Xiaomi Flagship,3666,Estimasi berbasis shipment Xiaomi 2024 dan struktur wilayah IDC
2024-12-16,Middle East & Africa,Xiaomi Flagship,2933,Estimasi berbasis shipment Xiaomi 2024 dan struktur wilayah IDC
2024-12-16,Asia,POCO,30333,Estimasi berbasis shipment Xiaomi 2024 dan struktur wilayah IDC
2024-12-16,Europe,POCO,12552,Estimasi berbasis shipment Xiaomi 2024 dan struktur wilayah IDC
2024-12-16,Latin America,POCO,5230,Estimasi berbasis shipment Xiaomi 2024 dan struktur wilayah IDC
2024-12-16,Middle East & Africa,POCO,4184,Estimasi berbasis shipment Xiaomi 2024 dan struktur wilayah IDC
2024-12-16,Asia,Black Shark,4819,Estimasi berbasis shipment Xiaomi 2024 dan struktur wilayah IDC
2024-12-16,Europe,Black Shark,1994,Estimasi berbasis shipment Xiaomi 2024 dan struktur wilayah IDC
2024-12-16,Latin America,Black Shark,831,Estimasi berbasis shipment Xiaomi 2024 dan struktur wilayah IDC
2024-12-16,Middle East & Africa,Black Shark,665,Estimasi berbasis shipment Xiaomi 2024 dan struktur wilayah IDC
2024-12-16,Asia,Other,18427,Estimasi berbasis shipment Xiaomi 2024 dan struktur wilayah IDC
2024-12-16,Europe,Other,7625,Estimasi berbasis shipment Xiaomi 2024 dan struktur wilayah IDC
2024-12-16,Latin America,Other,3177,Estimasi berbasis shipment Xiaomi 2024 dan struktur wilayah IDC
2024-12-16,Middle East & Africa,Other,2542,Estimasi berbasis shipment Xiaomi 2024 dan struktur wilayah IDC
2024-12-17,Asia,Redmi,176620,Estimasi berbasis shipment Xiaomi 2024 dan struktur wilayah IDC
2024-12-17,Europe,Redmi,73084,Estimasi berbasis shipment Xiaomi 2024 dan struktur wilayah IDC
2024-12-17,Latin America,Redmi,30452,Estimasi berbasis shipment Xiaomi 2024 dan struktur wilayah IDC
2024-12-17,Middle East & Africa,Redmi,24361,Estimasi berbasis shipment Xiaomi 2024 dan struktur wilayah IDC
2024-12-17,Asia,Xiaomi Flagship,20828,Estimasi berbasis shipment Xiaomi 2024 dan struktur wilayah IDC
2024-12-17,Europe,Xiaomi Flagship,8618,Estimasi berbasis shipment Xiaomi 2024 dan struktur wilayah IDC
2024-12-17,Latin America,Xiaomi Flagship,3591,Estimasi berbasis shipment Xiaomi 2024 dan struktur wilayah IDC
2024-12-17,Middle East & Africa,Xiaomi Flagship,2873,Estimasi berbasis shipment Xiaomi 2024 dan struktur wilayah IDC
2024-12-17,Asia,POCO,29714,Estimasi berbasis shipment Xiaomi 2024 dan struktur wilayah IDC
2024-12-17,Europe,POCO,12296,Estimasi berbasis shipment Xiaomi 2024 dan struktur wilayah IDC
2024-12-17,Latin America,POCO,5123,Estimasi berbasis shipment Xiaomi 2024 dan struktur wilayah IDC
2024-12-17,Middle East & Africa,POCO,4099,Estimasi berbasis shipment Xiaomi 2024 dan struktur wilayah IDC
2024-12-17,Asia,Black Shark,4721,Estimasi berbasis shipment Xiaomi 2024 dan struktur wilayah IDC
2024-12-17,Europe,Black Shark,1954,Estimasi berbasis shipment Xiaomi 2024 dan struktur wilayah IDC
2024-12-17,Latin America,Black Shark,814,Estimasi berbasis shipment Xiaomi 2024 dan struktur wilayah IDC
2024-12-17,Middle East & Africa,Black Shark,651,Estimasi berbasis shipment Xiaomi 2024 dan struktur wilayah IDC
2024-12-17,Asia,Other,18051,Estimasi berbasis shipment Xiaomi 2024 dan struktur wilayah IDC
2024-12-17,Europe,Other,7469,Estimasi berbasis shipment Xiaomi 2024 dan struktur wilayah IDC
2024-12-17,Latin America,Other,3112,Estimasi berbasis shipment Xiaomi 2024 dan struktur wilayah IDC
2024-12-17,Middle East & Africa,Other,2490,Estimasi berbasis shipment Xiaomi 2024 dan struktur wilayah IDC
2024-12-18,Asia,Redmi,202082,Estimasi berbasis shipment Xiaomi 2024 dan struktur wilayah IDC
2024-12-18,Europe,Redmi,83620,Estimasi berbasis shipment Xiaomi 2024 dan struktur wilayah IDC
2024-12-18,Latin America,Redmi,34842,Estimasi berbasis shipment Xiaomi 2024 dan struktur wilayah IDC
2024-12-18,Middle East & Africa,Redmi,27873,Estimasi berbasis shipment Xiaomi 2024 dan struktur wilayah IDC
2024-12-18,Asia,Xiaomi Flagship,23830,Estimasi berbasis shipment Xiaomi 2024 dan struktur wilayah IDC
2024-12-18,Europe,Xiaomi Flagship,9861,Estimasi berbasis shipment Xiaomi 2024 dan struktur wilayah IDC
2024-12-18,Latin America,Xiaomi Flagship,4109,Estimasi berbasis shipment Xiaomi 2024 dan struktur wilayah IDC
2024-12-18,Middle East & Africa,Xiaomi Flagship,3287,Estimasi berbasis shipment Xiaomi 2024 dan struktur wilayah IDC
2024-12-18,Asia,POCO,33998,Estimasi berbasis shipment Xiaomi 2024 dan struktur wilayah IDC
2024-12-18,Europe,POCO,14068,Estimasi berbasis shipment Xiaomi 2024 dan struktur wilayah IDC
2024-12-18,Latin America,POCO,5862,Estimasi berbasis shipment Xiaomi 2024 dan struktur wilayah IDC
2024-12-18,Middle East & Africa,POCO,4689,Estimasi berbasis shipment Xiaomi 2024 dan struktur wilayah IDC
2024-12-18,Asia,Black Shark,5402,Estimasi berbasis shipment Xiaomi 2024 dan struktur wilayah IDC
2024-12-18,Europe,Black Shark,2235,Estimasi berbasis shipment Xiaomi 2024 dan struktur wilayah IDC
2024-12-18,Latin America,Black Shark,931,Estimasi berbasis shipment Xiaomi 2024 dan struktur wilayah IDC
2024-12-18,Middle East & Africa,Black Shark,745,Estimasi berbasis shipment Xiaomi 2024 dan struktur wilayah IDC
2024-12-18,Asia,Other,20653,Estimasi berbasis shipment Xiaomi 2024 dan struktur wilayah IDC
2024-12-18,Europe,Other,8546,Estimasi berbasis shipment Xiaomi 2024 dan struktur wilayah IDC
2024-12-18,Latin America,Other,3561,Estimasi berbasis shipment Xiaomi 2024 dan struktur wilayah IDC
2024-12-18,Middle East & Africa,Other,2849,Estimasi berbasis shipment Xiaomi 2024 dan struktur wilayah IDC
2024-12-19,Asia,Redmi,206286,Estimasi berbasis shipment Xiaomi 2024 dan struktur wilayah IDC
2024-12-19,Europe,Redmi,85360,Estimasi berbasis shipment Xiaomi 2024 dan struktur wilayah IDC
2024-12-19,Latin America,Redmi,35567,Estimasi berbasis shipment Xiaomi 2024 dan struktur wilayah IDC
2024-12-19,Middle East & Africa,Redmi,28453,Estimasi berbasis shipment Xiaomi 2024 dan struktur wilayah IDC
2024-12-19,Asia,Xiaomi Flagship,24326,Estimasi berbasis shipment Xiaomi 2024 dan struktur wilayah IDC
2024-12-19,Europe,Xiaomi Flagship,10066,Estimasi berbasis shipment Xiaomi 2024 dan struktur wilayah IDC
2024-12-19,Latin America,Xiaomi Flagship,4194,Estimasi berbasis shipment Xiaomi 2024 dan struktur wilayah IDC
2024-12-19,Middle East & Africa,Xiaomi Flagship,3355,Estimasi berbasis shipment Xiaomi 2024 dan struktur wilayah IDC
2024-12-19,Asia,POCO,34705,Estimasi berbasis shipment Xiaomi 2024 dan struktur wilayah IDC
2024-12-19,Europe,POCO,14361,Estimasi berbasis shipment Xiaomi 2024 dan struktur wilayah IDC
2024-12-19,Latin America,POCO,5984,Estimasi berbasis shipment Xiaomi 2024 dan struktur wilayah IDC
2024-12-19,Middle East & Africa,POCO,4787,Estimasi berbasis shipment Xiaomi 2024 dan struktur wilayah IDC
2024-12-19,Asia,Black Shark,5514,Estimasi berbasis shipment Xiaomi 2024 dan struktur wilayah IDC
2024-12-19,Europe,Black Shark,2282,Estimasi berbasis shipment Xiaomi 2024 dan struktur wilayah IDC
2024-12-19,Latin America,Black Shark,951,Estimasi berbasis shipment Xiaomi 2024 dan struktur wilayah IDC
2024-12-19,Middle East & Africa,Black Shark,761,Estimasi berbasis shipment Xiaomi 2024 dan struktur wilayah IDC
2024-12-19,Asia,Other,21083,Estimasi berbasis shipment Xiaomi 2024 dan struktur wilayah IDC
2024-12-19,Europe,Other,8724,Estimasi berbasis shipment Xiaomi 2024 dan struktur wilayah IDC
2024-12-19,Latin America,Other,3635,Estimasi berbasis shipment Xiaomi 2024 dan struktur wilayah IDC
2024-12-19,Middle East & Africa,Other,2908,Estimasi berbasis shipment Xiaomi 2024 dan struktur wilayah IDC
2024-12-20,Asia,Redmi,203399,Estimasi berbasis shipment Xiaomi 2024 dan struktur wilayah IDC
2024-12-20,Europe,Redmi,84165,Estimasi berbasis shipment Xiaomi 2024 dan struktur wilayah IDC
2024-12-20,Latin America,Redmi,35069,Estimasi berbasis shipment Xiaomi 2024 dan struktur wilayah IDC
2024-12-20,Middle East & Africa,Redmi,28055,Estimasi berbasis shipment Xiaomi 2024 dan struktur wilayah IDC
2024-12-20,Asia,Xiaomi Flagship,23986,Estimasi berbasis shipment Xiaomi 2024 dan struktur wilayah IDC
2024-12-20,Europe,Xiaomi Flagship,9925,Estimasi berbasis shipment Xiaomi 2024 dan struktur wilayah IDC
2024-12-20,Latin America,Xiaomi Flagship,4135,Estimasi berbasis shipment Xiaomi 2024 dan struktur wilayah IDC
2024-12-20,Middle East & Africa,Xiaomi Flagship,3308,Estimasi berbasis shipment Xiaomi 2024 dan struktur wilayah IDC
2024-12-20,Asia,POCO,34220,Estimasi berbasis shipment Xiaomi 2024 dan struktur wilayah IDC
2024-12-20,Europe,POCO,14160,Estimasi berbasis shipment Xiaomi 2024 dan struktur wilayah IDC
2024-12-20,Latin America,POCO,5900,Estimasi berbasis shipment Xiaomi 2024 dan struktur wilayah IDC
2024-12-20,Middle East & Africa,POCO,4720,Estimasi berbasis shipment Xiaomi 2024 dan struktur wilayah IDC
2024-12-20,Asia,Black Shark,5437,Estimasi berbasis shipment Xiaomi 2024 dan struktur wilayah IDC
2024-12-20,Europe,Black Shark,2250,Estimasi berbasis shipment Xiaomi 2024 dan struktur wilayah IDC
2024-12-20,Latin America,Black Shark,937,Estimasi berbasis shipment Xiaomi 2024 dan struktur wilayah IDC
2024-12-20,Middle East & Africa,Black Shark,750,Estimasi berbasis shipment Xiaomi 2024 dan struktur wilayah IDC
2024-12-20,Asia,Other,20788,Estimasi berbasis shipment Xiaomi 2024 dan struktur wilayah IDC
2024-12-20,Europe,Other,8602,Estimasi berbasis shipment Xiaomi 2024 dan struktur wilayah IDC
2024-12-20,Latin America,Other,3584,Estimasi berbasis shipment Xiaomi 2024 dan struktur wilayah IDC
2024-12-20,Middle East & Africa,Other,2867,Estimasi berbasis shipment Xiaomi 2024 dan struktur wilayah IDC
2024-12-21,Asia,Redmi,183312,Estimasi berbasis shipment Xiaomi 2024 dan struktur wilayah IDC
2024-12-21,Europe,Redmi,75853,Estimasi berbasis shipment Xiaomi 2024 dan struktur wilayah IDC
2024-12-21,Latin America,Redmi,31606,Estimasi berbasis shipment Xiaomi 2024 dan struktur wilayah IDC
2024-12-21,Middle East & Africa,Redmi,25284,Estimasi berbasis shipment Xiaomi 2024 dan struktur wilayah IDC
2024-12-21,Asia,Xiaomi Flagship,21617,Estimasi berbasis shipment Xiaomi 2024 dan struktur wilayah IDC
2024-12-21,Europe,Xiaomi Flagship,8945,Estimasi berbasis shipment Xiaomi 2024 dan struktur wilayah IDC
2024-12-21,Latin America,Xiaomi Flagship,3727,Estimasi berbasis shipment Xiaomi 2024 dan struktur wilayah IDC
2024-12-21,Middle East & Africa,Xiaomi Flagship,2982,Estimasi berbasis shipment Xiaomi 2024 dan struktur wilayah IDC
2024-12-21,Asia,POCO,30840,Estimasi berbasis shipment Xiaomi 2024 dan struktur wilayah IDC
2024-12-21,Europe,POCO,12762,Estimasi berbasis shipment Xiaomi 2024 dan struktur wilayah IDC
2024-12-21,Latin America,POCO,5317,Estimasi berbasis shipment Xiaomi 2024 dan struktur wilayah IDC
2024-12-21,Middle East & Africa,POCO,4254,Estimasi berbasis shipment Xiaomi 2024 dan struktur wilayah IDC
2024-12-21,Asia,Black Shark,4900,Estimasi berbasis shipment Xiaomi 2024 dan struktur wilayah IDC
2024-12-21,Europe,Black Shark,2028,Estimasi berbasis shipment Xiaomi 2024 dan struktur wilayah IDC
2024-12-21,Latin America,Black Shark,845,Estimasi berbasis shipment Xiaomi 2024 dan struktur wilayah IDC
2024-12-21,Middle East & Africa,Black Shark,676,Estimasi berbasis shipment Xiaomi 2024 dan struktur wilayah IDC
2024-12-21,Asia,Other,18735,Estimasi berbasis shipment Xiaomi 2024 dan struktur wilayah IDC
2024-12-21,Europe,Other,7752,Estimasi berbasis shipment Xiaomi 2024 dan struktur wilayah IDC
2024-12-21,Latin America,Other,3230,Estimasi berbasis shipment Xiaomi 2024 dan struktur wilayah IDC
2024-12-21,Middle East & Africa,Other,2584,Estimasi berbasis shipment Xiaomi 2024 dan struktur wilayah IDC
2024-12-22,Asia,Redmi,204007,Estimasi berbasis shipment Xiaomi 2024 dan struktur wilayah IDC
2024-12-22,Europe,Redmi,84417,Estimasi berbasis shipment Xiaomi 2024 dan struktur wilayah IDC
2024-12-22,Latin America,Redmi,35174,Estimasi berbasis shipment Xiaomi 2024 dan struktur wilayah IDC
2024-12-22,Middle East & Africa,Redmi,28139,Estimasi berbasis shipment Xiaomi 2024 dan struktur wilayah IDC
2024-12-22,Asia,Xiaomi Flagship,24057,Estimasi berbasis shipment Xiaomi 2024 dan struktur wilayah IDC
2024-12-22,Europe,Xiaomi Flagship,9955,Estimasi berbasis shipment Xiaomi 2024 dan struktur wilayah IDC
2024-12-22,Latin America,Xiaomi Flagship,4148,Estimasi berbasis shipment Xiaomi 2024 dan struktur wilayah IDC
2024-12-22,Middle East & Africa,Xiaomi Flagship,3318,Estimasi berbasis shipment Xiaomi 2024 dan struktur wilayah IDC
2024-12-22,Asia,POCO,34322,Estimasi berbasis shipment Xiaomi 2024 dan struktur wilayah IDC
2024-12-22,Europe,POCO,14202,Estimasi berbasis shipment Xiaomi 2024 dan struktur wilayah IDC
2024-12-22,Latin America,POCO,5918,Estimasi berbasis shipment Xiaomi 2024 dan struktur wilayah IDC
2024-12-22,Middle East & Africa,POCO,4734,Estimasi berbasis shipment Xiaomi 2024 dan struktur wilayah IDC
2024-12-22,Asia,Black Shark,5453,Estimasi berbasis shipment Xiaomi 2024 dan struktur wilayah IDC
2024-12-22,Europe,Black Shark,2256,Estimasi berbasis shipment Xiaomi 2024 dan struktur wilayah IDC
2024-12-22,Latin America,Black Shark,940,Estimasi berbasis shipment Xiaomi 2024 dan struktur wilayah IDC
2024-12-22,Middle East & Africa,Black Shark,752,Estimasi berbasis shipment Xiaomi 2024 dan struktur wilayah IDC
2024-12-22,Asia,Other,20850,Estimasi berbasis shipment Xiaomi 2024 dan struktur wilayah IDC
2024-12-22,Europe,Other,8627,Estimasi berbasis shipment Xiaomi 2024 dan struktur wilayah IDC
2024-12-22,Latin America,Other,3595,Estimasi berbasis shipment Xiaomi 2024 dan struktur wilayah IDC
2024-12-22,Middle East & Africa,Other,2876,Estimasi berbasis shipment Xiaomi 2024 dan struktur wilayah IDC
2024-12-23,Asia,Redmi,202478,Estimasi berbasis shipment Xiaomi 2024 dan struktur wilayah IDC
2024-12-23,Europe,Redmi,83784,Estimasi berbasis shipment Xiaomi 2024 dan struktur wilayah IDC
2024-12-23,Latin America,Redmi,34910,Estimasi berbasis shipment Xiaomi 2024 dan struktur wilayah IDC
2024-12-23,Middle East & Africa,Redmi,27928,Estimasi berbasis shipment Xiaomi 2024 dan struktur wilayah IDC
2024-12-23,Asia,Xiaomi Flagship,23877,Estimasi berbasis shipment Xiaomi 2024 dan struktur wilayah IDC
2024-12-23,Europe,Xiaomi Flagship,9880,Estimasi berbasis shipment Xiaomi 2024 dan struktur wilayah IDC
2024-12-23,Latin America,Xiaomi Flagship,4117,Estimasi berbasis shipment Xiaomi 2024 dan struktur wilayah IDC
2024-12-23,Middle East & Africa,Xiaomi Flagship,3293,Estimasi berbasis shipment Xiaomi 2024 dan struktur wilayah IDC
2024-12-23,Asia,POCO,34065,Estimasi berbasis shipment Xiaomi 2024 dan struktur wilayah IDC
2024-12-23,Europe,POCO,14096,Estimasi berbasis shipment Xiaomi 2024 dan struktur wilayah IDC
2024-12-23,Latin America,POCO,5873,Estimasi berbasis shipment Xiaomi 2024 dan struktur wilayah IDC
2024-12-23,Middle East & Africa,POCO,4699,Estimasi berbasis shipment Xiaomi 2024 dan struktur wilayah IDC
2024-12-23,Asia,Black Shark,5412,Estimasi berbasis shipment Xiaomi 2024 dan struktur wilayah IDC
2024-12-23,Europe,Black Shark,2240,Estimasi berbasis shipment Xiaomi 2024 dan struktur wilayah IDC
2024-12-23,Latin America,Black Shark,933,Estimasi berbasis shipment Xiaomi 2024 dan struktur wilayah IDC
2024-12-23,Middle East & Africa,Black Shark,747,Estimasi berbasis shipment Xiaomi 2024 dan struktur wilayah IDC
2024-12-23,Asia,Other,20693,Estimasi berbasis shipment Xiaomi 2024 dan struktur wilayah IDC
2024-12-23,Europe,Other,8563,Estimasi berbasis shipment Xiaomi 2024 dan struktur wilayah IDC
2024-12-23,Latin America,Other,3568,Estimasi berbasis shipment Xiaomi 2024 dan struktur wilayah IDC
2024-12-23,Middle East & Africa,Other,2854,Estimasi berbasis shipment Xiaomi 2024 dan struktur wilayah IDC
2024-12-24,Asia,Redmi,203929,Estimasi berbasis shipment Xiaomi 2024 dan struktur wilayah IDC
2024-12-24,Europe,Redmi,84384,Estimasi berbasis shipment Xiaomi 2024 dan struktur wilayah IDC
2024-12-24,Latin America,Redmi,35160,Estimasi berbasis shipment Xiaomi 2024 dan struktur wilayah IDC
2024-12-24,Middle East & Africa,Redmi,28128,Estimasi berbasis shipment Xiaomi 2024 dan struktur wilayah IDC
2024-12-24,Asia,Xiaomi Flagship,24048,Estimasi berbasis shipment Xiaomi 2024 dan struktur wilayah IDC
2024-12-24,Europe,Xiaomi Flagship,9951,Estimasi berbasis shipment Xiaomi 2024 dan struktur wilayah IDC
2024-12-24,Latin America,Xiaomi Flagship,4146,Estimasi berbasis shipment Xiaomi 2024 dan struktur wilayah IDC
2024-12-24,Middle East & Africa,Xiaomi Flagship,3317,Estimasi berbasis shipment Xiaomi 2024 dan struktur wilayah IDC
2024-12-24,Asia,POCO,34309,Estimasi berbasis shipment Xiaomi 2024 dan struktur wilayah IDC
2024-12-24,Europe,POCO,14197,Estimasi berbasis shipment Xiaomi 2024 dan struktur wilayah IDC
2024-12-24,Latin America,POCO,5915,Estimasi berbasis shipment Xiaomi 2024 dan struktur wilayah IDC
2024-12-24,Middle East & Africa,POCO,4732,Estimasi berbasis shipment Xiaomi 2024 dan struktur wilayah IDC
2024-12-24,Asia,Black Shark,5451,Estimasi berbasis shipment Xiaomi 2024 dan struktur wilayah IDC
2024-12-24,Europe,Black Shark,2256,Estimasi berbasis shipment Xiaomi 2024 dan struktur wilayah IDC
2024-12-24,Latin America,Black Shark,940,Estimasi berbasis shipment Xiaomi 2024 dan struktur wilayah IDC
2024-12-24,Middle East & Africa,Black Shark,752,Estimasi berbasis shipment Xiaomi 2024 dan struktur wilayah IDC
2024-12-24,Asia,Other,20842,Estimasi berbasis shipment Xiaomi 2024 dan struktur wilayah IDC
2024-12-24,Europe,Other,8624,Estimasi berbasis shipment Xiaomi 2024 dan struktur wilayah IDC
2024-12-24,Latin America,Other,3593,Estimasi berbasis shipment Xiaomi 2024 dan struktur wilayah IDC
2024-12-24,Middle East & Africa,Other,2875,Estimasi berbasis shipment Xiaomi 2024 dan struktur wilayah IDC
2024-12-25,Asia,Redmi,204374,Estimasi berbasis shipment Xiaomi 2024 dan struktur wilayah IDC
2024-12-25,Europe,Redmi,84569,Estimasi berbasis shipment Xiaomi 2024 dan struktur wilayah IDC
2024-12-25,Latin America,Redmi,35237,Estimasi berbasis shipment Xiaomi 2024 dan struktur wilayah IDC
2024-12-25,Middle East & Africa,Redmi,28190,Estimasi berbasis shipment Xiaomi 2024 dan struktur wilayah IDC
2024-12-25,Asia,Xiaomi Flagship,24101,Estimasi berbasis shipment Xiaomi 2024 dan struktur wilayah IDC
2024-12-25,Europe,Xiaomi Flagship,9973,Estimasi berbasis shipment Xiaomi 2024 dan struktur wilayah IDC
2024-12-25,Latin America,Xiaomi Flagship,4155,Estimasi berbasis shipment Xiaomi 2024 dan struktur wilayah IDC
2024-12-25,Middle East & Africa,Xiaomi Flagship,3324,Estimasi berbasis shipment Xiaomi 2024 dan struktur wilayah IDC
2024-12-25,Asia,POCO,34384,Estimasi berbasis shipment Xiaomi 2024 dan struktur wilayah IDC
2024-12-25,Europe,POCO,14228,Estimasi berbasis shipment Xiaomi 2024 dan struktur wilayah IDC
2024-12-25,Latin America,POCO,5928,Estimasi berbasis shipment Xiaomi 2024 dan struktur wilayah IDC
2024-12-25,Middle East & Africa,POCO,4743,Estimasi berbasis shipment Xiaomi 2024 dan struktur wilayah IDC
2024-12-25,Asia,Black Shark,5463,Estimasi berbasis shipment Xiaomi 2024 dan struktur wilayah IDC
2024-12-25,Europe,Black Shark,2260,Estimasi berbasis shipment Xiaomi 2024 dan struktur wilayah IDC
2024-12-25,Latin America,Black Shark,942,Estimasi berbasis shipment Xiaomi 2024 dan struktur wilayah IDC
2024-12-25,Middle East & Africa,Black Shark,753,Estimasi berbasis shipment Xiaomi 2024 dan struktur wilayah IDC
2024-12-25,Asia,Other,20887,Estimasi berbasis shipment Xiaomi 2024 dan struktur wilayah IDC
2024-12-25,Europe,Other,8643,Estimasi berbasis shipment Xiaomi 2024 dan struktur wilayah IDC
2024-12-25,Latin America,Other,3601,Estimasi berbasis shipment Xiaomi 2024 dan struktur wilayah IDC
2024-12-25,Middle East & Africa,Other,2881,Estimasi berbasis shipment Xiaomi 2024 dan struktur wilayah IDC
2024-12-26,Asia,Redmi,188421,Estimasi berbasis shipment Xiaomi 2024 dan struktur wilayah IDC
2024-12-26,Europe,Redmi,77967,Estimasi berbasis shipment Xiaomi 2024 dan struktur wilayah IDC
2024-12-26,Latin America,Redmi,32486,Estimasi berbasis shipment Xiaomi 2024 dan struktur wilayah IDC
2024-12-26,Middle East & Africa,Redmi,25989,Estimasi berbasis shipment Xiaomi 2024 dan struktur wilayah IDC
2024-12-26,Asia,Xiaomi Flagship,22219,Estimasi berbasis shipment Xiaomi 2024 dan struktur wilayah IDC
2024-12-26,Europe,Xiaomi Flagship,9194,Estimasi berbasis shipment Xiaomi 2024 dan struktur wilayah IDC
2024-12-26,Latin America,Xiaomi Flagship,3831,Estimasi berbasis shipment Xiaomi 2024 dan struktur wilayah IDC
2024-12-26,Middle East & Africa,Xiaomi Flagship,3065,Estimasi berbasis shipment Xiaomi 2024 dan struktur wilayah IDC
2024-12-26,Asia,POCO,31700,Estimasi berbasis shipment Xiaomi 2024 dan struktur wilayah IDC
2024-12-26,Europe,POCO,13117,Estimasi berbasis shipment Xiaomi 2024 dan struktur wilayah IDC
2024-12-26,Latin America,POCO,5465,Estimasi berbasis shipment Xiaomi 2024 dan struktur wilayah IDC
2024-12-26,Middle East & Africa,POCO,4372,Estimasi berbasis shipment Xiaomi 2024 dan struktur wilayah IDC
2024-12-26,Asia,Black Shark,5036,Estimasi berbasis shipment Xiaomi 2024 dan struktur wilayah IDC
2024-12-26,Europe,Black Shark,2084,Estimasi berbasis shipment Xiaomi 2024 dan struktur wilayah IDC
2024-12-26,Latin America,Black Shark,868,Estimasi berbasis shipment Xiaomi 2024 dan struktur wilayah IDC
2024-12-26,Middle East & Africa,Black Shark,695,Estimasi berbasis shipment Xiaomi 2024 dan struktur wilayah IDC
2024-12-26,Asia,Other,19257,Estimasi berbasis shipment Xiaomi 2024 dan struktur wilayah IDC
2024-12-26,Europe,Other,7968,Estimasi berbasis shipment Xiaomi 2024 dan struktur wilayah IDC
2024-12-26,Latin America,Other,3320,Estimasi berbasis shipment Xiaomi 2024 dan struktur wilayah IDC
2024-12-26,Middle East & Africa,Other,2656,Estimasi berbasis shipment Xiaomi 2024 dan struktur wilayah IDC
2024-12-27,Asia,Redmi,185338,Estimasi berbasis shipment Xiaomi 2024 dan struktur wilayah IDC
2024-12-27,Europe,Redmi,76692,Estimasi berbasis shipment Xiaomi 2024 dan struktur wilayah IDC
2024-12-27,Latin America,Redmi,31955,Estimasi berbasis shipment Xiaomi 2024 dan struktur wilayah IDC
2024-12-27,Middle East & Africa,Redmi,25564,Estimasi berbasis shipment Xiaomi 2024 dan struktur wilayah IDC
2024-12-27,Asia,Xiaomi Flagship,21856,Estimasi berbasis shipment Xiaomi 2024 dan struktur wilayah IDC
2024-12-27,Europe,Xiaomi Flagship,9044,Estimasi berbasis shipment Xiaomi 2024 dan struktur wilayah IDC
2024-12-27,Latin America,Xiaomi Flagship,3768,Estimasi berbasis shipment Xiaomi 2024 dan struktur wilayah IDC
2024-12-27,Middle East & Africa,Xiaomi Flagship,3015,Estimasi berbasis shipment Xiaomi 2024 dan struktur wilayah IDC
2024-12-27,Asia,POCO,31181,Estimasi berbasis shipment Xiaomi 2024 dan struktur wilayah IDC
2024-12-27,Europe,POCO,12903,Estimasi berbasis shipment Xiaomi 2024 dan struktur wilayah IDC
2024-12-27,Latin America,POCO,5376,Estimasi berbasis shipment Xiaomi 2024 dan struktur wilayah IDC
2024-12-27,Middle East & Africa,POCO,4301,Estimasi berbasis shipment Xiaomi 2024 dan struktur wilayah IDC
2024-12-27,Asia,Black Shark,4954,Estimasi berbasis shipment Xiaomi 2024 dan struktur wilayah IDC
2024-12-27,Europe,Black Shark,2050,Estimasi berbasis shipment Xiaomi 2024 dan struktur wilayah IDC
2024-12-27,Latin America,Black Shark,854,Estimasi berbasis shipment Xiaomi 2024 dan struktur wilayah IDC
2024-12-27,Middle East & Africa,Black Shark,683,Estimasi berbasis shipment Xiaomi 2024 dan struktur wilayah IDC
2024-12-27,Asia,Other,18942,Estimasi berbasis shipment Xiaomi 2024 dan struktur wilayah IDC
2024-12-27,Europe,Other,7838,Estimasi berbasis shipment Xiaomi 2024 dan struktur wilayah IDC
2024-12-27,Latin America,Other,3266,Estimasi berbasis shipment Xiaomi 2024 dan struktur wilayah IDC
2024-12-27,Middle East & Africa,Other,2613,Estimasi berbasis shipment Xiaomi 2024 dan struktur wilayah IDC
2024-12-28,Asia,Redmi,207007,Estimasi berbasis shipment Xiaomi 2024 dan struktur wilayah IDC
2024-12-28,Europe,Redmi,85658,Estimasi berbasis shipment Xiaomi 2024 dan struktur wilayah IDC
2024-12-28,Latin America,Redmi,35691,Estimasi berbasis shipment Xiaomi 2024 dan struktur wilayah IDC
2024-12-28,Middle East & Africa,Redmi,28553,Estimasi berbasis shipment Xiaomi 2024 dan struktur wilayah IDC
2024-12-28,Asia,Xiaomi Flagship,24411,Estimasi berbasis shipment Xiaomi 2024 dan struktur wilayah IDC
2024-12-28,Europe,Xiaomi Flagship,10101,Estimasi berbasis shipment Xiaomi 2024 dan struktur wilayah IDC
2024-12-28,Latin America,Xiaomi Flagship,4209,Estimasi berbasis shipment Xiaomi 2024 dan struktur wilayah IDC
2024-12-28,Middle East & Africa,Xiaomi Flagship,3367,Estimasi berbasis shipment Xiaomi 2024 dan struktur wilayah IDC
2024-12-28,Asia,POCO,34827,Estimasi berbasis shipment Xiaomi 2024 dan struktur wilayah IDC
2024-12-28,Europe,POCO,14411,Estimasi berbasis shipment Xiaomi 2024 dan struktur wilayah IDC
2024-12-28,Latin America,POCO,6005,Estimasi berbasis shipment Xiaomi 2024 dan struktur wilayah IDC
2024-12-28,Middle East & Africa,POCO,4804,Estimasi berbasis shipment Xiaomi 2024 dan struktur wilayah IDC
2024-12-28,Asia,Black Shark,5533,Estimasi berbasis shipment Xiaomi 2024 dan struktur wilayah IDC
2024-12-28,Europe,Black Shark,2290,Estimasi berbasis shipment Xiaomi 2024 dan struktur wilayah IDC
2024-12-28,Latin America,Black Shark,954,Estimasi berbasis shipment Xiaomi 2024 dan struktur wilayah IDC
2024-12-28,Middle East & Africa,Black Shark,763,Estimasi berbasis shipment Xiaomi 2024 dan struktur wilayah IDC
2024-12-28,Asia,Other,21156,Estimasi berbasis shipment Xiaomi 2024 dan struktur wilayah IDC
2024-12-28,Europe,Other,8754,Estimasi berbasis shipment Xiaomi 2024 dan struktur wilayah IDC
2024-12-28,Latin America,Other,3648,Estimasi berbasis shipment Xiaomi 2024 dan struktur wilayah IDC
2024-12-28,Middle East & Africa,Other,2918,Estimasi berbasis shipment Xiaomi 2024 dan struktur wilayah IDC
2024-12-29,Asia,Redmi,175423,Estimasi berbasis shipment Xiaomi 2024 dan struktur wilayah IDC
2024-12-29,Europe,Redmi,72589,Estimasi berbasis shipment Xiaomi 2024 dan struktur wilayah IDC
2024-12-29,Latin America,Redmi,30245,Estimasi berbasis shipment Xiaomi 2024 dan struktur wilayah IDC
2024-12-29,Middle East & Africa,Redmi,24196,Estimasi berbasis shipment Xiaomi 2024 dan struktur wilayah IDC
2024-12-29,Asia,Xiaomi Flagship,20687,Estimasi berbasis shipment Xiaomi 2024 dan struktur wilayah IDC
2024-12-29,Europe,Xiaomi Flagship,8560,Estimasi berbasis shipment Xiaomi 2024 dan struktur wilayah IDC
2024-12-29,Latin America,Xiaomi Flagship,3567,Estimasi berbasis shipment Xiaomi 2024 dan struktur wilayah IDC
2024-12-29,Middle East & Africa,Xiaomi Flagship,2853,Estimasi berbasis shipment Xiaomi 2024 dan struktur wilayah IDC
2024-12-29,Asia,POCO,29513,Estimasi berbasis shipment Xiaomi 2024 dan struktur wilayah IDC
2024-12-29,Europe,POCO,12212,Estimasi berbasis shipment Xiaomi 2024 dan struktur wilayah IDC
2024-12-29,Latin America,POCO,5088,Estimasi berbasis shipment Xiaomi 2024 dan struktur wilayah IDC
2024-12-29,Middle East & Africa,POCO,4071,Estimasi berbasis shipment Xiaomi 2024 dan struktur wilayah IDC
2024-12-29,Asia,Black Shark,4689,Estimasi berbasis shipment Xiaomi 2024 dan struktur wilayah IDC
2024-12-29,Europe,Black Shark,1940,Estimasi berbasis shipment Xiaomi 2024 dan struktur wilayah IDC
2024-12-29,Latin America,Black Shark,808,Estimasi berbasis shipment Xiaomi 2024 dan struktur wilayah IDC
2024-12-29,Middle East & Africa,Black Shark,647,Estimasi berbasis shipment Xiaomi 2024 dan struktur wilayah IDC
2024-12-29,Asia,Other,17928,Estimasi berbasis shipment Xiaomi 2024 dan struktur wilayah IDC
2024-12-29,Europe,Other,7419,Estimasi berbasis shipment Xiaomi 2024 dan struktur wilayah IDC
2024-12-29,Latin America,Other,3091,Estimasi berbasis shipment Xiaomi 2024 dan struktur wilayah IDC
2024-12-29,Middle East & Africa,Other,2473,Estimasi berbasis shipment Xiaomi 2024 dan struktur wilayah IDC
2024-12-30,Asia,Redmi,192733,Estimasi berbasis shipment Xiaomi 2024 dan struktur wilayah IDC
2024-12-30,Europe,Redmi,79751,Estimasi berbasis shipment Xiaomi 2024 dan struktur wilayah IDC
2024-12-30,Latin America,Redmi,33230,Estimasi berbasis shipment Xiaomi 2024 dan struktur wilayah IDC
2024-12-30,Middle East & Africa,Redmi,26584,Estimasi berbasis shipment Xiaomi 2024 dan struktur wilayah IDC
2024-12-30,Asia,Xiaomi Flagship,22728,Estimasi berbasis shipment Xiaomi 2024 dan struktur wilayah IDC
2024-12-30,Europe,Xiaomi Flagship,9405,Estimasi berbasis shipment Xiaomi 2024 dan struktur wilayah IDC
2024-12-30,Latin America,Xiaomi Flagship,3919,Estimasi berbasis shipment Xiaomi 2024 dan struktur wilayah IDC
2024-12-30,Middle East & Africa,Xiaomi Flagship,3135,Estimasi berbasis shipment Xiaomi 2024 dan struktur wilayah IDC
2024-12-30,Asia,POCO,32425,Estimasi berbasis shipment Xiaomi 2024 dan struktur wilayah IDC
2024-12-30,Europe,POCO,13417,Estimasi berbasis shipment Xiaomi 2024 dan struktur wilayah IDC
2024-12-30,Latin America,POCO,5591,Estimasi berbasis shipment Xiaomi 2024 dan struktur wilayah IDC
2024-12-30,Middle East & Africa,POCO,4472,Estimasi berbasis shipment Xiaomi 2024 dan struktur wilayah IDC
2024-12-30,Asia,Black Shark,5152,Estimasi berbasis shipment Xiaomi 2024 dan struktur wilayah IDC
2024-12-30,Europe,Black Shark,2132,Estimasi berbasis shipment Xiaomi 2024 dan struktur wilayah IDC
2024-12-30,Latin America,Black Shark,888,Estimasi berbasis shipment Xiaomi 2024 dan struktur wilayah IDC
2024-12-30,Middle East & Africa,Black Shark,711,Estimasi berbasis shipment Xiaomi 2024 dan struktur wilayah IDC
2024-12-30,Asia,Other,19698,Estimasi berbasis shipment Xiaomi 2024 dan struktur wilayah IDC
2024-12-30,Europe,Other,8151,Estimasi berbasis shipment Xiaomi 2024 dan struktur wilayah IDC
2024-12-30,Latin America,Other,3396,Estimasi berbasis shipment Xiaomi 2024 dan struktur wilayah IDC
2024-12-30,Middle East & Africa,Other,2717,Estimasi berbasis shipment Xiaomi 2024 dan struktur wilayah IDC
